itm,v1,likely_electorate_likely_electorate,gender_men,gender_women,age_18_29,age_30_44,age_45_64,age_65,race_ethnicity_white,race_ethnicity_black,race_ethnicity_oth,education_b_a,education_no_b_a,region_allegh,region_central,region_northeast_lehigh_valley,region_phil,region_phil_suburbs,region_south_central,region_west,x2024_vote_head_to_head_harris,x2024_vote_head_to_head_trump,x2024_vote_head_to_head_oth,party_id_dem,party_id_rep,party_id_ind,party_reg_dem,party_reg_rep,party_reg_oth,x2020_vote_biden,x2020_vote_trump
"Thinking ahead to the presidential general election, are you almost certain that you will vote, very likely to vote, somewhat likely to vote, not very likely to vote or not at all likely to vote?",Almost certain,73%,75%,71%,65%,67%,75%,78%,76%,71%,54%,79%,70%,79%,73%,79%,64%,72%,68%,74%,72%,75%,60%,71%,75%,74%,71%,76%,69%,72%,79%
"Thinking ahead to the presidential general election, are you almost certain that you will vote, very likely to vote, somewhat likely to vote, not very likely to vote or not at all likely to vote?",Very likely,22%,19%,24%,29%,25%,21%,15%,19%,20%,39%,18%,23%,14%,24%,19%,28%,20%,25%,23%,23%,19%,32%,23%,22%,19%,22%,21%,24%,23%,18%
"Thinking ahead to the presidential general election, are you almost certain that you will vote, very likely to vote, somewhat likely to vote, not very likely to vote or not at all likely to vote?",Somewhat likely,3%,3%,3%,3%,5%,3%,2%,2%,7%,6%,1%,4%,4%,2%,1%,4%,3%,6%,3%,3%,3%,2%,3%,2%,4%,4%,2%,4%,3%,1%
"Thinking ahead to the presidential general election, are you almost certain that you will vote, very likely to vote, somewhat likely to vote, not very likely to vote or not at all likely to vote?",Not very likely,<.5%,<.5%,<.5%,<1%,1%,<.5%,0%,<.5%,0%,<.5%,<.5%,<.5%,0%,0%,<1%,<.5%,<.5%,<1%,<1%,<.5%,<.5%,2%,0%,<.5%,<1%,<.5%,<.5%,<1%,<.5%,<.5%
"Thinking ahead to the presidential general election, are you almost certain that you will vote, very likely to vote, somewhat likely to vote, not very likely to vote or not at all likely to vote?",Not at all likely,<.5%,<.5%,<.5%,<1%,<.5%,<.5%,<.5%,<.5%,<1%,<1%,0%,<.5%,<1%,0%,<.5%,<1%,<.5%,<.5%,<.5%,<.5%,<.5%,4%,<.5%,<.5%,<.5%,<.5%,<.5%,<.5%,<.5%,<.5%
"Thinking ahead to the presidential general election, are you almost certain that you will vote, very likely to vote, somewhat likely to vote, not very likely to vote or not at all likely to vote?",[VOL] Already voted,1%,2%,1%,2%,<1%,<.5%,3%,2%,1%,<1%,2%,1%,2%,<1%,0%,2%,4%,0%,0%,2%,1%,0%,2%,1%,1%,2%,1%,<1%,2%,1%
"Thinking ahead to the presidential general election, are you almost certain that you will vote, very likely to vote, somewhat likely to vote, not very likely to vote or not at all likely to vote?",[VOL] Don't know/Refused,<.5%,<1%,<.5%,0%,<.5%,<.5%,<1%,<.5%,<.5%,0%,<.5%,<.5%,0%,<.5%,0%,1%,<.5%,<1%,0%,<.5%,<1%,0%,<1%,<.5%,<.5%,<1%,<.5%,<1%,<.5%,<1%
"(Combined presidential ballot, includes leaners to major-party candidates) If the 2024 presidential election were held today, who would you vote for if the candidates were:","Kamala [COMMA-luh] Harris, the Democrat",50%,42%,58%,51%,54%,48%,52%,47%,81%,54%,59%,45%,67%,33%,46%,77%,53%,47%,39%,100%,0%,0%,94%,7%,47%,87%,12%,53%,92%,6%
"(Combined presidential ballot, includes leaners to major-party candidates) If the 2024 presidential election were held today, who would you vote for if the candidates were:","Donald Trump, the Republican",47%,55%,40%,46%,41%,51%,46%,50%,16%,41%,38%,52%,31%,66%,51%,20%,43%,50%,56%,0%,100%,0%,5%,92%,48%,10%,86%,40%,7%,93%
"(Combined presidential ballot, includes leaners to major-party candidates) If the 2024 presidential election were held today, who would you vote for if the candidates were:",[VOL] Don't know/Refused,3%,3%,3%,3%,5%,2%,2%,2%,3%,5%,3%,3%,2%,1%,3%,3%,3%,3%,5%,0%,0%,100%,1%,1%,4%,2%,2%,7%,<1%,1%
"(Combined presidential ballot, includes leaners to major-party candidates) If the 2024 presidential election were held today, who would you vote for if the candidates were:",MARGIN Harris +4 Calculated using candidates’ unrounded vote shares,MARGIN Harris +4 Calculated using candidates’ unrounded vote shares,MARGIN Harris +4 Calculated using candidates’ unrounded vote shares,MARGIN Harris +4 Calculated using candidates’ unrounded vote shares,MARGIN Harris +4 Calculated using candidates’ unrounded vote shares,MARGIN Harris +4 Calculated using candidates’ unrounded vote shares,MARGIN Harris +4 Calculated using candidates’ unrounded vote shares,MARGIN Harris +4 Calculated using candidates’ unrounded vote shares,MARGIN Harris +4 Calculated using candidates’ unrounded vote shares,MARGIN Harris +4 Calculated using candidates’ unrounded vote shares,MARGIN Harris +4 Calculated using candidates’ unrounded vote shares,MARGIN Harris +4 Calculated using candidates’ unrounded vote shares,MARGIN Harris +4 Calculated using candidates’ unrounded vote shares,MARGIN Harris +4 Calculated using candidates’ unrounded vote shares,MARGIN Harris +4 Calculated using candidates’ unrounded vote shares,MARGIN Harris +4 Calculated using candidates’ unrounded vote shares,MARGIN Harris +4 Calculated using candidates’ unrounded vote shares,MARGIN Harris +4 Calculated using candidates’ unrounded vote shares,MARGIN Harris +4 Calculated using candidates’ unrounded vote shares,MARGIN Harris +4 Calculated using candidates’ unrounded vote shares,MARGIN Harris +4 Calculated using candidates’ unrounded vote shares,MARGIN Harris +4 Calculated using candidates’ unrounded vote shares,MARGIN Harris +4 Calculated using candidates’ unrounded vote shares,MARGIN Harris +4 Calculated using candidates’ unrounded vote shares,MARGIN Harris +4 Calculated using candidates’ unrounded vote shares,MARGIN Harris +4 Calculated using candidates’ unrounded vote shares,MARGIN Harris +4 Calculated using candidates’ unrounded vote shares,MARGIN Harris +4 Calculated using candidates’ unrounded vote shares,MARGIN Harris +4 Calculated using candidates’ unrounded vote shares,MARGIN Harris +4 Calculated using candidates’ unrounded vote shares,MARGIN Harris +4 Calculated using candidates’ unrounded vote shares
"(Combined presidential ballot, includes leaners to third-party candidates) If the 2024 presidential election were held today, who would you vote for if the candidates were:","Kamala [COMMA-luh] Harris, the Democrat",49%,41%,57%,49%,52%,47%,51%,46%,79%,52%,57%,45%,66%,32%,46%,74%,52%,44%,39%,98%,0%,0%,93%,7%,45%,86%,11%,50%,91%,5%
"(Combined presidential ballot, includes leaners to third-party candidates) If the 2024 presidential election were held today, who would you vote for if the candidates were:","Donald Trump, the Republican",45%,52%,39%,45%,37%,49%,45%,49%,16%,40%,37%,50%,30%,65%,51%,20%,43%,43%,55%,0%,97%,0%,5%,91%,44%,10%,84%,39%,7%,91%
"(Combined presidential ballot, includes leaners to third-party candidates) If the 2024 presidential election were held today, who would you vote for if the candidates were:","[VOL] Robert F. Kennedy Jr., the third-party candidate",<.5%,0%,<.5%,0%,0%,<.5%,0%,<.5%,0%,0%,0%,<.5%,0%,0%,0%,0%,0%,<1%,0%,<.5%,0%,0%,0%,0%,<.5%,0%,0%,<1%,0%,0%
"(Combined presidential ballot, includes leaners to third-party candidates) If the 2024 presidential election were held today, who would you vote for if the candidates were:","Jill Stein [stine], the Green Party candidate",1%,2%,<1%,<1%,3%,<1%,<.5%,<1%,2%,2%,2%,<1%,2%,<1%,<1%,3%,<.5%,3%,0%,1%,1%,6%,<.5%,<.5%,3%,1%,<.5%,4%,<1%,<1%
"(Combined presidential ballot, includes leaners to third-party candidates) If the 2024 presidential election were held today, who would you vote for if the candidates were:","[VOL] Cornel West, the third-party candidate",0%,0%,0%,0%,0%,0%,0%,0%,0%,0%,0%,0%,0%,0%,0%,0%,0%,0%,0%,0%,0%,0%,0%,0%,0%,0%,0%,0%,0%,0%
"(Combined presidential ballot, includes leaners to third-party candidates) If the 2024 presidential election were held today, who would you vote for if the candidates were:","Chase Oliver, the Libertarian Party candidate",<1%,2%,<.5%,1%,2%,<.5%,<1%,1%,0%,<1%,<1%,1%,0%,0%,<1%,0%,1%,3%,1%,<.5%,1%,10%,<.5%,<.5%,3%,<.5%,2%,1%,<.5%,1%
"(Combined presidential ballot, includes leaners to third-party candidates) If the 2024 presidential election were held today, who would you vote for if the candidates were:",[VOL] Another candidate (specify),<.5%,<.5%,<.5%,0%,0%,<.5%,<.5%,<.5%,0%,0%,<.5%,0%,<1%,0%,<1%,0%,0%,0%,0%,0%,0%,6%,<.5%,<.5%,0%,<.5%,<.5%,0%,0%,0%
"(Combined presidential ballot, includes leaners to third-party candidates) If the 2024 presidential election were held today, who would you vote for if the candidates were:",[VOL] Not going to vote/wouldn't vote if those were the choices,<.5%,<1%,<.5%,<.5%,0%,<.5%,<1%,<.5%,0%,<.5%,<.5%,<.5%,<.5%,0%,0%,0%,<.5%,<1%,<1%,0%,0%,10%,0%,0%,1%,<.5%,<.5%,2%,0%,<.5%
"(Combined presidential ballot, includes leaners to third-party candidates) If the 2024 presidential election were held today, who would you vote for if the candidates were:",[VOL] Don't know/Refused,3%,3%,3%,4%,6%,2%,1%,2%,4%,4%,3%,3%,2%,2%,<1%,3%,3%,4%,4%,<1%,<1%,69%,1%,1%,4%,2%,3%,4%,<1%,2%
"(Combined presidential ballot, includes leaners to third-party candidates) If the 2024 presidential election were held today, who would you vote for if the candidates were:",MARGIN Harris +4 Calculated using candidates’ unrounded vote shares,MARGIN Harris +4 Calculated using candidates’ unrounded vote shares,MARGIN Harris +4 Calculated using candidates’ unrounded vote shares,MARGIN Harris +4 Calculated using candidates’ unrounded vote shares,MARGIN Harris +4 Calculated using candidates’ unrounded vote shares,MARGIN Harris +4 Calculated using candidates’ unrounded vote shares,MARGIN Harris +4 Calculated using candidates’ unrounded vote shares,MARGIN Harris +4 Calculated using candidates’ unrounded vote shares,MARGIN Harris +4 Calculated using candidates’ unrounded vote shares,MARGIN Harris +4 Calculated using candidates’ unrounded vote shares,MARGIN Harris +4 Calculated using candidates’ unrounded vote shares,MARGIN Harris +4 Calculated using candidates’ unrounded vote shares,MARGIN Harris +4 Calculated using candidates’ unrounded vote shares,MARGIN Harris +4 Calculated using candidates’ unrounded vote shares,MARGIN Harris +4 Calculated using candidates’ unrounded vote shares,MARGIN Harris +4 Calculated using candidates’ unrounded vote shares,MARGIN Harris +4 Calculated using candidates’ unrounded vote shares,MARGIN Harris +4 Calculated using candidates’ unrounded vote shares,MARGIN Harris +4 Calculated using candidates’ unrounded vote shares,MARGIN Harris +4 Calculated using candidates’ unrounded vote shares,MARGIN Harris +4 Calculated using candidates’ unrounded vote shares,MARGIN Harris +4 Calculated using candidates’ unrounded vote shares,MARGIN Harris +4 Calculated using candidates’ unrounded vote shares,MARGIN Harris +4 Calculated using candidates’ unrounded vote shares,MARGIN Harris +4 Calculated using candidates’ unrounded vote shares,MARGIN Harris +4 Calculated using candidates’ unrounded vote shares,MARGIN Harris +4 Calculated using candidates’ unrounded vote shares,MARGIN Harris +4 Calculated using candidates’ unrounded vote shares,MARGIN Harris +4 Calculated using candidates’ unrounded vote shares,MARGIN Harris +4 Calculated using candidates’ unrounded vote shares,MARGIN Harris +4 Calculated using candidates’ unrounded vote shares
"(If candidate selected, including third-party candidates) Are you definitely or probably going to vote for [CANDIDATE SELECTED]?",Definitely,88%,88%,88%,78%,84%,88%,96%,89%,83%,85%,88%,88%,89%,91%,88%,89%,86%,80%,94%,87%,89%,56%,92%,95%,72%,88%,89%,82%,89%,93%
"(If candidate selected, including third-party candidates) Are you definitely or probably going to vote for [CANDIDATE SELECTED]?",Probably,11%,11%,11%,22%,14%,10%,3%,10%,13%,15%,10%,11%,11%,7%,11%,8%,12%,18%,4%,11%,10%,41%,6%,5%,26%,11%,9%,16%,9%,6%
"(If candidate selected, including third-party candidates) Are you definitely or probably going to vote for [CANDIDATE SELECTED]?",[VOL] Don't know/Refused,2%,2%,1%,<.5%,2%,2%,<1%,1%,3%,<.5%,2%,1%,0%,2%,<1%,3%,2%,2%,1%,2%,<1%,4%,2%,<.5%,2%,1%,1%,2%,1%,<1%
"(If candidate selected, including third-party candidates) Are you definitely or probably going to vote for [CANDIDATE SELECTED]?",Number of respondents,825,373,447,136,176,261,229,650,80,72,394,426,85,112,145,95,176,107,105,441,376,8,310,276,205,365,335,125,380,291
"(Leaners, if not supporting Trump or Harris in previous multi-candidate questions) If you had to decide between the two today, would you lean more toward:","Kamala [COMMA-luh] Harris, the Democrat",21%,21%,22%,33%,17%,22%,22%,20%,41%,25%,36%,11%,22%,40%,6%,45%,17%,23%,0%,100%,0%,0%,24%,12%,26%,22%,13%,31%,45%,6%
"(Leaners, if not supporting Trump or Harris in previous multi-candidate questions) If you had to decide between the two today, would you lean more toward:","Donald Trump, the Republican",26%,31%,18%,13%,34%,28%,17%,32%,0%,8%,7%,39%,16%,26%,0%,0%,10%,53%,23%,0%,100%,0%,2%,42%,36%,19%,40%,13%,11%,63%
"(Leaners, if not supporting Trump or Harris in previous multi-candidate questions) If you had to decide between the two today, would you lean more toward:",[VOL] Don't know/Refused,53%,48%,60%,54%,50%,49%,61%,48%,59%,67%,57%,50%,61%,35%,94%,55%,73%,24%,77%,0%,0%,100%,73%,46%,38%,59%,46%,56%,44%,31%
"(Leaners, if not supporting Trump or Harris in previous multi-candidate questions) If you had to decide between the two today, would you lean more toward:",Number of respondents,59,33,26,10,23,14,11,39,5,12,25,33,5,5,6,7,11,19,6,15,14,30,7,9,29,19,20,20,10,12
"(Ask only in PA) If this year’s general election for U.S. Senate were held today, which candidate would you be more likely to vote for?","Bob Casey, the Democrat",48%,41%,54%,44%,53%,47%,48%,45%,76%,49%,54%,44%,61%,32%,45%,74%,49%,45%,39%,89%,5%,19%,91%,5%,46%,86%,10%,46%,88%,6%
"(Ask only in PA) If this year’s general election for U.S. Senate were held today, which candidate would you be more likely to vote for?","David McCormick, the Republican",44%,52%,37%,42%,37%,46%,46%,48%,13%,35%,39%,47%,33%,61%,50%,16%,43%,43%,53%,5%,87%,34%,5%,88%,42%,8%,82%,39%,8%,88%
"(Ask only in PA) If this year’s general election for U.S. Senate were held today, which candidate would you be more likely to vote for?","[VOL] John Thomas, the Libertarian candidate",<.5%,<.5%,<.5%,0%,0%,<.5%,<.5%,<.5%,0%,0%,<.5%,<.5%,0%,0%,<1%,0%,<.5%,0%,0%,0%,<.5%,3%,0%,0%,<.5%,0%,<.5%,<1%,0%,<.5%
"(Ask only in PA) If this year’s general election for U.S. Senate were held today, which candidate would you be more likely to vote for?","[VOL] Leila Hazou, the Green Party candidate",0%,0%,0%,0%,0%,0%,0%,0%,0%,0%,0%,0%,0%,0%,0%,0%,0%,0%,0%,0%,0%,0%,0%,0%,0%,0%,0%,0%,0%,0%
"(Ask only in PA) If this year’s general election for U.S. Senate were held today, which candidate would you be more likely to vote for?",[VOL] Don't know/Refused,8%,7%,9%,14%,11%,7%,5%,6%,11%,16%,7%,9%,6%,6%,5%,10%,8%,12%,9%,7%,7%,45%,4%,7%,12%,6%,8%,15%,4%,6%
"(Ask only in PA) If this year’s general election for U.S. Senate were held today, which candidate would you be more likely to vote for?",MARGIN Casey +4 Calculated using candidates’ unrounded vote shares,MARGIN Casey +4 Calculated using candidates’ unrounded vote shares,MARGIN Casey +4 Calculated using candidates’ unrounded vote shares,MARGIN Casey +4 Calculated using candidates’ unrounded vote shares,MARGIN Casey +4 Calculated using candidates’ unrounded vote shares,MARGIN Casey +4 Calculated using candidates’ unrounded vote shares,MARGIN Casey +4 Calculated using candidates’ unrounded vote shares,MARGIN Casey +4 Calculated using candidates’ unrounded vote shares,MARGIN Casey +4 Calculated using candidates’ unrounded vote shares,MARGIN Casey +4 Calculated using candidates’ unrounded vote shares,MARGIN Casey +4 Calculated using candidates’ unrounded vote shares,MARGIN Casey +4 Calculated using candidates’ unrounded vote shares,MARGIN Casey +4 Calculated using candidates’ unrounded vote shares,MARGIN Casey +4 Calculated using candidates’ unrounded vote shares,MARGIN Casey +4 Calculated using candidates’ unrounded vote shares,MARGIN Casey +4 Calculated using candidates’ unrounded vote shares,MARGIN Casey +4 Calculated using candidates’ unrounded vote shares,MARGIN Casey +4 Calculated using candidates’ unrounded vote shares,MARGIN Casey +4 Calculated using candidates’ unrounded vote shares,MARGIN Casey +4 Calculated using candidates’ unrounded vote shares,MARGIN Casey +4 Calculated using candidates’ unrounded vote shares,MARGIN Casey +4 Calculated using candidates’ unrounded vote shares,MARGIN Casey +4 Calculated using candidates’ unrounded vote shares,MARGIN Casey +4 Calculated using candidates’ unrounded vote shares,MARGIN Casey +4 Calculated using candidates’ unrounded vote shares,MARGIN Casey +4 Calculated using candidates’ unrounded vote shares,MARGIN Casey +4 Calculated using candidates’ unrounded vote shares,MARGIN Casey +4 Calculated using candidates’ unrounded vote shares,MARGIN Casey +4 Calculated using candidates’ unrounded vote shares,MARGIN Casey +4 Calculated using candidates’ unrounded vote shares,MARGIN Casey +4 Calculated using candidates’ unrounded vote shares
What is your preference for the outcome of this year's U.S. Senate elections?,Democratic control of the Senate,48%,41%,55%,51%,53%,44%,49%,45%,84%,50%,53%,45%,61%,32%,42%,75%,51%,44%,40%,91%,4%,11%,93%,4%,44%,87%,10%,43%,88%,4%
What is your preference for the outcome of this year's U.S. Senate elections?,Republican control of the Senate,46%,54%,39%,40%,38%,52%,48%,50%,12%,39%,41%,49%,32%,62%,54%,18%,44%,49%,54%,5%,91%,32%,5%,93%,44%,9%,86%,41%,8%,93%
What is your preference for the outcome of this year's U.S. Senate elections?,[VOL] Don't know/Refused,6%,6%,6%,10%,9%,4%,3%,5%,4%,11%,6%,6%,7%,6%,4%,7%,5%,7%,6%,4%,4%,57%,2%,2%,13%,4%,5%,15%,4%,3%
What is your preference for the outcome of this year's U.S. Senate elections?,MARGIN Democrat +2 Calculated using candidates’ unrounded vote shares,MARGIN Democrat +2 Calculated using candidates’ unrounded vote shares,MARGIN Democrat +2 Calculated using candidates’ unrounded vote shares,MARGIN Democrat +2 Calculated using candidates’ unrounded vote shares,MARGIN Democrat +2 Calculated using candidates’ unrounded vote shares,MARGIN Democrat +2 Calculated using candidates’ unrounded vote shares,MARGIN Democrat +2 Calculated using candidates’ unrounded vote shares,MARGIN Democrat +2 Calculated using candidates’ unrounded vote shares,MARGIN Democrat +2 Calculated using candidates’ unrounded vote shares,MARGIN Democrat +2 Calculated using candidates’ unrounded vote shares,MARGIN Democrat +2 Calculated using candidates’ unrounded vote shares,MARGIN Democrat +2 Calculated using candidates’ unrounded vote shares,MARGIN Democrat +2 Calculated using candidates’ unrounded vote shares,MARGIN Democrat +2 Calculated using candidates’ unrounded vote shares,MARGIN Democrat +2 Calculated using candidates’ unrounded vote shares,MARGIN Democrat +2 Calculated using candidates’ unrounded vote shares,MARGIN Democrat +2 Calculated using candidates’ unrounded vote shares,MARGIN Democrat +2 Calculated using candidates’ unrounded vote shares,MARGIN Democrat +2 Calculated using candidates’ unrounded vote shares,MARGIN Democrat +2 Calculated using candidates’ unrounded vote shares,MARGIN Democrat +2 Calculated using candidates’ unrounded vote shares,MARGIN Democrat +2 Calculated using candidates’ unrounded vote shares,MARGIN Democrat +2 Calculated using candidates’ unrounded vote shares,MARGIN Democrat +2 Calculated using candidates’ unrounded vote shares,MARGIN Democrat +2 Calculated using candidates’ unrounded vote shares,MARGIN Democrat +2 Calculated using candidates’ unrounded vote shares,MARGIN Democrat +2 Calculated using candidates’ unrounded vote shares,MARGIN Democrat +2 Calculated using candidates’ unrounded vote shares,MARGIN Democrat +2 Calculated using candidates’ unrounded vote shares,MARGIN Democrat +2 Calculated using candidates’ unrounded vote shares,MARGIN Democrat +2 Calculated using candidates’ unrounded vote shares
(Responses reclassified by age group) In what year were you born?,18-29,13%,14%,12%,100%,0%,0%,0%,11%,19%,28%,10%,15%,16%,7%,13%,16%,16%,9%,15%,13%,13%,14%,12%,11%,17%,13%,12%,19%,10%,7%
(Responses reclassified by age group) In what year were you born?,30-44,21%,21%,21%,0%,100%,0%,0%,21%,25%,21%,26%,18%,17%,16%,17%,35%,24%,19%,22%,23%,19%,40%,21%,17%,28%,23%,17%,31%,24%,17%
(Responses reclassified by age group) In what year were you born?,45-64,33%,33%,33%,0%,0%,100%,0%,31%,42%,36%,36%,32%,34%,39%,35%,30%,28%,37%,30%,31%,36%,22%,33%,34%,33%,31%,36%,31%,33%,38%
(Responses reclassified by age group) In what year were you born?,65+,29%,27%,31%,0%,0%,0%,100%,33%,11%,12%,25%,32%,31%,33%,32%,14%,30%,32%,27%,30%,28%,22%,32%,34%,19%,31%,31%,17%,30%,34%
(Responses reclassified by age group) In what year were you born?,Refused,4%,4%,3%,0%,0%,0%,0%,3%,3%,3%,4%,3%,2%,5%,4%,5%,2%,4%,6%,3%,4%,2%,3%,4%,4%,3%,5%,3%,3%,4%
(Responses reclassified by age group) In what year were you born?,Number of respondents,857,388,464,141,186,270,236,671,83,78,407,444,88,116,146,98,183,117,109,447,380,30,315,281,217,375,348,134,384,299
What is the highest educational level that you have completed?,Grade school,2%,1%,2%,2%,3%,2%,<1%,1%,0%,6%,0%,3%,1%,<1%,2%,4%,1%,1%,<1%,2%,1%,2%,3%,1%,0%,2%,2%,1%,2%,1%
What is the highest educational level that you have completed?,High school,32%,33%,32%,43%,22%,27%,41%,29%,49%,49%,0%,53%,30%,41%,28%,38%,24%,48%,23%,30%,36%,22%,32%,35%,30%,32%,33%,33%,30%,32%
What is the highest educational level that you have completed?,Vocational or trade school,5%,5%,4%,2%,5%,6%,5%,4%,10%,2%,0%,8%,4%,5%,6%,6%,4%,3%,6%,4%,6%,6%,4%,7%,4%,3%,5%,7%,4%,6%
What is the highest educational level that you have completed?,"Some college, no degree",13%,14%,12%,18%,13%,13%,14%,14%,8%,13%,0%,22%,16%,11%,21%,8%,14%,11%,12%,11%,16%,11%,11%,17%,14%,12%,15%,10%,11%,16%
What is the highest educational level that you have completed?,Associate’s degree,9%,7%,10%,7%,10%,11%,7%,10%,5%,4%,0%,14%,12%,10%,8%,2%,9%,8%,11%,7%,10%,15%,8%,9%,7%,8%,10%,6%,8%,10%
What is the highest educational level that you have completed?,Bachelor's degree,23%,22%,23%,22%,29%,23%,17%,24%,14%,15%,59%,0%,18%,18%,23%,18%,28%,16%,32%,26%,19%,23%,23%,20%,25%,24%,21%,24%,25%,21%
What is the highest educational level that you have completed?,Graduate or professional degree,16%,16%,15%,6%,18%,18%,15%,16%,13%,11%,41%,0%,18%,14%,12%,22%,19%,13%,13%,19%,12%,21%,18%,11%,19%,18%,12%,18%,20%,13%
What is the highest educational level that you have completed?,[VOL] Refused,<1%,<1%,1%,<.5%,<.5%,<.5%,0%,<.5%,0%,0%,0%,0%,1%,0%,<1%,3%,<.5%,<.5%,2%,<1%,1%,0%,<1%,<1%,<.5%,<1%,1%,<.5%,<1%,<1%
Would you consider yourself:,White,77%,76%,78%,65%,78%,73%,89%,99%,0%,0%,83%,74%,82%,91%,83%,30%,79%,72%,91%,72%,83%,66%,67%,88%,80%,68%,86%,79%,73%,87%
Would you consider yourself:,Hispanic or Latino,5%,4%,7%,5%,4%,8%,4%,0%,0%,51%,2%,7%,2%,0%,7%,12%,5%,12%,0%,6%,5%,3%,8%,4%,4%,8%,3%,4%,6%,2%
Would you consider yourself:,Black or African American,9%,9%,9%,13%,10%,11%,3%,0%,97%,0%,6%,10%,9%,2%,5%,43%,6%,4%,2%,14%,3%,9%,17%,<1%,8%,16%,2%,7%,14%,2%
Would you consider yourself:,Asian,<1%,<1%,1%,4%,2%,<.5%,0%,0%,0%,9%,2%,<.5%,<1%,0%,<.5%,3%,1%,2%,0%,1%,<.5%,5%,1%,<.5%,<1%,2%,<.5%,<1%,<1%,<.5%
Would you consider yourself:,American Indian or Alaska Native,<.5%,<1%,<.5%,2%,<.5%,0%,<.5%,0%,0%,5%,<1%,<.5%,0%,0%,<1%,0%,1%,<1%,0%,<.5%,<1%,<1%,0%,<1%,<1%,0%,<1%,1%,<.5%,<1%
Would you consider yourself:,Middle Eastern or North African,<1%,<.5%,<1%,4%,0%,<.5%,0%,0%,0%,7%,<.5%,<1%,4%,0%,0%,0%,2%,0%,0%,0%,2%,0%,0%,1%,<1%,0%,1%,2%,0%,2%
Would you consider yourself:,Native Hawaiian or Pacific Islander,<.5%,<1%,0%,0%,2%,<.5%,0%,0%,0%,4%,0%,<1%,0%,0%,0%,0%,2%,0%,0%,<1%,0%,0%,1%,0%,0%,1%,0%,0%,<1%,0%
Would you consider yourself:,[VOL] Some other race (specify),1%,1%,1%,<1%,<1%,1%,<1%,<1%,3%,5%,2%,1%,1%,3%,1%,1%,<.5%,2%,0%,1%,1%,0%,1%,<1%,1%,1%,2%,<1%,<1%,1%
Would you consider yourself:,[VOL] More than one race,2%,3%,1%,6%,1%,3%,<.5%,0%,0%,18%,1%,2%,<1%,<.5%,<.5%,3%,<1%,5%,5%,2%,1%,9%,2%,1%,1%,2%,1%,2%,2%,<1%
Would you consider yourself:,[VOL] Refused,3%,4%,2%,0%,2%,4%,3%,0%,0%,0%,3%,2%,1%,4%,2%,8%,2%,3%,2%,2%,4%,6%,1%,3%,3%,2%,4%,3%,2%,4%
Would you consider yourself:,Number of respondents,857,388,464,141,186,270,236,671,83,78,407,444,88,116,146,98,183,117,109,447,380,30,315,281,217,375,348,134,384,299
"Do you consider yourself a Democrat, a Republican, an independent or a member of another party?",Democrat,37%,28%,46%,34%,36%,37%,40%,33%,72%,52%,41%,35%,52%,21%,32%,66%,38%,31%,36%,71%,3%,12%,100%,0%,0%,81%,2%,8%,72%,3%
"Do you consider yourself a Democrat, a Republican, an independent or a member of another party?",Republican,36%,39%,33%,34%,27%,36%,43%,40%,3%,26%,30%,39%,21%,53%,38%,10%,34%,37%,49%,4%,71%,20%,0%,100%,0%,3%,77%,8%,4%,77%
"Do you consider yourself a Democrat, a Republican, an independent or a member of another party?",Independent,24%,29%,20%,30%,33%,24%,16%,25%,23%,19%,27%,23%,27%,24%,27%,21%,27%,26%,13%,22%,24%,59%,0%,0%,100%,15%,17%,78%,22%,18%
"Do you consider yourself a Democrat, a Republican, an independent or a member of another party?",Another party,2%,3%,1%,2%,2%,3%,<1%,2%,<.5%,3%,2%,2%,1%,0%,3%,3%,1%,4%,2%,2%,1%,5%,0%,0%,0%,<1%,2%,4%,2%,1%
"Do you consider yourself a Democrat, a Republican, an independent or a member of another party?",[VOL] Don't know/Refused,<1%,<1%,<1%,0%,1%,<1%,0%,<.5%,1%,<1%,<.5%,<1%,0%,<1%,1%,<1%,0%,2%,0%,<.5%,<1%,5%,0%,0%,0%,<.5%,<1%,2%,<.5%,<.5%
"(If independent, another party or not sure) And as of today, do you lean more to:",The Democratic Party,41%,40%,42%,42%,56%,29%,47%,44%,38%,32%,48%,37%,40%,29%,44%,61%,46%,35%,33%,84%,2%,7%,-,-,40%,69%,13%,46%,70%,3%
"(If independent, another party or not sure) And as of today, do you lean more to:",The Republican Party,47%,52%,40%,51%,28%,60%,45%,46%,45%,45%,45%,48%,51%,58%,49%,13%,46%,48%,57%,4%,92%,42%,-,-,48%,15%,78%,41%,19%,87%
"(If independent, another party or not sure) And as of today, do you lean more to:",[VOL] Don't know/Refused,12%,8%,18%,7%,16%,11%,8%,10%,17%,23%,7%,15%,9%,13%,8%,26%,8%,17%,10%,12%,6%,51%,-,-,12%,16%,8%,13%,11%,10%
"(If independent, another party or not sure) And as of today, do you lean more to:",Number of respondents,232,125,105,47,67,72,38,180,20,23,115,114,25,27,47,26,51,36,20,121,99,12,,,208,60,71,101,96,61
Combined: Party identification and leaners,The Democratic Party,48%,41%,55%,48%,57%,45%,48%,45%,81%,59%,55%,45%,63%,29%,45%,81%,51%,42%,41%,92%,4%,16%,100%,0%,40%,92%,5%,46%,89%,4%
Combined: Party identification and leaners,The Republican Party,48%,56%,41%,50%,37%,52%,50%,53%,14%,36%,43%,52%,35%,68%,53%,13%,47%,52%,58%,5%,95%,49%,0%,100%,48%,6%,94%,43%,8%,94%
Combined: Party identification and leaners,[VOL] Don't know/Refused,3%,3%,4%,2%,6%,3%,1%,3%,4%,5%,2%,4%,2%,3%,2%,6%,2%,5%,2%,3%,2%,35%,0%,0%,12%,3%,2%,11%,3%,2%
Combined: Party identification and leaners,Number of respondents,792,360,427,128,170,254,218,633,75,62,381,405,84,110,135,89,169,110,95,422,352,18,297,263,208,349,319,124,368,283
"Who did you vote for in the 2020 presidential election between Donald Trump and Joe Biden, or did you not vote?",Donald Trump,39%,44%,35%,20%,32%,44%,46%,44%,9%,22%,35%,41%,23%,63%,45%,14%,32%,40%,48%,4%,77%,29%,3%,84%,30%,7%,76%,24%,0%,100%
"Who did you vote for in the 2020 presidential election between Donald Trump and Joe Biden, or did you not vote?",Joe Biden,47%,38%,54%,35%,54%,46%,47%,44%,73%,52%,56%,41%,61%,29%,38%,71%,55%,41%,37%,85%,7%,24%,90%,5%,43%,84%,9%,44%,100%,0%
"Who did you vote for in the 2020 presidential election between Donald Trump and Joe Biden, or did you not vote?",I did not vote,11%,13%,9%,43%,11%,6%,3%,8%,18%,27%,5%,14%,14%,5%,10%,15%,9%,13%,12%,8%,14%,15%,6%,10%,20%,7%,11%,23%,0%,0%
"Who did you vote for in the 2020 presidential election between Donald Trump and Joe Biden, or did you not vote?",[VOL] Someone else,3%,4%,1%,0%,3%,4%,2%,3%,0%,0%,4%,2%,2%,2%,3%,0%,3%,4%,0%,2%,2%,18%,1%,<1%,4%,1%,3%,6%,0%,0%
"Who did you vote for in the 2020 presidential election between Donald Trump and Joe Biden, or did you not vote?",[VOL] Don't know/Refused,1%,2%,<.5%,2%,0%,<.5%,2%,1%,0%,0%,<1%,1%,0%,<1%,3%,0%,0%,1%,3%,<1%,<1%,15%,<.5%,<.5%,3%,1%,<1%,3%,0%,0%
"Who did you vote for in the 2020 presidential election between Donald Trump and Joe Biden, or did you not vote?",Number of respondents,792,360,427,128,170,254,218,633,75,62,381,405,84,110,135,89,169,110,95,422,352,18,297,263,208,349,319,124,368,283
"(Excluding ""I did not vote"") Who did you vote for in the 2020 presidential election between Donald Trump and Joe Biden, or did you not vote?",Donald Trump,44%,50%,38%,35%,35%,47%,48%,48%,11%,29%,37%,48%,26%,66%,50%,17%,36%,46%,55%,4%,89%,34%,3%,93%,37%,7%,86%,31%,0%,100%
"(Excluding ""I did not vote"") Who did you vote for in the 2020 presidential election between Donald Trump and Joe Biden, or did you not vote?",Joe Biden,52%,43%,60%,62%,61%,49%,48%,48%,89%,71%,59%,48%,71%,30%,43%,83%,61%,47%,42%,92%,8%,28%,95%,6%,53%,90%,10%,58%,100%,0%
"(Excluding ""I did not vote"") Who did you vote for in the 2020 presidential election between Donald Trump and Joe Biden, or did you not vote?",[VOL] Someone else,3%,5%,1%,0%,4%,4%,2%,3%,0%,0%,4%,2%,3%,3%,4%,0%,4%,5%,0%,3%,2%,21%,1%,<1%,6%,1%,3%,7%,0%,0%
"(Excluding ""I did not vote"") Who did you vote for in the 2020 presidential election between Donald Trump and Joe Biden, or did you not vote?",[VOL] Don't know/Refused,1%,2%,<.5%,3%,0%,<.5%,2%,1%,0%,0%,<1%,1%,0%,<1%,3%,0%,0%,2%,3%,<1%,<1%,17%,<.5%,<.5%,4%,1%,<1%,4%,0%,0%
"(Excluding ""I did not vote"") Who did you vote for in the 2020 presidential election between Donald Trump and Joe Biden, or did you not vote?",Number of respondents,675,302,370,66,146,234,208,557,60,39,359,312,73,101,113,73,146,90,79,372,289,14,272,229,153,316,274,85,368,283
Do you approve or disapprove of the way Joe Biden is handling his job as president?,Strongly approve,19%,17%,20%,6%,9%,21%,29%,18%,33%,16%,21%,18%,29%,8%,18%,28%,20%,18%,14%,36%,1%,0%,39%,4%,9%,35%,5%,9%,38%,2%
Do you approve or disapprove of the way Joe Biden is handling his job as president?,Somewhat approve,23%,18%,28%,29%,35%,19%,17%,21%,34%,29%,26%,21%,30%,16%,16%,39%,24%,21%,23%,45%,<1%,5%,44%,2%,23%,42%,4%,22%,42%,2%
Do you approve or disapprove of the way Joe Biden is handling his job as president?,Somewhat disapprove,10%,11%,10%,22%,11%,12%,3%,10%,5%,14%,14%,8%,9%,9%,13%,7%,14%,9%,8%,11%,8%,33%,9%,7%,17%,9%,8%,21%,11%,6%
Do you approve or disapprove of the way Joe Biden is handling his job as president?,Strongly disapprove,46%,52%,41%,41%,43%,46%,50%,49%,24%,40%,36%,53%,31%,66%,50%,25%,41%,51%,55%,6%,89%,62%,6%,87%,50%,12%,82%,45%,9%,89%
Do you approve or disapprove of the way Joe Biden is handling his job as president?,[VOL] Don't know/Refused,1%,2%,1%,2%,<1%,<1%,2%,1%,4%,<1%,3%,<1%,1%,<1%,3%,1%,1%,2%,0%,2%,<1%,0%,2%,1%,1%,1%,1%,2%,2%,1%
Do you approve or disapprove of the way Joe Biden is handling his job as president?,NET Approve,42%,35%,48%,35%,44%,40%,46%,39%,67%,45%,47%,39%,59%,24%,34%,67%,45%,38%,37%,81%,2%,5%,84%,5%,32%,77%,9%,31%,79%,3%
Do you approve or disapprove of the way Joe Biden is handling his job as president?,NET Disapprove,57%,63%,51%,63%,55%,59%,53%,59%,29%,54%,51%,61%,40%,75%,63%,32%,54%,59%,63%,17%,97%,95%,15%,93%,67%,21%,90%,67%,19%,95%
Do you approve or disapprove of the way Joe Biden is handling his job as president?,Number of respondents,792,360,427,128,170,254,218,633,75,62,381,405,84,110,135,89,169,110,95,422,352,18,297,263,208,349,319,124,368,283
Donald Trump,Very favorable,33%,36%,31%,27%,25%,35%,39%,36%,10%,31%,24%,39%,20%,52%,32%,12%,30%,35%,44%,<1%,70%,0%,3%,74%,22%,6%,64%,26%,3%,72%
Donald Trump,Somewhat favorable,12%,16%,8%,22%,12%,12%,8%,12%,10%,12%,13%,11%,9%,13%,14%,10%,13%,9%,13%,1%,23%,13%,2%,18%,18%,4%,20%,12%,2%,19%
Donald Trump,Somewhat unfavorable,7%,8%,6%,13%,9%,7%,2%,6%,12%,11%,7%,8%,8%,4%,10%,8%,6%,10%,4%,8%,5%,25%,7%,1%,16%,9%,4%,14%,8%,4%
Donald Trump,Very unfavorable,47%,38%,54%,38%,52%,44%,50%,45%,68%,45%,56%,41%,62%,29%,44%,69%,49%,44%,38%,89%,1%,43%,87%,7%,44%,80%,12%,47%,86%,4%
Donald Trump,[VOL] Have not heard of,0%,0%,0%,0%,0%,0%,0%,0%,0%,0%,0%,0%,0%,0%,0%,0%,0%,0%,0%,0%,0%,0%,0%,0%,0%,0%,0%,0%,0%,0%
Donald Trump,[VOL] Don't know/Refused,<1%,1%,<1%,0%,2%,<1%,<1%,<1%,<1%,0%,<1%,<1%,0%,1%,<1%,0%,<1%,2%,2%,<.5%,<.5%,19%,<1%,0%,<1%,1%,<1%,2%,<1%,<.5%
Donald Trump,NET Favorable,45%,52%,39%,49%,37%,48%,46%,48%,19%,43%,37%,50%,29%,65%,46%,23%,44%,45%,57%,2%,93%,13%,5%,92%,40%,10%,84%,38%,5%,91%
Donald Trump,NET Unfavorable,54%,46%,60%,51%,61%,52%,53%,51%,80%,57%,62%,49%,71%,33%,53%,77%,56%,54%,41%,97%,6%,68%,94%,8%,59%,89%,16%,61%,94%,8%
Donald Trump,Number of respondents,792,360,427,128,170,254,218,633,75,62,381,405,84,110,135,89,169,110,95,422,352,18,297,263,208,349,319,124,368,283
Kamala [COMMA-luh] Harris,Very favorable,28%,21%,35%,21%,25%,27%,35%,27%,43%,29%,32%,26%,41%,13%,26%,47%,29%,25%,26%,56%,0%,0%,61%,2%,18%,55%,4%,19%,58%,<1%
Kamala [COMMA-luh] Harris,Somewhat favorable,21%,20%,22%,29%,28%,20%,14%,18%,41%,32%,25%,19%,22%,17%,18%,31%,21%,24%,18%,39%,3%,5%,33%,4%,27%,33%,7%,28%,31%,5%
Kamala [COMMA-luh] Harris,Somewhat unfavorable,8%,9%,8%,18%,11%,8%,3%,9%,9%,2%,9%,8%,5%,7%,8%,9%,13%,6%,6%,4%,11%,35%,2%,9%,16%,5%,11%,9%,5%,10%
Kamala [COMMA-luh] Harris,Very unfavorable,41%,48%,34%,32%,33%,44%,47%,44%,6%,37%,33%,46%,30%,61%,45%,13%,36%,44%,49%,<1%,85%,33%,2%,84%,37%,6%,77%,40%,5%,84%
Kamala [COMMA-luh] Harris,[VOL] Have not heard of,0%,0%,0%,0%,0%,0%,0%,0%,0%,0%,0%,0%,0%,0%,0%,0%,0%,0%,0%,0%,0%,0%,0%,0%,0%,0%,0%,0%,0%,0%
Kamala [COMMA-luh] Harris,[VOL] Don't know/Refused,1%,2%,1%,0%,2%,1%,2%,2%,<1%,0%,<1%,2%,2%,2%,2%,0%,<1%,<1%,2%,<1%,<1%,27%,1%,<1%,2%,1%,1%,3%,1%,<1%
Kamala [COMMA-luh] Harris,NET Favorable,49%,41%,57%,50%,53%,47%,49%,45%,84%,60%,57%,45%,63%,30%,45%,78%,50%,49%,44%,95%,3%,5%,94%,6%,45%,87%,11%,48%,89%,5%
Kamala [COMMA-luh] Harris,NET Unfavorable,49%,57%,42%,50%,45%,52%,50%,53%,15%,40%,43%,53%,35%,68%,53%,22%,49%,51%,55%,5%,96%,68%,5%,93%,53%,11%,88%,49%,10%,94%
Kamala [COMMA-luh] Harris,Number of respondents,792,360,427,128,170,254,218,633,75,62,381,405,84,110,135,89,169,110,95,422,352,18,297,263,208,349,319,124,368,283
(Ask only in PA)  Bob Casey,Very favorable,18%,14%,21%,11%,10%,17%,27%,17%,26%,24%,19%,18%,31%,10%,19%,28%,14%,14%,16%,34%,2%,7%,40%,3%,7%,35%,3%,8%,35%,2%
(Ask only in PA)  Bob Casey,Somewhat favorable,30%,28%,32%,31%,43%,31%,20%,29%,43%,28%,36%,26%,29%,24%,22%,44%,39%,23%,29%,49%,10%,18%,46%,10%,38%,45%,12%,40%,48%,10%
(Ask only in PA)  Bob Casey,Somewhat unfavorable,18%,22%,14%,29%,15%,21%,13%,19%,10%,14%,21%,16%,17%,27%,21%,8%,18%,13%,18%,7%,29%,25%,6%,25%,26%,9%,27%,20%,6%,26%
(Ask only in PA)  Bob Casey,Very unfavorable,24%,26%,23%,13%,19%,24%,33%,27%,11%,13%,16%,29%,19%,28%,25%,11%,20%,33%,31%,1%,49%,30%,1%,52%,19%,4%,48%,16%,4%,53%
(Ask only in PA)  Bob Casey,[VOL] Have not heard of,3%,2%,3%,5%,4%,3%,0%,2%,1%,10%,3%,2%,0%,<.5%,8%,2%,3%,4%,0%,3%,2%,0%,4%,2%,1%,3%,2%,2%,2%,1%
(Ask only in PA)  Bob Casey,[VOL] Don't know/Refused,7%,8%,7%,12%,9%,5%,7%,7%,9%,10%,5%,8%,4%,10%,5%,6%,6%,13%,6%,6%,8%,20%,4%,8%,8%,4%,9%,13%,5%,7%
(Ask only in PA)  Bob Casey,NET Favorable,48%,42%,53%,42%,53%,48%,48%,46%,69%,52%,55%,44%,60%,34%,42%,72%,53%,38%,44%,83%,12%,25%,85%,13%,45%,80%,15%,49%,83%,11%
(Ask only in PA)  Bob Casey,NET Unfavorable,42%,48%,37%,41%,33%,45%,46%,46%,21%,28%,37%,45%,36%,55%,46%,20%,38%,46%,49%,8%,78%,55%,7%,77%,45%,12%,74%,36%,10%,80%
(Ask only in PA)  Bob Casey,Number of respondents,792,360,427,128,170,254,218,633,75,62,381,405,84,110,135,89,169,110,95,422,352,18,297,263,208,349,319,124,368,283
(Ask only in PA)  David McCormick,Very favorable,14%,13%,15%,12%,8%,16%,17%,16%,7%,7%,10%,16%,8%,18%,18%,5%,12%,11%,23%,<1%,29%,0%,1%,32%,6%,2%,29%,5%,1%,32%
(Ask only in PA)  David McCormick,Somewhat favorable,29%,38%,21%,35%,26%,30%,27%,30%,24%,23%,28%,29%,26%,39%,27%,22%,29%,25%,30%,10%,49%,28%,10%,46%,34%,12%,42%,40%,11%,48%
(Ask only in PA)  David McCormick,Somewhat unfavorable,13%,10%,17%,14%,17%,15%,8%,13%,24%,11%,14%,14%,17%,9%,8%,21%,15%,17%,10%,20%,6%,21%,19%,6%,17%,19%,8%,13%,18%,6%
(Ask only in PA)  David McCormick,Very unfavorable,29%,25%,33%,18%,25%,29%,39%,31%,30%,22%,33%,27%,42%,23%,28%,37%,28%,27%,27%,53%,5%,8%,54%,4%,28%,53%,8%,19%,54%,4%
(Ask only in PA)  David McCormick,[VOL] Have not heard of,5%,4%,5%,9%,8%,3%,2%,4%,5%,10%,6%,4%,3%,<1%,9%,5%,4%,6%,3%,6%,2%,20%,6%,2%,5%,6%,2%,8%,5%,2%
(Ask only in PA)  David McCormick,[VOL] Don't know/Refused,10%,10%,9%,11%,16%,8%,8%,8%,10%,28%,9%,10%,4%,11%,10%,10%,12%,13%,6%,10%,9%,22%,10%,10%,10%,8%,10%,15%,10%,7%
(Ask only in PA)  David McCormick,NET Favorable,43%,51%,35%,47%,34%,46%,44%,45%,31%,29%,38%,45%,34%,56%,46%,27%,41%,36%,53%,10%,78%,28%,11%,78%,40%,14%,72%,44%,12%,81%
(Ask only in PA)  David McCormick,NET Unfavorable,43%,35%,50%,33%,43%,44%,47%,43%,54%,33%,47%,40%,59%,32%,35%,57%,42%,44%,37%,73%,11%,29%,74%,10%,44%,72%,16%,33%,73%,10%
(Ask only in PA)  David McCormick,Number of respondents,792,360,427,128,170,254,218,633,75,62,381,405,84,110,135,89,169,110,95,422,352,18,297,263,208,349,319,124,368,283
"Regardless of who you support, who do you think will win the 2024 presidential election?",Kamala [COMMA-luh] Harris,47%,44%,50%,47%,57%,41%,47%,45%,74%,48%,49%,46%,56%,35%,42%,70%,48%,47%,41%,76%,17%,21%,76%,19%,42%,71%,25%,36%,75%,18%
"Regardless of who you support, who do you think will win the 2024 presidential election?",Donald Trump,41%,47%,36%,39%,35%,47%,38%,43%,18%,39%,37%,44%,32%,52%,46%,21%,42%,37%,47%,10%,74%,42%,10%,71%,45%,15%,65%,46%,13%,72%
"Regardless of who you support, who do you think will win the 2024 presidential election?",[VOL] Don't know/Refused,12%,9%,15%,14%,8%,12%,15%,12%,8%,14%,14%,11%,12%,14%,12%,10%,10%,16%,12%,14%,9%,38%,14%,9%,13%,13%,9%,18%,12%,9%
"Regardless of who you support, who do you think will win the 2024 presidential election?",MARGIN Harris +6 Calculated using candidates’ unrounded vote shares,MARGIN Harris +6 Calculated using candidates’ unrounded vote shares,MARGIN Harris +6 Calculated using candidates’ unrounded vote shares,MARGIN Harris +6 Calculated using candidates’ unrounded vote shares,MARGIN Harris +6 Calculated using candidates’ unrounded vote shares,MARGIN Harris +6 Calculated using candidates’ unrounded vote shares,MARGIN Harris +6 Calculated using candidates’ unrounded vote shares,MARGIN Harris +6 Calculated using candidates’ unrounded vote shares,MARGIN Harris +6 Calculated using candidates’ unrounded vote shares,MARGIN Harris +6 Calculated using candidates’ unrounded vote shares,MARGIN Harris +6 Calculated using candidates’ unrounded vote shares,MARGIN Harris +6 Calculated using candidates’ unrounded vote shares,MARGIN Harris +6 Calculated using candidates’ unrounded vote shares,MARGIN Harris +6 Calculated using candidates’ unrounded vote shares,MARGIN Harris +6 Calculated using candidates’ unrounded vote shares,MARGIN Harris +6 Calculated using candidates’ unrounded vote shares,MARGIN Harris +6 Calculated using candidates’ unrounded vote shares,MARGIN Harris +6 Calculated using candidates’ unrounded vote shares,MARGIN Harris +6 Calculated using candidates’ unrounded vote shares,MARGIN Harris +6 Calculated using candidates’ unrounded vote shares,MARGIN Harris +6 Calculated using candidates’ unrounded vote shares,MARGIN Harris +6 Calculated using candidates’ unrounded vote shares,MARGIN Harris +6 Calculated using candidates’ unrounded vote shares,MARGIN Harris +6 Calculated using candidates’ unrounded vote shares,MARGIN Harris +6 Calculated using candidates’ unrounded vote shares,MARGIN Harris +6 Calculated using candidates’ unrounded vote shares,MARGIN Harris +6 Calculated using candidates’ unrounded vote shares,MARGIN Harris +6 Calculated using candidates’ unrounded vote shares,MARGIN Harris +6 Calculated using candidates’ unrounded vote shares,MARGIN Harris +6 Calculated using candidates’ unrounded vote shares,MARGIN Harris +6 Calculated using candidates’ unrounded vote shares
What one issue is most important in deciding your vote this November?,[VOL] The economy (including jobs and the stock market),23%,29%,17%,24%,16%,28%,22%,23%,19%,25%,25%,21%,30%,30%,24%,16%,22%,17%,21%,12%,34%,22%,14%,33%,22%,14%,32%,19%,13%,32%
What one issue is most important in deciding your vote this November?,[VOL] Abortion,17%,7%,26%,27%,22%,17%,12%,18%,20%,14%,21%,15%,14%,12%,16%,14%,26%,15%,17%,29%,5%,21%,27%,5%,20%,25%,8%,23%,26%,7%
What one issue is most important in deciding your vote this November?,[VOL] Immigration,16%,16%,17%,9%,9%,18%,22%,17%,4%,20%,13%,18%,11%,18%,19%,6%,12%,26%,21%,3%,32%,7%,4%,30%,17%,4%,29%,17%,5%,31%
What one issue is most important in deciding your vote this November?,[VOL] The state of democracy/corruption,7%,7%,7%,1%,5%,7%,11%,8%,4%,1%,9%,5%,7%,6%,7%,11%,6%,6%,9%,13%,1%,7%,13%,2%,5%,12%,2%,6%,13%,1%
What one issue is most important in deciding your vote this November?,[VOL] Inflation and the cost of living,5%,5%,5%,3%,11%,4%,3%,5%,3%,10%,4%,6%,2%,10%,8%,4%,6%,2%,3%,3%,8%,8%,3%,9%,4%,4%,8%,<.5%,2%,10%
What one issue is most important in deciding your vote this November?,[VOL] Character/competence of candidate,5%,6%,5%,4%,3%,5%,7%,5%,9%,2%,6%,5%,5%,5%,6%,4%,4%,7%,5%,8%,2%,2%,7%,2%,6%,7%,3%,4%,8%,1%
What one issue is most important in deciding your vote this November?,[VOL] Dislike of opposing candidate,4%,4%,4%,3%,4%,5%,4%,5%,2%,3%,4%,4%,4%,5%,4%,4%,2%,6%,5%,6%,3%,0%,5%,3%,5%,5%,3%,7%,6%,2%
What one issue is most important in deciding your vote this November?,[VOL] Foreign policy,3%,4%,3%,2%,2%,3%,4%,3%,3%,2%,4%,3%,3%,3%,2%,1%,5%,3%,2%,3%,4%,1%,1%,3%,5%,3%,4%,2%,3%,4%
What one issue is most important in deciding your vote this November?,[VOL] Taxes,2%,2%,2%,5%,3%,<1%,1%,2%,1%,4%,<.5%,3%,3%,2%,2%,4%,3%,0%,0%,2%,2%,5%,2%,3%,0%,2%,2%,3%,2%,2%
What one issue is most important in deciding your vote this November?,[VOL] Equality/inequality,2%,2%,2%,3%,2%,2%,<1%,1%,3%,1%,3%,<1%,2%,2%,2%,2%,1%,2%,<1%,3%,<1%,0%,3%,0%,1%,2%,<1%,3%,2%,<1%
What one issue is most important in deciding your vote this November?,[VOL] Climate change,1%,2%,<1%,2%,4%,0%,1%,<1%,1%,6%,1%,1%,2%,0%,1%,7%,<1%,0%,1%,3%,0%,0%,3%,0%,1%,3%,0%,<1%,3%,0%
What one issue is most important in deciding your vote this November?,[VOL] Gun policies,1%,2%,<1%,2%,3%,0%,1%,2%,0%,0%,0%,2%,2%,0%,<.5%,0%,<1%,3%,3%,<.5%,2%,0%,<1%,2%,1%,<.5%,2%,1%,<1%,2%
What one issue is most important in deciding your vote this November?,[VOL] Health care,1%,1%,1%,<.5%,3%,2%,<.5%,1%,2%,<1%,<.5%,2%,3%,0%,<.5%,2%,2%,2%,0%,2%,0%,16%,<1%,0%,3%,2%,<1%,<1%,2%,0%
What one issue is most important in deciding your vote this November?,[VOL] The Middle East/Israel/Palestinians,<1%,2%,<.5%,3%,1%,0%,0%,<1%,2%,1%,<1%,<1%,<1%,0%,<1%,3%,<.5%,0%,3%,2%,<.5%,4%,1%,0%,1%,1%,0%,2%,1%,0%
What one issue is most important in deciding your vote this November?,[VOL] Polarization/division,<1%,<1%,1%,<.5%,<.5%,1%,1%,<1%,2%,<1%,<1%,<1%,<1%,0%,<1%,1%,<.5%,2%,1%,1%,<.5%,0%,2%,0%,<.5%,2%,<.5%,<.5%,2%,0%
What one issue is most important in deciding your vote this November?,[VOL] Election integrity,<1%,1%,0%,0%,1%,0%,1%,<1%,2%,0%,<.5%,1%,0%,0%,<1%,2%,2%,0%,0%,<.5%,1%,0%,<.5%,1%,<1%,<1%,<1%,0%,<.5%,1%
What one issue is most important in deciding your vote this November?,[VOL] Crime,<1%,<.5%,<1%,0%,0%,<.5%,2%,<.5%,1%,4%,<.5%,<1%,0%,<1%,0%,5%,0%,0%,0%,1%,<.5%,0%,1%,<.5%,0%,1%,<.5%,0%,1%,<.5%
What one issue is most important in deciding your vote this November?,[VOL] Russia/the war in Ukraine,<1%,<1%,<.5%,0%,2%,0%,<1%,<1%,0%,0%,<1%,<.5%,2%,0%,0%,0%,<1%,0%,2%,<1%,<.5%,0%,<1%,<1%,<1%,<1%,<.5%,<1%,<1%,<1%
What one issue is most important in deciding your vote this November?,[VOL] Racism/racial issues,<1%,<.5%,<1%,<1%,2%,<.5%,0%,<.5%,2%,0%,1%,<.5%,0%,<1%,0%,1%,<.5%,0%,2%,1%,0%,0%,1%,0%,<.5%,1%,0%,<1%,1%,0%
What one issue is most important in deciding your vote this November?,[VOL] Education,<.5%,<.5%,<.5%,0%,1%,0%,0%,<.5%,<.5%,0%,<1%,0%,0%,0%,<1%,<.5%,<1%,0%,0%,<1%,0%,0%,<1%,<.5%,0%,<1%,<.5%,0%,<1%,<.5%
What one issue is most important in deciding your vote this November?,[VOL] Student loans,<.5%,<.5%,0%,<.5%,0%,0%,0%,<.5%,0%,0%,0%,<.5%,0%,0%,0%,0%,<.5%,0%,0%,<.5%,0%,0%,<.5%,0%,0%,<.5%,0%,0%,0%,0%
What one issue is most important in deciding your vote this November?,[VOL] China,0%,0%,0%,0%,0%,0%,0%,0%,0%,0%,0%,0%,0%,0%,0%,0%,0%,0%,0%,0%,0%,0%,0%,0%,0%,0%,0%,0%,0%,0%
What one issue is most important in deciding your vote this November?,"[VOL] Other, specify",4%,5%,2%,5%,2%,4%,2%,4%,8%,3%,3%,4%,5%,4%,4%,4%,2%,7%,2%,4%,4%,7%,4%,4%,4%,4%,4%,5%,4%,4%
What one issue is most important in deciding your vote this November?,[VOL] Don't know/Refused,3%,3%,3%,4%,3%,2%,3%,2%,9%,2%,2%,3%,2%,1%,1%,8%,4%,2%,1%,4%,1%,0%,5%,1%,2%,4%,1%,3%,4%,1%
What one issue is most important in deciding your vote this November?,Number of respondents,792,360,427,128,170,254,218,633,75,62,381,405,84,110,135,89,169,110,95,422,352,18,297,263,208,349,319,124,368,283
Which candidate do you think would do a better job of handling the issue you think is most important?,"Kamala [COMMA-luh] Harris, the Democrat",48%,39%,55%,45%,52%,45%,50%,45%,75%,54%,54%,44%,62%,29%,49%,69%,50%,45%,39%,93%,2%,5%,91%,6%,44%,85%,11%,46%,89%,5%
Which candidate do you think would do a better job of handling the issue you think is most important?,"Donald Trump, the Republican",48%,57%,40%,49%,41%,52%,47%,51%,18%,44%,42%,52%,31%,66%,49%,24%,45%,53%,59%,2%,98%,43%,5%,94%,49%,10%,88%,44%,6%,95%
Which candidate do you think would do a better job of handling the issue you think is most important?,[VOL] Neither candidate,1%,1%,1%,5%,2%,0%,<1%,1%,2%,2%,1%,1%,<1%,<1%,2%,3%,2%,<1%,0%,2%,<.5%,11%,2%,0%,1%,2%,<1%,2%,2%,<.5%
Which candidate do you think would do a better job of handling the issue you think is most important?,[VOL] Someone else; specify,<.5%,0%,<1%,0%,2%,0%,0%,<.5%,0%,0%,0%,<1%,0%,0%,0%,0%,2%,0%,0%,0%,0%,12%,0%,0%,1%,<1%,0%,0%,<1%,0%
Which candidate do you think would do a better job of handling the issue you think is most important?,[VOL] Don't know/Refused,3%,2%,3%,<.5%,3%,3%,2%,2%,5%,0%,3%,2%,6%,4%,<1%,4%,3%,<1%,2%,3%,<.5%,30%,3%,<1%,4%,2%,1%,8%,2%,<.5%
Which candidate do you think would do a better job of handling the issue you think is most important?,MARGIN Even Calculated using candidates’ unrounded vote shares,MARGIN Even Calculated using candidates’ unrounded vote shares,MARGIN Even Calculated using candidates’ unrounded vote shares,MARGIN Even Calculated using candidates’ unrounded vote shares,MARGIN Even Calculated using candidates’ unrounded vote shares,MARGIN Even Calculated using candidates’ unrounded vote shares,MARGIN Even Calculated using candidates’ unrounded vote shares,MARGIN Even Calculated using candidates’ unrounded vote shares,MARGIN Even Calculated using candidates’ unrounded vote shares,MARGIN Even Calculated using candidates’ unrounded vote shares,MARGIN Even Calculated using candidates’ unrounded vote shares,MARGIN Even Calculated using candidates’ unrounded vote shares,MARGIN Even Calculated using candidates’ unrounded vote shares,MARGIN Even Calculated using candidates’ unrounded vote shares,MARGIN Even Calculated using candidates’ unrounded vote shares,MARGIN Even Calculated using candidates’ unrounded vote shares,MARGIN Even Calculated using candidates’ unrounded vote shares,MARGIN Even Calculated using candidates’ unrounded vote shares,MARGIN Even Calculated using candidates’ unrounded vote shares,MARGIN Even Calculated using candidates’ unrounded vote shares,MARGIN Even Calculated using candidates’ unrounded vote shares,MARGIN Even Calculated using candidates’ unrounded vote shares,MARGIN Even Calculated using candidates’ unrounded vote shares,MARGIN Even Calculated using candidates’ unrounded vote shares,MARGIN Even Calculated using candidates’ unrounded vote shares,MARGIN Even Calculated using candidates’ unrounded vote shares,MARGIN Even Calculated using candidates’ unrounded vote shares,MARGIN Even Calculated using candidates’ unrounded vote shares,MARGIN Even Calculated using candidates’ unrounded vote shares,MARGIN Even Calculated using candidates’ unrounded vote shares,MARGIN Even Calculated using candidates’ unrounded vote shares
The economy,Kamala Harris,43%,36%,49%,38%,47%,39%,47%,41%,65%,45%,48%,40%,59%,28%,37%,69%,45%,37%,35%,85%,0%,7%,86%,3%,34%,79%,7%,39%,83%,2%
The economy,Donald Trump,54%,61%,49%,59%,47%,60%,50%,57%,31%,50%,50%,57%,37%,71%,59%,28%,51%,61%,62%,12%,100%,56%,13%,96%,58%,18%,92%,52%,14%,97%
The economy,[VOL] Don’t know/Refused,3%,3%,3%,3%,6%,1%,2%,2%,4%,5%,2%,3%,3%,1%,3%,3%,4%,2%,2%,3%,<.5%,37%,2%,<.5%,8%,3%,1%,9%,3%,<1%
The economy,MARGIN Trump +11 Calculated using candidates’ unrounded vote shares,MARGIN Trump +11 Calculated using candidates’ unrounded vote shares,MARGIN Trump +11 Calculated using candidates’ unrounded vote shares,MARGIN Trump +11 Calculated using candidates’ unrounded vote shares,MARGIN Trump +11 Calculated using candidates’ unrounded vote shares,MARGIN Trump +11 Calculated using candidates’ unrounded vote shares,MARGIN Trump +11 Calculated using candidates’ unrounded vote shares,MARGIN Trump +11 Calculated using candidates’ unrounded vote shares,MARGIN Trump +11 Calculated using candidates’ unrounded vote shares,MARGIN Trump +11 Calculated using candidates’ unrounded vote shares,MARGIN Trump +11 Calculated using candidates’ unrounded vote shares,MARGIN Trump +11 Calculated using candidates’ unrounded vote shares,MARGIN Trump +11 Calculated using candidates’ unrounded vote shares,MARGIN Trump +11 Calculated using candidates’ unrounded vote shares,MARGIN Trump +11 Calculated using candidates’ unrounded vote shares,MARGIN Trump +11 Calculated using candidates’ unrounded vote shares,MARGIN Trump +11 Calculated using candidates’ unrounded vote shares,MARGIN Trump +11 Calculated using candidates’ unrounded vote shares,MARGIN Trump +11 Calculated using candidates’ unrounded vote shares,MARGIN Trump +11 Calculated using candidates’ unrounded vote shares,MARGIN Trump +11 Calculated using candidates’ unrounded vote shares,MARGIN Trump +11 Calculated using candidates’ unrounded vote shares,MARGIN Trump +11 Calculated using candidates’ unrounded vote shares,MARGIN Trump +11 Calculated using candidates’ unrounded vote shares,MARGIN Trump +11 Calculated using candidates’ unrounded vote shares,MARGIN Trump +11 Calculated using candidates’ unrounded vote shares,MARGIN Trump +11 Calculated using candidates’ unrounded vote shares,MARGIN Trump +11 Calculated using candidates’ unrounded vote shares,MARGIN Trump +11 Calculated using candidates’ unrounded vote shares,MARGIN Trump +11 Calculated using candidates’ unrounded vote shares,MARGIN Trump +11 Calculated using candidates’ unrounded vote shares
Abortion,Kamala Harris,56%,50%,62%,65%,65%,51%,54%,55%,77%,54%,63%,53%,69%,40%,54%,81%,60%,50%,48%,97%,14%,39%,94%,17%,57%,89%,23%,56%,92%,14%
Abortion,Donald Trump,38%,42%,34%,26%,29%,44%,41%,40%,16%,37%,31%,42%,27%,55%,37%,15%,34%,43%,45%,2%,76%,36%,4%,75%,35%,9%,68%,37%,6%,78%
Abortion,[VOL] Don’t know/Refused,6%,9%,3%,9%,6%,5%,6%,5%,7%,9%,6%,5%,4%,5%,9%,4%,5%,7%,6%,1%,10%,25%,2%,9%,8%,2%,9%,7%,2%,8%
Abortion,MARGIN Harris +19 Calculated using candidates’ unrounded vote shares,MARGIN Harris +19 Calculated using candidates’ unrounded vote shares,MARGIN Harris +19 Calculated using candidates’ unrounded vote shares,MARGIN Harris +19 Calculated using candidates’ unrounded vote shares,MARGIN Harris +19 Calculated using candidates’ unrounded vote shares,MARGIN Harris +19 Calculated using candidates’ unrounded vote shares,MARGIN Harris +19 Calculated using candidates’ unrounded vote shares,MARGIN Harris +19 Calculated using candidates’ unrounded vote shares,MARGIN Harris +19 Calculated using candidates’ unrounded vote shares,MARGIN Harris +19 Calculated using candidates’ unrounded vote shares,MARGIN Harris +19 Calculated using candidates’ unrounded vote shares,MARGIN Harris +19 Calculated using candidates’ unrounded vote shares,MARGIN Harris +19 Calculated using candidates’ unrounded vote shares,MARGIN Harris +19 Calculated using candidates’ unrounded vote shares,MARGIN Harris +19 Calculated using candidates’ unrounded vote shares,MARGIN Harris +19 Calculated using candidates’ unrounded vote shares,MARGIN Harris +19 Calculated using candidates’ unrounded vote shares,MARGIN Harris +19 Calculated using candidates’ unrounded vote shares,MARGIN Harris +19 Calculated using candidates’ unrounded vote shares,MARGIN Harris +19 Calculated using candidates’ unrounded vote shares,MARGIN Harris +19 Calculated using candidates’ unrounded vote shares,MARGIN Harris +19 Calculated using candidates’ unrounded vote shares,MARGIN Harris +19 Calculated using candidates’ unrounded vote shares,MARGIN Harris +19 Calculated using candidates’ unrounded vote shares,MARGIN Harris +19 Calculated using candidates’ unrounded vote shares,MARGIN Harris +19 Calculated using candidates’ unrounded vote shares,MARGIN Harris +19 Calculated using candidates’ unrounded vote shares,MARGIN Harris +19 Calculated using candidates’ unrounded vote shares,MARGIN Harris +19 Calculated using candidates’ unrounded vote shares,MARGIN Harris +19 Calculated using candidates’ unrounded vote shares,MARGIN Harris +19 Calculated using candidates’ unrounded vote shares
Immigration,Kamala Harris,42%,35%,48%,40%,48%,36%,45%,39%,63%,52%,49%,37%,54%,27%,39%,73%,41%,35%,35%,81%,<1%,10%,83%,4%,33%,77%,6%,39%,80%,1%
Immigration,Donald Trump,55%,63%,47%,54%,47%,62%,51%,57%,33%,45%,50%,58%,43%,72%,59%,24%,52%,60%,63%,14%,99%,50%,13%,95%,61%,19%,92%,54%,15%,98%
Immigration,[VOL] Don’t know/Refused,4%,3%,5%,6%,6%,2%,3%,4%,4%,2%,2%,5%,3%,2%,2%,3%,7%,5%,2%,5%,<.5%,39%,4%,<1%,7%,5%,2%,7%,5%,<.5%
Immigration,MARGIN Trump +13 Calculated using candidates’ unrounded vote shares,MARGIN Trump +13 Calculated using candidates’ unrounded vote shares,MARGIN Trump +13 Calculated using candidates’ unrounded vote shares,MARGIN Trump +13 Calculated using candidates’ unrounded vote shares,MARGIN Trump +13 Calculated using candidates’ unrounded vote shares,MARGIN Trump +13 Calculated using candidates’ unrounded vote shares,MARGIN Trump +13 Calculated using candidates’ unrounded vote shares,MARGIN Trump +13 Calculated using candidates’ unrounded vote shares,MARGIN Trump +13 Calculated using candidates’ unrounded vote shares,MARGIN Trump +13 Calculated using candidates’ unrounded vote shares,MARGIN Trump +13 Calculated using candidates’ unrounded vote shares,MARGIN Trump +13 Calculated using candidates’ unrounded vote shares,MARGIN Trump +13 Calculated using candidates’ unrounded vote shares,MARGIN Trump +13 Calculated using candidates’ unrounded vote shares,MARGIN Trump +13 Calculated using candidates’ unrounded vote shares,MARGIN Trump +13 Calculated using candidates’ unrounded vote shares,MARGIN Trump +13 Calculated using candidates’ unrounded vote shares,MARGIN Trump +13 Calculated using candidates’ unrounded vote shares,MARGIN Trump +13 Calculated using candidates’ unrounded vote shares,MARGIN Trump +13 Calculated using candidates’ unrounded vote shares,MARGIN Trump +13 Calculated using candidates’ unrounded vote shares,MARGIN Trump +13 Calculated using candidates’ unrounded vote shares,MARGIN Trump +13 Calculated using candidates’ unrounded vote shares,MARGIN Trump +13 Calculated using candidates’ unrounded vote shares,MARGIN Trump +13 Calculated using candidates’ unrounded vote shares,MARGIN Trump +13 Calculated using candidates’ unrounded vote shares,MARGIN Trump +13 Calculated using candidates’ unrounded vote shares,MARGIN Trump +13 Calculated using candidates’ unrounded vote shares,MARGIN Trump +13 Calculated using candidates’ unrounded vote shares,MARGIN Trump +13 Calculated using candidates’ unrounded vote shares,MARGIN Trump +13 Calculated using candidates’ unrounded vote shares
Democracy,Kamala Harris,54%,48%,59%,62%,56%,53%,51%,51%,87%,59%,61%,50%,70%,35%,52%,78%,55%,50%,48%,98%,8%,26%,96%,12%,52%,89%,18%,53%,93%,9%
Democracy,Donald Trump,43%,49%,38%,38%,37%,45%,47%,46%,13%,39%,37%,47%,28%,65%,43%,22%,42%,47%,47%,1%,89%,30%,4%,86%,41%,9%,79%,42%,6%,88%
Democracy,[VOL] Don’t know/Refused,3%,3%,2%,<.5%,7%,2%,2%,3%,0%,1%,2%,3%,2%,<.5%,5%,0%,3%,3%,6%,<.5%,3%,44%,<.5%,2%,7%,2%,3%,5%,<1%,3%
Democracy,MARGIN Harris +11 Calculated using candidates’ unrounded vote shares,MARGIN Harris +11 Calculated using candidates’ unrounded vote shares,MARGIN Harris +11 Calculated using candidates’ unrounded vote shares,MARGIN Harris +11 Calculated using candidates’ unrounded vote shares,MARGIN Harris +11 Calculated using candidates’ unrounded vote shares,MARGIN Harris +11 Calculated using candidates’ unrounded vote shares,MARGIN Harris +11 Calculated using candidates’ unrounded vote shares,MARGIN Harris +11 Calculated using candidates’ unrounded vote shares,MARGIN Harris +11 Calculated using candidates’ unrounded vote shares,MARGIN Harris +11 Calculated using candidates’ unrounded vote shares,MARGIN Harris +11 Calculated using candidates’ unrounded vote shares,MARGIN Harris +11 Calculated using candidates’ unrounded vote shares,MARGIN Harris +11 Calculated using candidates’ unrounded vote shares,MARGIN Harris +11 Calculated using candidates’ unrounded vote shares,MARGIN Harris +11 Calculated using candidates’ unrounded vote shares,MARGIN Harris +11 Calculated using candidates’ unrounded vote shares,MARGIN Harris +11 Calculated using candidates’ unrounded vote shares,MARGIN Harris +11 Calculated using candidates’ unrounded vote shares,MARGIN Harris +11 Calculated using candidates’ unrounded vote shares,MARGIN Harris +11 Calculated using candidates’ unrounded vote shares,MARGIN Harris +11 Calculated using candidates’ unrounded vote shares,MARGIN Harris +11 Calculated using candidates’ unrounded vote shares,MARGIN Harris +11 Calculated using candidates’ unrounded vote shares,MARGIN Harris +11 Calculated using candidates’ unrounded vote shares,MARGIN Harris +11 Calculated using candidates’ unrounded vote shares,MARGIN Harris +11 Calculated using candidates’ unrounded vote shares,MARGIN Harris +11 Calculated using candidates’ unrounded vote shares,MARGIN Harris +11 Calculated using candidates’ unrounded vote shares,MARGIN Harris +11 Calculated using candidates’ unrounded vote shares,MARGIN Harris +11 Calculated using candidates’ unrounded vote shares,MARGIN Harris +11 Calculated using candidates’ unrounded vote shares
Helping the working class,Kamala Harris,51%,42%,58%,51%,55%,48%,50%,47%,83%,60%,57%,47%,67%,30%,48%,83%,51%,47%,42%,96%,4%,19%,93%,8%,47%,88%,13%,51%,91%,5%
Helping the working class,Donald Trump,47%,56%,39%,47%,40%,51%,47%,51%,16%,38%,41%,51%,29%,69%,50%,17%,45%,50%,55%,3%,94%,49%,6%,91%,46%,11%,85%,43%,8%,94%
Helping the working class,[VOL] Don’t know/Refused,2%,2%,3%,2%,5%,1%,2%,3%,<1%,2%,2%,3%,4%,1%,2%,0%,4%,3%,3%,1%,2%,32%,<.5%,1%,6%,1%,2%,7%,1%,1%
Helping the working class,MARGIN Harris +4 Calculated using candidates’ unrounded vote shares,MARGIN Harris +4 Calculated using candidates’ unrounded vote shares,MARGIN Harris +4 Calculated using candidates’ unrounded vote shares,MARGIN Harris +4 Calculated using candidates’ unrounded vote shares,MARGIN Harris +4 Calculated using candidates’ unrounded vote shares,MARGIN Harris +4 Calculated using candidates’ unrounded vote shares,MARGIN Harris +4 Calculated using candidates’ unrounded vote shares,MARGIN Harris +4 Calculated using candidates’ unrounded vote shares,MARGIN Harris +4 Calculated using candidates’ unrounded vote shares,MARGIN Harris +4 Calculated using candidates’ unrounded vote shares,MARGIN Harris +4 Calculated using candidates’ unrounded vote shares,MARGIN Harris +4 Calculated using candidates’ unrounded vote shares,MARGIN Harris +4 Calculated using candidates’ unrounded vote shares,MARGIN Harris +4 Calculated using candidates’ unrounded vote shares,MARGIN Harris +4 Calculated using candidates’ unrounded vote shares,MARGIN Harris +4 Calculated using candidates’ unrounded vote shares,MARGIN Harris +4 Calculated using candidates’ unrounded vote shares,MARGIN Harris +4 Calculated using candidates’ unrounded vote shares,MARGIN Harris +4 Calculated using candidates’ unrounded vote shares,MARGIN Harris +4 Calculated using candidates’ unrounded vote shares,MARGIN Harris +4 Calculated using candidates’ unrounded vote shares,MARGIN Harris +4 Calculated using candidates’ unrounded vote shares,MARGIN Harris +4 Calculated using candidates’ unrounded vote shares,MARGIN Harris +4 Calculated using candidates’ unrounded vote shares,MARGIN Harris +4 Calculated using candidates’ unrounded vote shares,MARGIN Harris +4 Calculated using candidates’ unrounded vote shares,MARGIN Harris +4 Calculated using candidates’ unrounded vote shares,MARGIN Harris +4 Calculated using candidates’ unrounded vote shares,MARGIN Harris +4 Calculated using candidates’ unrounded vote shares,MARGIN Harris +4 Calculated using candidates’ unrounded vote shares,MARGIN Harris +4 Calculated using candidates’ unrounded vote shares
Helping people like you,Kamala Harris,49%,41%,56%,50%,53%,45%,49%,45%,82%,55%,53%,46%,64%,28%,47%,77%,50%,45%,40%,94%,2%,8%,94%,4%,43%,86%,10%,49%,90%,3%
Helping people like you,Donald Trump,47%,56%,40%,47%,40%,52%,47%,51%,14%,40%,42%,51%,32%,68%,51%,19%,44%,49%,58%,2%,95%,55%,5%,93%,47%,11%,86%,44%,7%,95%
Helping people like you,[VOL] Don’t know/Refused,4%,4%,5%,3%,7%,2%,4%,4%,4%,5%,5%,4%,3%,4%,2%,4%,6%,6%,3%,4%,3%,37%,1%,3%,10%,3%,4%,8%,3%,2%
Helping people like you,MARGIN Harris +1 Calculated using candidates’ unrounded vote shares,MARGIN Harris +1 Calculated using candidates’ unrounded vote shares,MARGIN Harris +1 Calculated using candidates’ unrounded vote shares,MARGIN Harris +1 Calculated using candidates’ unrounded vote shares,MARGIN Harris +1 Calculated using candidates’ unrounded vote shares,MARGIN Harris +1 Calculated using candidates’ unrounded vote shares,MARGIN Harris +1 Calculated using candidates’ unrounded vote shares,MARGIN Harris +1 Calculated using candidates’ unrounded vote shares,MARGIN Harris +1 Calculated using candidates’ unrounded vote shares,MARGIN Harris +1 Calculated using candidates’ unrounded vote shares,MARGIN Harris +1 Calculated using candidates’ unrounded vote shares,MARGIN Harris +1 Calculated using candidates’ unrounded vote shares,MARGIN Harris +1 Calculated using candidates’ unrounded vote shares,MARGIN Harris +1 Calculated using candidates’ unrounded vote shares,MARGIN Harris +1 Calculated using candidates’ unrounded vote shares,MARGIN Harris +1 Calculated using candidates’ unrounded vote shares,MARGIN Harris +1 Calculated using candidates’ unrounded vote shares,MARGIN Harris +1 Calculated using candidates’ unrounded vote shares,MARGIN Harris +1 Calculated using candidates’ unrounded vote shares,MARGIN Harris +1 Calculated using candidates’ unrounded vote shares,MARGIN Harris +1 Calculated using candidates’ unrounded vote shares,MARGIN Harris +1 Calculated using candidates’ unrounded vote shares,MARGIN Harris +1 Calculated using candidates’ unrounded vote shares,MARGIN Harris +1 Calculated using candidates’ unrounded vote shares,MARGIN Harris +1 Calculated using candidates’ unrounded vote shares,MARGIN Harris +1 Calculated using candidates’ unrounded vote shares,MARGIN Harris +1 Calculated using candidates’ unrounded vote shares,MARGIN Harris +1 Calculated using candidates’ unrounded vote shares,MARGIN Harris +1 Calculated using candidates’ unrounded vote shares,MARGIN Harris +1 Calculated using candidates’ unrounded vote shares,MARGIN Harris +1 Calculated using candidates’ unrounded vote shares
"In the past few months, have you been contacted IN PERSON on behalf of either presidential candidate, either by a campaign worker or someone affiliated with the campaign?","Yes, the Harris campaign or people associated",11%,7%,14%,14%,9%,13%,8%,9%,27%,7%,16%,8%,13%,5%,12%,20%,11%,7%,9%,17%,4%,7%,21%,3%,8%,19%,3%,9%,19%,3%
"In the past few months, have you been contacted IN PERSON on behalf of either presidential candidate, either by a campaign worker or someone affiliated with the campaign?","Yes, the Trump campaign or people associated",7%,7%,7%,6%,5%,8%,7%,8%,<1%,4%,7%,6%,7%,7%,12%,1%,6%,8%,5%,2%,12%,8%,2%,15%,3%,1%,13%,5%,2%,13%
"In the past few months, have you been contacted IN PERSON on behalf of either presidential candidate, either by a campaign worker or someone affiliated with the campaign?","Yes, both",11%,10%,11%,15%,12%,12%,7%,10%,16%,15%,12%,10%,14%,6%,7%,16%,12%,7%,14%,12%,9%,0%,12%,9%,11%,12%,9%,10%,11%,10%
"In the past few months, have you been contacted IN PERSON on behalf of either presidential candidate, either by a campaign worker or someone affiliated with the campaign?",No,70%,75%,66%,65%,71%,67%,77%,72%,55%,72%,64%,75%,63%,82%,67%,56%,68%,77%,72%,66%,74%,75%,64%,73%,76%,65%,74%,74%,66%,74%
"In the past few months, have you been contacted IN PERSON on behalf of either presidential candidate, either by a campaign worker or someone affiliated with the campaign?",[VOL] Don't know/Refused,2%,1%,2%,<1%,3%,<1%,<1%,1%,2%,1%,2%,<1%,3%,<.5%,1%,6%,2%,<1%,0%,2%,<1%,10%,2%,<.5%,2%,2%,<1%,3%,2%,<1%
"In the past few months, have you been contacted IN PERSON on behalf of either presidential candidate, either by a campaign worker or someone affiliated with the campaign?",Number of respondents,792,360,427,128,170,254,218,633,75,62,381,405,84,110,135,89,169,110,95,422,352,18,297,263,208,349,319,124,368,283
Do you support or oppose increasing the Pennsylvania minimum wage from its current rate of $7.25 an hour?,Strongly support,62%,51%,72%,52%,78%,61%,58%,60%,89%,66%,60%,63%,76%,53%,59%,91%,63%,57%,45%,85%,38%,49%,88%,38%,59%,87%,37%,63%,86%,39%
Do you support or oppose increasing the Pennsylvania minimum wage from its current rate of $7.25 an hour?,Somewhat support,20%,25%,15%,27%,11%,20%,21%,22%,3%,13%,22%,18%,10%,24%,26%,5%,18%,24%,23%,11%,29%,19%,8%,31%,21%,9%,31%,18%,9%,29%
Do you support or oppose increasing the Pennsylvania minimum wage from its current rate of $7.25 an hour?,Somewhat oppose,7%,9%,5%,4%,5%,8%,6%,7%,1%,6%,8%,6%,7%,7%,6%,0%,9%,6%,9%,2%,12%,6%,<1%,11%,9%,<1%,12%,6%,2%,11%
Do you support or oppose increasing the Pennsylvania minimum wage from its current rate of $7.25 an hour?,Strongly oppose,7%,10%,4%,10%,4%,9%,7%,7%,4%,13%,5%,8%,7%,9%,5%,2%,7%,5%,13%,2%,13%,2%,2%,14%,5%,2%,13%,3%,2%,14%
Do you support or oppose increasing the Pennsylvania minimum wage from its current rate of $7.25 an hour?,[VOL] Don't know/Refused,5%,5%,4%,6%,2%,2%,8%,5%,3%,2%,4%,5%,0%,7%,4%,1%,3%,8%,10%,1%,8%,24%,1%,6%,7%,2%,6%,10%,<1%,7%
Do you support or oppose increasing the Pennsylvania minimum wage from its current rate of $7.25 an hour?,NET Support,82%,76%,87%,79%,89%,81%,79%,82%,92%,79%,82%,81%,86%,77%,85%,97%,82%,81%,69%,96%,67%,68%,96%,69%,79%,96%,68%,81%,95%,68%
Do you support or oppose increasing the Pennsylvania minimum wage from its current rate of $7.25 an hour?,NET Oppose,14%,19%,9%,14%,9%,16%,12%,14%,6%,19%,13%,14%,14%,16%,12%,2%,16%,12%,21%,3%,25%,8%,3%,24%,13%,3%,26%,9%,4%,25%
Do you support or oppose increasing the Pennsylvania minimum wage from its current rate of $7.25 an hour?,Number of respondents,792,360,427,128,170,254,218,633,75,62,381,405,84,110,135,89,169,110,95,422,352,18,297,263,208,349,319,124,368,283
What single news source do you turn to most often?,[VOL] Fox News,16%,18%,14%,11%,7%,16%,24%,17%,11%,4%,14%,17%,5%,17%,22%,14%,12%,19%,21%,2%,31%,16%,3%,35%,9%,4%,31%,8%,3%,35%
What single news source do you turn to most often?,[VOL] Social media,16%,17%,15%,33%,24%,14%,7%,14%,17%,33%,15%,17%,11%,15%,14%,14%,21%,15%,18%,15%,17%,9%,14%,15%,20%,16%,15%,20%,17%,14%
What single news source do you turn to most often?,"[VOL] National television networks, like CBS, NBC or ABC",12%,10%,13%,8%,8%,16%,12%,11%,20%,16%,11%,13%,12%,8%,10%,22%,14%,13%,7%,19%,4%,7%,21%,4%,10%,19%,5%,10%,19%,6%
What single news source do you turn to most often?,[VOL] CNN,9%,7%,10%,6%,11%,10%,8%,9%,15%,3%,11%,7%,18%,7%,10%,8%,7%,5%,8%,14%,3%,10%,15%,3%,7%,14%,4%,5%,14%,4%
What single news source do you turn to most often?,"[VOL] Local broadcast news (includes non-talk, non-public local radio)",7%,5%,9%,7%,3%,7%,10%,6%,7%,15%,4%,9%,14%,7%,2%,7%,5%,10%,7%,7%,8%,0%,7%,9%,6%,6%,7%,10%,6%,8%
What single news source do you turn to most often?,"[VOL] National print or online news organizations, like The New York Times or The Wall Street Journal",6%,7%,5%,11%,7%,4%,5%,7%,1%,2%,11%,3%,11%,4%,8%,5%,6%,3%,5%,8%,3%,6%,6%,6%,7%,7%,5%,5%,8%,2%
What single news source do you turn to most often?,[VOL] Public Radio/NPR/PBS,5%,4%,6%,3%,8%,3%,5%,5%,3%,2%,6%,4%,5%,3%,5%,6%,9%,1%,2%,8%,<1%,12%,7%,0%,8%,8%,<1%,5%,8%,<1%
What single news source do you turn to most often?,[VOL] MSNBC,4%,2%,6%,<.5%,1%,3%,8%,4%,5%,1%,5%,4%,3%,3%,7%,2%,2%,3%,8%,7%,<.5%,0%,9%,<.5%,2%,8%,1%,<1%,8%,<.5%
What single news source do you turn to most often?,[VOL] Newsmax,3%,4%,3%,0%,1%,3%,7%,4%,0%,1%,2%,4%,1%,7%,6%,<1%,4%,0%,2%,0%,7%,0%,0%,8%,2%,<.5%,7%,1%,0%,8%
What single news source do you turn to most often?,"[VOL] International news sources (such as the BBC, Al Jazeera and The Guardian)",3%,4%,1%,<1%,6%,3%,2%,2%,6%,4%,3%,3%,0%,4%,<1%,7%,3%,3%,2%,3%,2%,2%,2%,1%,5%,2%,2%,7%,3%,1%
What single news source do you turn to most often?,"[VOL] Aggregation sites (such as Bing, Google, Yahoo News or Apple News)",3%,2%,3%,3%,2%,4%,1%,3%,0%,0%,3%,3%,5%,2%,2%,<1%,1%,6%,<1%,2%,3%,12%,2%,2%,5%,2%,3%,3%,2%,3%
What single news source do you turn to most often?,[VOL] Conservative news sites,1%,2%,<.5%,<1%,2%,3%,0%,2%,0%,0%,<1%,2%,2%,5%,1%,0%,<1%,<.5%,0%,0%,3%,0%,0%,2%,2%,0%,2%,4%,<.5%,3%
What single news source do you turn to most often?,[VOL] Liberal news sites (Such as Mother Jones and Occupy Democrats),<1%,2%,<.5%,0%,1%,<1%,<.5%,1%,0%,1%,<1%,1%,<1%,0%,<1%,1%,0%,2%,3%,2%,0%,4%,1%,0%,<1%,1%,<1%,1%,1%,0%
What single news source do you turn to most often?,[VOL] Local print or online news organizations,<1%,1%,<.5%,<.5%,3%,0%,0%,<.5%,0%,5%,<1%,<1%,0%,0%,0%,2%,2%,0%,0%,1%,0%,0%,2%,0%,<.5%,2%,0%,0%,1%,0%
What single news source do you turn to most often?,[VOL] Talk radio/conservative personality,<.5%,<1%,<.5%,0%,0%,<1%,0%,<.5%,0%,0%,1%,0%,0%,<1%,0%,0%,<1%,0%,1%,0%,<1%,0%,0%,<1%,<1%,0%,<1%,0%,0%,<1%
What single news source do you turn to most often?,[VOL] Friends and family,<.5%,<.5%,0%,0%,0%,0%,0%,0%,0%,<1%,0%,<.5%,0%,0%,0%,0%,0%,<.5%,0%,<.5%,0%,0%,0%,0%,0%,0%,0%,<1%,<.5%,0%
What single news source do you turn to most often?,[VOL] Doesn’t consume news,2%,2%,2%,0%,4%,2%,<1%,2%,2%,0%,2%,2%,4%,0%,2%,0%,2%,2%,5%,<1%,3%,8%,<1%,3%,2%,<1%,3%,4%,1%,3%
What single news source do you turn to most often?,[VOL] Other (includes no preference and the internet),7%,8%,7%,7%,8%,7%,7%,8%,7%,2%,7%,8%,2%,8%,5%,5%,7%,14%,8%,6%,9%,8%,6%,8%,10%,5%,9%,9%,6%,9%
What single news source do you turn to most often?,[VOL] Don't know/Refused,4%,4%,4%,7%,4%,5%,1%,3%,6%,9%,3%,5%,5%,7%,3%,3%,2%,5%,2%,3%,5%,5%,4%,3%,3%,4%,3%,5%,2%,4%
What single news source do you turn to most often?,Number of respondents,792,360,427,128,170,254,218,633,75,62,381,405,84,110,135,89,169,110,95,422,352,18,297,263,208,349,319,124,368,283
"And just a few more questions for demographic purposes...Do you consider yourself politically liberal, moderate or conservative?",Very liberal,11%,9%,13%,15%,15%,9%,9%,12%,11%,10%,16%,8%,18%,8%,9%,21%,9%,12%,7%,21%,2%,0%,22%,1%,6%,21%,<1%,11%,20%,2%
"And just a few more questions for demographic purposes...Do you consider yourself politically liberal, moderate or conservative?",Somewhat liberal,12%,7%,16%,15%,14%,7%,14%,11%,20%,12%,11%,12%,15%,8%,9%,16%,17%,6%,12%,20%,4%,1%,24%,2%,10%,22%,3%,7%,21%,3%
"And just a few more questions for demographic purposes...Do you consider yourself politically liberal, moderate or conservative?",Moderate,36%,38%,35%,35%,39%,41%,31%,37%,40%,30%,41%,34%,43%,33%,39%,41%,41%,31%,25%,48%,24%,37%,43%,20%,50%,43%,27%,42%,47%,21%
"And just a few more questions for demographic purposes...Do you consider yourself politically liberal, moderate or conservative?",Somewhat conservative,19%,20%,18%,19%,18%,19%,19%,18%,12%,34%,16%,21%,12%,17%,21%,12%,16%,25%,28%,6%,33%,29%,6%,32%,20%,7%,30%,22%,7%,32%
"And just a few more questions for demographic purposes...Do you consider yourself politically liberal, moderate or conservative?",Very conservative,18%,23%,14%,13%,10%,21%,23%,19%,12%,14%,15%,20%,8%,30%,18%,9%,12%,22%,27%,2%,35%,25%,3%,40%,11%,4%,35%,11%,3%,40%
"And just a few more questions for demographic purposes...Do you consider yourself politically liberal, moderate or conservative?",[VOL] Don't know/Refused,3%,3%,4%,2%,4%,3%,4%,3%,5%,<.5%,1%,5%,4%,4%,4%,<1%,4%,5%,0%,3%,4%,8%,2%,4%,4%,3%,3%,7%,3%,3%
"And just a few more questions for demographic purposes...Do you consider yourself politically liberal, moderate or conservative?",Number of respondents,792,360,427,128,170,254,218,633,75,62,381,405,84,110,135,89,169,110,95,422,352,18,297,263,208,349,319,124,368,283
Which of the following general income categories is your total household income before taxes?,"Under $25,000",11%,11%,10%,11%,8%,11%,12%,9%,16%,23%,4%,15%,10%,16%,6%,17%,5%,16%,11%,13%,8%,13%,15%,9%,7%,13%,8%,10%,13%,8%
Which of the following general income categories is your total household income before taxes?,"At least $25,000 but under $50,000",14%,8%,20%,11%,13%,11%,20%,13%,31%,16%,6%,19%,14%,12%,20%,23%,9%,14%,11%,16%,13%,10%,19%,12%,9%,17%,11%,15%,16%,12%
Which of the following general income categories is your total household income before taxes?,"At least $50,000 but under $100,000",31%,33%,28%,35%,34%,27%,32%,33%,23%,26%,28%,33%,31%,35%,35%,19%,26%,29%,40%,32%,30%,14%,31%,32%,30%,30%,31%,31%,32%,31%
Which of the following general income categories is your total household income before taxes?,"At least $100,000 but under $200,000",24%,28%,21%,19%,27%,30%,20%,26%,10%,19%,35%,18%,26%,24%,26%,21%,30%,21%,18%,24%,25%,29%,21%,23%,31%,24%,26%,19%,23%,27%
Which of the following general income categories is your total household income before taxes?,"$200,000 or more",10%,11%,8%,6%,15%,15%,2%,10%,8%,5%,20%,4%,11%,3%,7%,10%,18%,7%,8%,9%,11%,12%,7%,8%,15%,8%,9%,16%,11%,8%
Which of the following general income categories is your total household income before taxes?,[VOL] Refused,11%,9%,12%,18%,4%,5%,15%,9%,11%,11%,7%,12%,8%,10%,7%,10%,13%,14%,11%,8%,13%,21%,8%,16%,8%,7%,14%,9%,6%,15%
Which of the following general income categories is your total household income before taxes?,Number of respondents,792,360,427,128,170,254,218,633,75,62,381,405,84,110,135,89,169,110,95,422,352,18,297,263,208,349,319,124,368,283
"Do you consider yourself Catholic, Protestant, Mormon, Jewish, Muslim, some other religion, or do you have no religious affiliation?",Catholic,27%,25%,29%,23%,27%,26%,33%,28%,5%,39%,29%,26%,36%,16%,30%,22%,35%,16%,34%,29%,25%,36%,32%,27%,23%,30%,26%,22%,31%,26%
"Do you consider yourself Catholic, Protestant, Mormon, Jewish, Muslim, some other religion, or do you have no religious affiliation?",Protestant/Christian,39%,40%,38%,31%,29%,45%,43%,40%,54%,18%,36%,41%,26%,60%,41%,28%,33%,41%,38%,27%,51%,39%,30%,50%,35%,29%,49%,39%,28%,54%
"Do you consider yourself Catholic, Protestant, Mormon, Jewish, Muslim, some other religion, or do you have no religious affiliation?",Mormon/Latter-day Saints,<.5%,<.5%,<1%,<1%,0%,0%,1%,<.5%,1%,0%,0%,<1%,3%,0%,0%,0%,<.5%,0%,0%,<1%,0%,0%,<1%,0%,<.5%,<1%,0%,0%,<1%,0%
"Do you consider yourself Catholic, Protestant, Mormon, Jewish, Muslim, some other religion, or do you have no religious affiliation?",Jewish,3%,2%,3%,2%,4%,<1%,3%,3%,4%,0%,5%,1%,3%,<1%,2%,4%,4%,4%,0%,3%,2%,0%,2%,1%,6%,3%,3%,2%,4%,<1%
"Do you consider yourself Catholic, Protestant, Mormon, Jewish, Muslim, some other religion, or do you have no religious affiliation?",Muslim,1%,2%,1%,1%,2%,2%,<.5%,0%,14%,1%,<1%,2%,<1%,0%,1%,10%,0%,0%,0%,2%,<1%,4%,2%,<.5%,2%,2%,<.5%,2%,1%,<.5%
"Do you consider yourself Catholic, Protestant, Mormon, Jewish, Muslim, some other religion, or do you have no religious affiliation?",[VOL] Greek/Russian Orthodox,<.5%,0%,<.5%,0%,0%,0%,<.5%,<.5%,0%,0%,<.5%,0%,0%,0%,0%,0%,0%,<1%,0%,<.5%,0%,0%,<.5%,0%,0%,<.5%,0%,0%,<.5%,0%
"Do you consider yourself Catholic, Protestant, Mormon, Jewish, Muslim, some other religion, or do you have no religious affiliation?",[VOL] Hindu,<.5%,<.5%,<1%,<1%,<1%,0%,0%,0%,0%,5%,1%,0%,0%,0%,0%,1%,0%,2%,0%,<1%,0%,0%,<1%,<1%,0%,<1%,<.5%,0%,<1%,0%
"Do you consider yourself Catholic, Protestant, Mormon, Jewish, Muslim, some other religion, or do you have no religious affiliation?",[VOL] Buddhist,<.5%,<.5%,<.5%,<1%,<1%,0%,0%,<.5%,<.5%,<.5%,<.5%,0%,0%,0%,0%,<.5%,<.5%,0%,<1%,<.5%,0%,0%,<.5%,0%,<.5%,<.5%,0%,<1%,<.5%,0%
"Do you consider yourself Catholic, Protestant, Mormon, Jewish, Muslim, some other religion, or do you have no religious affiliation?",Some other religion (specify),2%,3%,<1%,2%,<1%,1%,3%,2%,2%,0%,<1%,2%,<1%,2%,2%,0%,1%,3%,<1%,2%,1%,0%,2%,1%,1%,2%,1%,1%,2%,<.5%
"Do you consider yourself Catholic, Protestant, Mormon, Jewish, Muslim, some other religion, or do you have no religious affiliation?",No religious affiliation,25%,25%,24%,38%,33%,24%,15%,24%,20%,34%,25%,25%,28%,19%,21%,34%,24%,32%,21%,34%,17%,6%,29%,16%,30%,31%,17%,29%,31%,16%
"Do you consider yourself Catholic, Protestant, Mormon, Jewish, Muslim, some other religion, or do you have no religious affiliation?",[VOL] Don't know/Refused,2%,2%,2%,0%,2%,2%,2%,2%,0%,2%,2%,2%,2%,2%,3%,0%,2%,<1%,5%,<1%,3%,15%,<1%,3%,3%,<1%,3%,4%,1%,3%
"Do you consider yourself Catholic, Protestant, Mormon, Jewish, Muslim, some other religion, or do you have no religious affiliation?",Number of respondents,792,360,427,128,170,254,218,633,75,62,381,405,84,110,135,89,169,110,95,422,352,18,297,263,208,349,319,124,368,283
"(If Protestant, Christian, Mormon, Greek/Russian Orthodox or some other religion) Do you consider yourself an evangelical or born-again Christian?",Yes,21%,22%,20%,20%,17%,22%,24%,21%,38%,11%,17%,24%,10%,41%,22%,17%,12%,22%,25%,11%,32%,20%,11%,33%,19%,11%,33%,16%,11%,36%
"(If Protestant, Christian, Mormon, Greek/Russian Orthodox or some other religion) Do you consider yourself an evangelical or born-again Christian?",No,21%,21%,20%,12%,16%,25%,23%,23%,14%,14%,22%,20%,17%,24%,20%,11%,25%,24%,17%,22%,20%,6%,22%,20%,19%,21%,19%,26%,23%,19%
"(If Protestant, Christian, Mormon, Greek/Russian Orthodox or some other religion) Do you consider yourself an evangelical or born-again Christian?","[PREVIOUSLY] Catholic, Jewish, Muslim, no religious affiliation or refused",57%,55%,59%,64%,66%,51%,52%,56%,43%,74%,61%,54%,69%,35%,57%,70%,63%,51%,57%,66%,47%,61%,65%,47%,60%,66%,48%,55%,66%,45%
"(If Protestant, Christian, Mormon, Greek/Russian Orthodox or some other religion) Do you consider yourself an evangelical or born-again Christian?",[VOL] Refused,1%,2%,<1%,3%,<1%,2%,<1%,<1%,5%,1%,0%,2%,3%,<1%,<1%,1%,<.5%,3%,<.5%,1%,<1%,13%,1%,1%,1%,1%,<1%,3%,<1%,<.5%
"(If Protestant, Christian, Mormon, Greek/Russian Orthodox or some other religion) Do you consider yourself an evangelical or born-again Christian?",Number of respondents,792,360,427,128,170,254,218,633,75,62,381,405,84,110,135,89,169,110,95,422,352,18,297,263,208,349,319,124,368,283
Would you be open to commenting on the issues in this survey and be interested in being contacted by a reporter?,Yes,31%,39%,25%,35%,30%,32%,31%,31%,33%,36%,32%,32%,36%,25%,32%,36%,38%,27%,24%,32%,31%,23%,30%,28%,39%,32%,29%,37%,36%,26%
Would you be open to commenting on the issues in this survey and be interested in being contacted by a reporter?,No,69%,61%,75%,65%,70%,68%,69%,69%,67%,64%,68%,68%,64%,75%,68%,64%,62%,73%,76%,68%,69%,77%,70%,72%,61%,68%,71%,63%,64%,74%
Would you be open to commenting on the issues in this survey and be interested in being contacted by a reporter?,Number of respondents,792,360,427,128,170,254,218,633,75,62,381,405,84,110,135,89,169,110,95,422,352,18,297,263,208,349,319,124,368,283
