itm,v1,registered_voters_registered_voters,gender_men,gender_women,age_18_29,age_30_44,age_45_64,age_65,race_ethnicity_white,race_ethnicity_black,race_ethnicity_hispanic,race_ethnicity_oth,education_b_a,education_no_b_a,race_education_white_college,race_education_white_no_college,race_education_non_white_college,race_education_non_white_no_college,region_midwest,region_north_east,region_south,region_west,neighborhood_type_city,neighborhood_type_suburb,neighborhood_type_rural_small_town,x2024_vote_head_to_head_harris,x2024_vote_head_to_head_trump,x2024_vote_head_to_head_oth,x2024_vote_includes_third_parties_harris,x2024_vote_includes_third_parties_trump,x2024_vote_includes_third_parties_kennedy
"Do you think the United States is on the right track, or is it headed in the wrong direction?",Right track,28%,30%,26%,27%,20%,28%,35%,24%,36%,34%,34%,33%,24%,31%,19%,38%,34%,23%,30%,25%,34%,30%,30%,23%,49%,8%,18%,50%,7%,26%
"Do you think the United States is on the right track, or is it headed in the wrong direction?",Wrong direction,61%,59%,62%,60%,65%,63%,54%,64%,52%,53%,53%,51%,66%,55%,72%,43%,57%,66%,58%,65%,51%,56%,59%,66%,37%,83%,57%,36%,86%,60%
"Do you think the United States is on the right track, or is it headed in the wrong direction?",[VOLUNTEERED] Don't know/Refused,12%,11%,13%,13%,15%,9%,11%,11%,12%,13%,13%,15%,9%,14%,9%,19%,9%,11%,12%,10%,15%,14%,11%,11%,14%,8%,25%,14%,7%,14%
"Do you think the United States is on the right track, or is it headed in the wrong direction?",Number of respondents,"1,142",557,576,185,296,393,231,757,124,121,110,583,549,420,333,148,205,246,236,395,265,239,525,378,548,530,64,492,463,72
"Thinking ahead to the presidential general election, are you almost certain that you will vote, very likely to vote, somewhat likely to vote, not very likely to vote or not at all likely to vote?",Almost certain,62%,60%,63%,38%,59%,66%,73%,68%,51%,50%,46%,66%,59%,69%,67%,54%,47%,69%,62%,63%,52%,55%,60%,68%,65%,60%,44%,67%,64%,46%
"Thinking ahead to the presidential general election, are you almost certain that you will vote, very likely to vote, somewhat likely to vote, not very likely to vote or not at all likely to vote?",Very likely,24%,25%,24%,34%,21%,23%,22%,23%,21%,29%,31%,24%,24%,23%,23%,27%,27%,19%,19%,26%,31%,23%,26%,24%,22%,28%,17%,22%,28%,18%
"Thinking ahead to the presidential general election, are you almost certain that you will vote, very likely to vote, somewhat likely to vote, not very likely to vote or not at all likely to vote?",Somewhat likely,7%,7%,6%,18%,8%,4%,1%,5%,12%,8%,8%,6%,7%,4%,6%,11%,9%,5%,8%,6%,9%,11%,7%,4%,6%,6%,16%,6%,4%,18%
"Thinking ahead to the presidential general election, are you almost certain that you will vote, very likely to vote, somewhat likely to vote, not very likely to vote or not at all likely to vote?",Not very likely,2%,2%,2%,5%,3%,1%,<.5%,1%,4%,4%,2%,2%,2%,2%,1%,2%,4%,3%,3%,<1%,3%,3%,2%,2%,2%,2%,7%,<1%,1%,8%
"Thinking ahead to the presidential general election, are you almost certain that you will vote, very likely to vote, somewhat likely to vote, not very likely to vote or not at all likely to vote?",Not at all likely,3%,3%,3%,5%,6%,3%,<1%,1%,6%,6%,9%,1%,5%,<1%,2%,3%,9%,3%,5%,3%,3%,5%,4%,2%,3%,2%,12%,2%,1%,7%
"Thinking ahead to the presidential general election, are you almost certain that you will vote, very likely to vote, somewhat likely to vote, not very likely to vote or not at all likely to vote?",[VOL] Already voted,0%,0%,0%,0%,0%,0%,0%,0%,0%,0%,0%,0%,0%,0%,0%,0%,0%,0%,0%,0%,0%,0%,0%,0%,0%,0%,0%,0%,0%,0%
"Thinking ahead to the presidential general election, are you almost certain that you will vote, very likely to vote, somewhat likely to vote, not very likely to vote or not at all likely to vote?",[VOL] Don't know/Refused,2%,2%,2%,<1%,4%,3%,1%,1%,5%,2%,4%,2%,2%,1%,1%,3%,4%,1%,3%,2%,3%,4%,2%,<1%,2%,2%,5%,2%,2%,3%
"Thinking ahead to the presidential general election, are you almost certain that you will vote, very likely to vote, somewhat likely to vote, not very likely to vote or not at all likely to vote?",Number of respondents,"1,142",557,576,185,296,393,231,757,124,121,110,583,549,420,333,148,205,246,236,395,265,239,525,378,548,530,64,492,463,72
"(including leaners) If the 2024 presidential election were held today, who would you vote for if the candidates were:","Kamala [COMMA-luh] Harris, the Democrat",46%,37%,55%,56%,46%,43%,47%,40%,69%,57%,53%,58%,39%,56%,28%,65%,58%,46%,48%,41%,53%,56%,50%,36%,100%,0%,0%,100%,0%,23%
"(including leaners) If the 2024 presidential election were held today, who would you vote for if the candidates were:","Donald Trump, the Republican",48%,56%,40%,38%,47%,52%,49%,56%,23%,38%,37%,36%,55%,40%,67%,24%,36%,49%,43%,55%,40%,37%,45%,59%,0%,100%,0%,0%,100%,48%
"(including leaners) If the 2024 presidential election were held today, who would you vote for if the candidates were:",[VOL] Don't know/Refused,6%,7%,5%,7%,7%,5%,4%,5%,8%,5%,10%,5%,6%,3%,6%,11%,6%,5%,8%,4%,7%,7%,5%,5%,0%,0%,100%,0%,0%,29%
"(including leaners) If the 2024 presidential election were held today, who would you vote for if the candidates were:",MARGIN Trump +2 Calculated using candidates’ unrounded vote shares,MARGIN Trump +2 Calculated using candidates’ unrounded vote shares,MARGIN Trump +2 Calculated using candidates’ unrounded vote shares,MARGIN Trump +2 Calculated using candidates’ unrounded vote shares,MARGIN Trump +2 Calculated using candidates’ unrounded vote shares,MARGIN Trump +2 Calculated using candidates’ unrounded vote shares,MARGIN Trump +2 Calculated using candidates’ unrounded vote shares,MARGIN Trump +2 Calculated using candidates’ unrounded vote shares,MARGIN Trump +2 Calculated using candidates’ unrounded vote shares,MARGIN Trump +2 Calculated using candidates’ unrounded vote shares,MARGIN Trump +2 Calculated using candidates’ unrounded vote shares,MARGIN Trump +2 Calculated using candidates’ unrounded vote shares,MARGIN Trump +2 Calculated using candidates’ unrounded vote shares,MARGIN Trump +2 Calculated using candidates’ unrounded vote shares,MARGIN Trump +2 Calculated using candidates’ unrounded vote shares,MARGIN Trump +2 Calculated using candidates’ unrounded vote shares,MARGIN Trump +2 Calculated using candidates’ unrounded vote shares,MARGIN Trump +2 Calculated using candidates’ unrounded vote shares,MARGIN Trump +2 Calculated using candidates’ unrounded vote shares,MARGIN Trump +2 Calculated using candidates’ unrounded vote shares,MARGIN Trump +2 Calculated using candidates’ unrounded vote shares,MARGIN Trump +2 Calculated using candidates’ unrounded vote shares,MARGIN Trump +2 Calculated using candidates’ unrounded vote shares,MARGIN Trump +2 Calculated using candidates’ unrounded vote shares,MARGIN Trump +2 Calculated using candidates’ unrounded vote shares,MARGIN Trump +2 Calculated using candidates’ unrounded vote shares,MARGIN Trump +2 Calculated using candidates’ unrounded vote shares,MARGIN Trump +2 Calculated using candidates’ unrounded vote shares,MARGIN Trump +2 Calculated using candidates’ unrounded vote shares,MARGIN Trump +2 Calculated using candidates’ unrounded vote shares,MARGIN Trump +2 Calculated using candidates’ unrounded vote shares
"(Without leaners)  If the 2024 presidential election were held today, who would you vote for if the candidates were:","Kamala [COMMA-luh] Harris, the Democrat",42%,33%,50%,47%,39%,39%,45%,37%,65%,46%,42%,54%,34%,53%,25%,58%,49%,43%,42%,38%,46%,50%,43%,34%,90%,0%,0%,100%,0%,0%
"(Without leaners)  If the 2024 presidential election were held today, who would you vote for if the candidates were:","Donald Trump, the Republican",42%,49%,35%,34%,36%,48%,45%,51%,17%,34%,25%,31%,49%,36%,62%,13%,30%,44%,38%,50%,33%,31%,39%,54%,0%,88%,0%,0%,100%,0%
"(Without leaners)  If the 2024 presidential election were held today, who would you vote for if the candidates were:","Robert F. Kennedy Jr., the third-party candidate",6%,7%,5%,8%,8%,5%,6%,6%,4%,7%,10%,6%,6%,5%,7%,11%,5%,8%,8%,3%,8%,5%,7%,6%,3%,6%,31%,0%,0%,100%
"(Without leaners)  If the 2024 presidential election were held today, who would you vote for if the candidates were:","Jill Stein, the Green Party candidate",<1%,<1%,<.5%,2%,<.5%,<.5%,0%,<.5%,0%,1%,3%,<1%,<.5%,<.5%,0%,2%,1%,<1%,<.5%,<1%,<.5%,0%,<1%,<.5%,<1%,0%,3%,0%,0%,0%
"(Without leaners)  If the 2024 presidential election were held today, who would you vote for if the candidates were:","[VOL] Cornel West, the third-party candidate",<.5%,<.5%,<.5%,<1%,<.5%,0%,0%,<.5%,0%,<1%,<1%,<.5%,0%,<.5%,0%,1%,0%,0%,<.5%,<.5%,<.5%,<.5%,<.5%,<.5%,<.5%,<.5%,0%,0%,0%,0%
"(Without leaners)  If the 2024 presidential election were held today, who would you vote for if the candidates were:","Chase Oliver, the Libertarian Party candidate",<1%,<1%,<.5%,<1%,2%,<.5%,0%,<.5%,1%,<1%,1%,<.5%,<1%,<.5%,<1%,<1%,<1%,<1%,<1%,<1%,<1%,<1%,<1%,<1%,<.5%,<1%,<1%,0%,0%,0%
"(Without leaners)  If the 2024 presidential election were held today, who would you vote for if the candidates were:",[VOL] Another candidate (specify),<1%,1%,0%,1%,2%,<.5%,0%,<1%,1%,0%,0%,<.5%,<1%,<.5%,<1%,0%,<1%,0%,<.5%,<1%,1%,1%,<1%,0%,0%,<.5%,9%,0%,0%,0%
"(Without leaners)  If the 2024 presidential election were held today, who would you vote for if the candidates were:",[VOL] Not going to vote/wouldn't vote if those were the choices,2%,2%,3%,3%,4%,3%,<1%,<1%,6%,2%,9%,1%,3%,<.5%,<1%,4%,7%,1%,4%,1%,4%,4%,3%,<.5%,2%,<1%,15%,0%,0%,0%
"(Without leaners)  If the 2024 presidential election were held today, who would you vote for if the candidates were:",[VOL] Don't know/Refused,6%,5%,7%,4%,9%,5%,3%,4%,5%,9%,10%,6%,5%,4%,4%,10%,7%,3%,7%,6%,8%,7%,6%,5%,3%,4%,41%,0%,0%,0%
"(Without leaners)  If the 2024 presidential election were held today, who would you vote for if the candidates were:",MARGIN Even Calculated using candidates’ unrounded vote shares,MARGIN Even Calculated using candidates’ unrounded vote shares,MARGIN Even Calculated using candidates’ unrounded vote shares,MARGIN Even Calculated using candidates’ unrounded vote shares,MARGIN Even Calculated using candidates’ unrounded vote shares,MARGIN Even Calculated using candidates’ unrounded vote shares,MARGIN Even Calculated using candidates’ unrounded vote shares,MARGIN Even Calculated using candidates’ unrounded vote shares,MARGIN Even Calculated using candidates’ unrounded vote shares,MARGIN Even Calculated using candidates’ unrounded vote shares,MARGIN Even Calculated using candidates’ unrounded vote shares,MARGIN Even Calculated using candidates’ unrounded vote shares,MARGIN Even Calculated using candidates’ unrounded vote shares,MARGIN Even Calculated using candidates’ unrounded vote shares,MARGIN Even Calculated using candidates’ unrounded vote shares,MARGIN Even Calculated using candidates’ unrounded vote shares,MARGIN Even Calculated using candidates’ unrounded vote shares,MARGIN Even Calculated using candidates’ unrounded vote shares,MARGIN Even Calculated using candidates’ unrounded vote shares,MARGIN Even Calculated using candidates’ unrounded vote shares,MARGIN Even Calculated using candidates’ unrounded vote shares,MARGIN Even Calculated using candidates’ unrounded vote shares,MARGIN Even Calculated using candidates’ unrounded vote shares,MARGIN Even Calculated using candidates’ unrounded vote shares,MARGIN Even Calculated using candidates’ unrounded vote shares,MARGIN Even Calculated using candidates’ unrounded vote shares,MARGIN Even Calculated using candidates’ unrounded vote shares,MARGIN Even Calculated using candidates’ unrounded vote shares,MARGIN Even Calculated using candidates’ unrounded vote shares,MARGIN Even Calculated using candidates’ unrounded vote shares,MARGIN Even Calculated using candidates’ unrounded vote shares
"(Leaners, if not supporting Trump or Harris)  If you had to decide between the two today, would you lean more toward:","Kamala [COMMA-luh] Harris, the Democrat",29%,24%,35%,44%,27%,30%,15%,21%,23%,55%,34%,27%,31%,29%,18%,27%,43%,20%,30%,27%,35%,29%,38%,12%,100%,0%,0%,-,-,23%
"(Leaners, if not supporting Trump or Harris)  If you had to decide between the two today, would you lean more toward:","Donald Trump, the Republican",35%,37%,34%,22%,44%,32%,42%,39%,35%,23%,35%,38%,34%,38%,39%,36%,29%,43%,28%,40%,33%,30%,34%,43%,0%,100%,0%,-,-,48%
"(Leaners, if not supporting Trump or Harris)  If you had to decide between the two today, would you lean more toward:",[VOL] Don't know/Refused,36%,39%,31%,34%,29%,38%,43%,40%,42%,22%,30%,35%,35%,33%,43%,37%,28%,37%,42%,33%,32%,41%,28%,45%,0%,0%,100%,-,-,29%
"(Leaners, if not supporting Trump or Harris)  If you had to decide between the two today, would you lean more toward:",Number of respondents,187,93,93,37,66,54,25,94,22,28,37,89,94,45,47,41,46,34,48,49,56,40,97,50,56,67,64,,,72
(Responses reclassified by age group) In what year were you born?,18-29,16%,16%,16%,100%,0%,0%,0%,14%,15%,25%,25%,12%,19%,11%,16%,16%,24%,14%,15%,16%,20%,19%,16%,14%,19%,13%,18%,18%,13%,21%
(Responses reclassified by age group) In what year were you born?,30-44,24%,24%,23%,0%,100%,0%,0%,21%,30%,27%,25%,30%,20%,29%,16%,33%,26%,19%,31%,20%,26%,28%,23%,21%,23%,23%,30%,22%,20%,30%
(Responses reclassified by age group) In what year were you born?,45-64,31%,31%,31%,0%,0%,100%,0%,33%,33%,28%,28%,33%,30%,33%,32%,36%,27%,32%,31%,34%,26%,29%,31%,32%,29%,34%,28%,29%,35%,24%
(Responses reclassified by age group) In what year were you born?,65+,26%,24%,28%,0%,0%,0%,100%,29%,21%,17%,17%,22%,28%,25%,33%,12%,20%,31%,21%,27%,23%,20%,25%,31%,26%,27%,19%,28%,28%,24%
(Responses reclassified by age group) In what year were you born?,Refused,3%,4%,2%,0%,0%,0%,0%,3%,1%,3%,4%,3%,3%,2%,3%,2%,3%,4%,2%,3%,5%,3%,4%,2%,3%,4%,5%,3%,4%,0%
(Responses reclassified by age group) In what year were you born?,Number of respondents,"1,142",557,576,185,296,393,231,757,124,121,110,583,549,420,333,148,205,246,236,395,265,239,525,378,548,530,64,492,463,72
What is the highest educational level that you have completed?,Grade school,2%,4%,<1%,<1%,2%,3%,3%,1%,2%,8%,4%,0%,4%,0%,2%,0%,7%,3%,2%,2%,3%,1%,2%,3%,2%,3%,0%,2%,2%,5%
What is the highest educational level that you have completed?,High school,27%,29%,26%,41%,22%,25%,28%,25%,30%,45%,26%,0%,45%,0%,44%,0%,48%,25%,25%,31%,26%,24%,27%,30%,21%,34%,26%,19%,36%,30%
What is the highest educational level that you have completed?,Vocational or trade school,4%,5%,3%,4%,4%,5%,3%,4%,5%,4%,3%,0%,7%,0%,7%,0%,6%,5%,3%,5%,3%,3%,2%,7%,2%,6%,4%,2%,6%,4%
What is the highest educational level that you have completed?,"Some college, no degree",16%,15%,17%,18%,13%,16%,18%,15%,21%,15%,20%,0%,27%,0%,27%,0%,27%,17%,16%,17%,14%,17%,13%,19%,15%,17%,16%,15%,17%,16%
What is the highest educational level that you have completed?,Associate’s degree,11%,10%,12%,8%,9%,10%,14%,11%,15%,7%,5%,0%,18%,0%,20%,0%,13%,12%,9%,13%,8%,9%,11%,11%,11%,10%,13%,11%,10%,7%
What is the highest educational level that you have completed?,Bachelor's degree,23%,22%,25%,24%,29%,23%,19%,27%,16%,13%,23%,62%,0%,63%,0%,59%,0%,27%,24%,17%,29%,26%,28%,16%,28%,19%,25%,29%,19%,29%
What is the highest educational level that you have completed?,Graduate or professional degree,15%,15%,15%,5%,19%,17%,14%,16%,12%,7%,17%,38%,0%,37%,0%,41%,0%,10%,20%,14%,15%,17%,15%,13%,20%,10%,10%,20%,9%,10%
What is the highest educational level that you have completed?,[VOL] Refused,1%,<1%,2%,0%,1%,<1%,2%,<1%,0%,2%,2%,0%,0%,0%,0%,0%,0%,<1%,<.5%,<1%,4%,2%,2%,<1%,<1%,1%,5%,<1%,1%,0%
What is the highest educational level that you have completed?,Number of respondents,"1,142",557,576,185,296,393,231,757,124,121,110,583,549,420,333,148,205,246,236,395,265,239,525,378,548,530,64,492,463,72
Would you consider yourself:,White,63%,65%,61%,54%,57%,66%,71%,99%,0%,0%,0%,71%,59%,99%,99%,0%,0%,76%,63%,62%,53%,45%,62%,76%,54%,73%,46%,56%,76%,55%
Would you consider yourself:,Hispanic or Latino,11%,10%,12%,18%,13%,10%,8%,0%,0%,99%,0%,6%,15%,0%,0%,22%,38%,5%,8%,12%,20%,17%,11%,7%,14%,9%,9%,12%,9%,14%
Would you consider yourself:,Black or African American,12%,10%,14%,10%,15%,12%,10%,0%,100%,0%,0%,8%,14%,0%,0%,33%,35%,9%,14%,15%,6%,20%,11%,6%,17%,6%,15%,18%,5%,7%
Would you consider yourself:,Asian,4%,5%,3%,6%,6%,3%,1%,0%,0%,0%,34%,6%,2%,0%,0%,24%,6%,1%,6%,2%,7%,6%,5%,<1%,5%,2%,8%,4%,1%,6%
Would you consider yourself:,American Indian or Alaska Native,2%,2%,2%,<1%,1%,2%,2%,0%,0%,0%,17%,<1%,2%,0%,0%,3%,5%,2%,<.5%,2%,2%,2%,<1%,3%,1%,2%,1%,2%,2%,4%
Would you consider yourself:,Middle Eastern or North African,<1%,1%,<.5%,2%,0%,1%,0%,0%,0%,0%,7%,<1%,<1%,0%,0%,3%,2%,0%,3%,<.5%,<.5%,1%,<1%,0%,<.5%,<1%,4%,0%,<.5%,0%
Would you consider yourself:,Native Hawaiian or Pacific Islander,<1%,<1%,<1%,1%,1%,<.5%,<1%,0%,0%,0%,8%,<1%,1%,0%,0%,2%,3%,0%,<.5%,1%,2%,<1%,<1%,<1%,<1%,<1%,<1%,<1%,<1%,2%
Would you consider yourself:,[VOL] Some other race (specify),2%,2%,2%,2%,1%,2%,2%,1%,0%,<1%,8%,1%,2%,1%,1%,1%,4%,3%,2%,1%,3%,1%,3%,2%,2%,2%,10%,2%,2%,7%
Would you consider yourself:,[VOL] More than one race,3%,2%,3%,5%,3%,2%,3%,0%,0%,0%,26%,3%,3%,0%,0%,10%,8%,2%,4%,2%,4%,3%,2%,3%,4%,2%,2%,4%,2%,2%
Would you consider yourself:,[VOL] Refused,2%,3%,2%,<1%,3%,1%,3%,0%,0%,0%,0%,3%,1%,0%,0%,0%,0%,2%,<1%,3%,3%,3%,2%,2%,2%,3%,3%,2%,3%,2%
Would you consider yourself:,Number of respondents,"1,142",557,576,185,296,393,231,757,124,121,110,583,549,420,333,148,205,246,236,395,265,239,525,378,548,530,64,492,463,72
"Do you consider yourself a Democrat, a Republican, an independent or a member of another party?",Democrat,32%,24%,40%,31%,32%,30%,36%,26%,57%,42%,36%,37%,29%,33%,20%,50%,43%,29%,36%,27%,39%,42%,33%,24%,64%,4%,9%,66%,3%,19%
"Do you consider yourself a Democrat, a Republican, an independent or a member of another party?",Republican,30%,35%,26%,26%,20%,34%,36%,37%,3%,32%,17%,22%,35%,26%,46%,11%,20%,31%,23%,36%,26%,21%,27%,40%,3%,58%,14%,2%,64%,15%
"Do you consider yourself a Democrat, a Republican, an independent or a member of another party?",Independent,30%,34%,27%,36%,38%,28%,22%,31%,31%,20%,37%,36%,27%,37%,26%,33%,28%,33%,32%,29%,28%,26%,32%,31%,29%,29%,48%,27%,26%,59%
"Do you consider yourself a Democrat, a Republican, an independent or a member of another party?",Another party,3%,4%,3%,4%,5%,3%,2%,3%,1%,3%,5%,3%,4%,2%,3%,3%,3%,2%,3%,5%,2%,5%,3%,3%,3%,3%,8%,2%,3%,3%
"Do you consider yourself a Democrat, a Republican, an independent or a member of another party?",[VOL] Don't know/Refused,4%,4%,4%,4%,5%,4%,3%,3%,8%,2%,5%,2%,5%,2%,4%,3%,6%,4%,5%,3%,5%,5%,4%,3%,2%,5%,21%,2%,3%,4%
"Do you consider yourself a Democrat, a Republican, an independent or a member of another party?",Number of respondents,"1,142",557,576,185,296,393,231,757,124,121,110,583,549,420,333,148,205,246,236,395,265,239,525,378,548,530,64,492,463,72
"(If independent, another party or not sure)  And as of today, do you lean more to:",The Democratic Party,36%,31%,42%,55%,30%,30%,40%,37%,41%,43%,32%,49%,28%,52%,23%,42%,36%,38%,33%,34%,42%,40%,36%,35%,83%,4%,5%,87%,3%,24%
"(If independent, another party or not sure)  And as of today, do you lean more to:",The Republican Party,41%,48%,33%,25%,45%,41%,50%,46%,26%,16%,42%,34%,46%,37%,55%,26%,31%,45%,39%,43%,34%,32%,42%,45%,4%,80%,11%,3%,82%,51%
"(If independent, another party or not sure)  And as of today, do you lean more to:",[VOL] Don't know/Refused,23%,21%,25%,20%,25%,29%,10%,17%,33%,41%,26%,17%,26%,11%,22%,32%,33%,16%,28%,23%,24%,28%,22%,21%,13%,16%,84%,10%,15%,25%
"(If independent, another party or not sure)  And as of today, do you lean more to:",Number of respondents,457,243,209,79,145,148,68,298,50,36,55,244,208,178,119,57,83,108,96,157,96,96,208,153,199,209,49,165,161,49
Combined: Party identification and leaners,The Democratic Party,46%,37%,54%,55%,47%,41%,47%,39%,73%,53%,51%,57%,39%,55%,28%,67%,56%,44%,50%,40%,54%,57%,48%,36%,92%,6%,13%,94%,4%,35%
Combined: Party identification and leaners,The Republican Party,45%,54%,38%,37%,41%,49%,50%,54%,13%,36%,37%,36%,52%,41%,65%,21%,31%,49%,39%,52%,38%,33%,44%,56%,4%,88%,22%,3%,91%,48%
Combined: Party identification and leaners,[VOL] Don't know/Refused,9%,9%,8%,9%,12%,10%,3%,6%,13%,11%,13%,7%,9%,4%,7%,12%,12%,7%,11%,8%,9%,10%,8%,8%,4%,6%,65%,3%,5%,16%
Combined: Party identification and leaners,Number of respondents,"1,142",557,576,185,296,393,231,757,124,121,110,583,549,420,333,148,205,246,236,395,265,239,525,378,548,530,64,492,463,72
"Who did you vote for in the 2020 presidential election between Donald Trump and Joe Biden, or did you not vote?",Donald Trump,37%,42%,33%,17%,29%,44%,47%,48%,5%,22%,25%,28%,43%,33%,60%,13%,18%,44%,32%,44%,25%,23%,36%,49%,2%,75%,13%,2%,80%,29%
"Who did you vote for in the 2020 presidential election between Donald Trump and Joe Biden, or did you not vote?",Joe Biden,42%,33%,50%,36%,45%,42%,45%,38%,62%,46%,41%,56%,33%,56%,25%,61%,45%,43%,46%,34%,49%,52%,43%,34%,82%,5%,24%,86%,4%,29%
"Who did you vote for in the 2020 presidential election between Donald Trump and Joe Biden, or did you not vote?",I did not vote,18%,21%,14%,45%,21%,12%,5%,11%,31%,30%,30%,11%,22%,8%,13%,21%,34%,9%,20%,18%,22%,23%,18%,13%,14%,18%,43%,11%,15%,34%
"Who did you vote for in the 2020 presidential election between Donald Trump and Joe Biden, or did you not vote?",[VOL] Someone else,1%,2%,1%,1%,2%,1%,1%,2%,<1%,1%,3%,2%,1%,2%,1%,3%,<1%,2%,1%,1%,2%,<1%,<1%,3%,<1%,1%,7%,<1%,<1%,6%
"Who did you vote for in the 2020 presidential election between Donald Trump and Joe Biden, or did you not vote?",[VOL] Don't know/Refused,2%,2%,2%,1%,3%,<1%,2%,1%,2%,1%,2%,3%,<1%,2%,<.5%,2%,1%,1%,<1%,2%,2%,2%,2%,1%,1%,<1%,12%,1%,<.5%,2%
"Who did you vote for in the 2020 presidential election between Donald Trump and Joe Biden, or did you not vote?",Number of respondents,"1,142",557,576,185,296,393,231,757,124,121,110,583,549,420,333,148,205,246,236,395,265,239,525,378,548,530,64,492,463,72
"(Excluding ""I did not vote"") Who did you vote for in the 2020 presidential election between Donald Trump and Joe Biden, or did you not vote?",Donald Trump,45%,53%,39%,31%,37%,50%,49%,54%,7%,32%,35%,31%,55%,36%,69%,16%,28%,49%,40%,54%,32%,29%,44%,56%,2%,91%,23%,2%,94%,44%
"(Excluding ""I did not vote"") Who did you vote for in the 2020 presidential election between Donald Trump and Joe Biden, or did you not vote?",Joe Biden,51%,42%,58%,65%,57%,48%,47%,43%,90%,65%,59%,63%,42%,60%,29%,77%,69%,48%,58%,42%,63%,67%,53%,39%,95%,6%,43%,96%,5%,44%
"(Excluding ""I did not vote"") Who did you vote for in the 2020 presidential election between Donald Trump and Joe Biden, or did you not vote?",[VOL] Someone else,2%,2%,1%,2%,3%,2%,1%,2%,1%,2%,4%,2%,2%,2%,2%,4%,1%,2%,1%,2%,3%,<1%,1%,3%,1%,2%,12%,<1%,<1%,9%
"(Excluding ""I did not vote"") Who did you vote for in the 2020 presidential election between Donald Trump and Joe Biden, or did you not vote?",[VOL] Don't know/Refused,2%,2%,2%,2%,4%,<1%,2%,1%,2%,2%,3%,3%,<1%,2%,<.5%,3%,2%,2%,<1%,3%,2%,2%,2%,1%,1%,<1%,22%,1%,<1%,3%
"(Excluding ""I did not vote"") Who did you vote for in the 2020 presidential election between Donald Trump and Joe Biden, or did you not vote?",Number of respondents,961,459,495,114,244,350,222,677,89,90,81,519,434,385,289,121,137,223,191,334,213,191,436,334,479,445,37,442,402,47
"(If Democrat or lean toward the Democratic party)  Do you think the Democratic Party should nominate Kamala [COMMA-luh] Harris as the party’s candidate for president in 2024, or do you think the party should nominate a different candidate for president in 2024?",Nominate Kamala Harris as the 2024 presidential candidate,79%,79%,80%,84%,68%,79%,85%,78%,75%,83%,85%,80%,79%,81%,76%,77%,81%,81%,78%,83%,75%,77%,81%,79%,85%,12%,11%,87%,18%,31%
"(If Democrat or lean toward the Democratic party)  Do you think the Democratic Party should nominate Kamala [COMMA-luh] Harris as the party’s candidate for president in 2024, or do you think the party should nominate a different candidate for president in 2024?",Nominate a different person as the 2024 presidential candidate,14%,17%,12%,9%,23%,15%,9%,15%,17%,12%,9%,13%,14%,12%,16%,16%,12%,12%,12%,10%,21%,17%,12%,15%,10%,69%,52%,7%,59%,55%
"(If Democrat or lean toward the Democratic party)  Do you think the Democratic Party should nominate Kamala [COMMA-luh] Harris as the party’s candidate for president in 2024, or do you think the party should nominate a different candidate for president in 2024?",[VOL] Don't know/Refused,7%,5%,8%,7%,9%,6%,7%,7%,8%,5%,7%,7%,7%,7%,7%,7%,7%,7%,10%,7%,4%,7%,8%,6%,6%,19%,37%,6%,23%,14%
"(If Democrat or lean toward the Democratic party)  Do you think the Democratic Party should nominate Kamala [COMMA-luh] Harris as the party’s candidate for president in 2024, or do you think the party should nominate a different candidate for president in 2024?",Number of respondents,531,217,309,103,135,170,111,315,91,65,52,325,203,224,90,97,110,112,119,162,138,137,259,135,497,26,8,460,17,23
(If Democrat or lean toward the Democratic party and want to nominate someone other than Harris)  Who would you prefer to be the Democratic Party’s nominee for president in 2024?,[VOL] Gavin Newsom,10%,12%,8%,6%,10%,17%,0%,6%,14%,16%,21%,13%,2%,2%,0%,33%,4%,0%,0%,7%,20%,7%,17%,2%,3%,26%,0%,4%,15%,21%
(If Democrat or lean toward the Democratic party and want to nominate someone other than Harris)  Who would you prefer to be the Democratic Party’s nominee for president in 2024?,[VOL] Michelle Obama,7%,0%,14%,20%,12%,0%,0%,4%,21%,0%,0%,6%,9%,9%,0%,0%,19%,8%,0%,5%,11%,17%,0%,5%,11%,0%,0%,6%,0%,0%
(If Democrat or lean toward the Democratic party and want to nominate someone other than Harris)  Who would you prefer to be the Democratic Party’s nominee for president in 2024?,[VOL] Kamala Harris,5%,0%,10%,0%,0%,9%,15%,5%,11%,0%,0%,6%,5%,9%,0%,0%,10%,14%,0%,0%,7%,7%,7%,0%,8%,0%,0%,11%,0%,0%
(If Democrat or lean toward the Democratic party and want to nominate someone other than Harris)  Who would you prefer to be the Democratic Party’s nominee for president in 2024?,[VOL] Robert F. Kennedy Jr.,5%,2%,3%,0%,6%,6%,0%,0%,5%,6%,9%,3%,6%,0%,0%,8%,4%,0%,17%,3%,2%,2%,3%,10%,3%,9%,0%,0%,17%,9%
(If Democrat or lean toward the Democratic party and want to nominate someone other than Harris)  Who would you prefer to be the Democratic Party’s nominee for president in 2024?,[VOL] Pete Buttigieg,4%,9%,0%,12%,0%,10%,0%,8%,0%,0%,0%,6%,3%,10%,6%,0%,0%,0%,5%,6%,5%,6%,6%,0%,5%,3%,0%,7%,6%,0%
(If Democrat or lean toward the Democratic party and want to nominate someone other than Harris)  Who would you prefer to be the Democratic Party’s nominee for president in 2024?,[VOL] Josh Shapiro,2%,5%,0%,0%,6%,0%,0%,2%,0%,12%,0%,0%,4%,0%,3%,0%,6%,0%,12%,0%,0%,4%,2%,0%,2%,0%,15%,3%,0%,5%
(If Democrat or lean toward the Democratic party and want to nominate someone other than Harris)  Who would you prefer to be the Democratic Party’s nominee for president in 2024?,[VOL] Cory Booker,<1%,2%,0%,0%,2%,0%,0%,1%,0%,0%,0%,2%,0%,3%,0%,0%,0%,0%,4%,0%,0%,0%,0%,3%,0%,3%,0%,0%,5%,0%
(If Democrat or lean toward the Democratic party and want to nominate someone other than Harris)  Who would you prefer to be the Democratic Party’s nominee for president in 2024?,"[VOL] Other, specify:",12%,16%,5%,26%,15%,3%,10%,13%,15%,0%,12%,12%,13%,15%,13%,6%,14%,23%,0%,11%,13%,11%,10%,15%,15%,7%,0%,22%,13%,0%
(If Democrat or lean toward the Democratic party and want to nominate someone other than Harris)  Who would you prefer to be the Democratic Party’s nominee for president in 2024?,[VOL] Don't know/Refused,54%,53%,60%,37%,50%,56%,75%,61%,36%,65%,58%,52%,59%,51%,78%,54%,44%,55%,62%,68%,43%,46%,54%,65%,53%,51%,85%,47%,43%,65%
(If Democrat or lean toward the Democratic party and want to nominate someone other than Harris)  Who would you prefer to be the Democratic Party’s nominee for president in 2024?,Number of respondents,69,34,33,10,28,21,8,41,11,9,7,40,28,26,14,14,13,14,13,17,25,22,29,18,48,18,3,35,10,12
"(If Democrat or lean toward the Democratic party)  Which of the following comes closer to your view, even if neither is exactly right?",The Democrats should unite behind Kamala [COMMA-luh] Harris and quickly make her the party’s nominee,70%,66%,73%,55%,61%,73%,85%,69%,80%,64%,69%,70%,71%,72%,65%,64%,76%,77%,69%,75%,61%,71%,70%,69%,74%,29%,17%,78%,38%,14%
"(If Democrat or lean toward the Democratic party)  Which of the following comes closer to your view, even if neither is exactly right?",The Democrats should encourage a competitive process to select the party’s nominee,27%,30%,24%,43%,37%,21%,13%,28%,17%,34%,28%,27%,27%,25%,35%,33%,21%,20%,30%,22%,34%,26%,26%,28%,24%,53%,66%,21%,44%,80%
"(If Democrat or lean toward the Democratic party)  Which of the following comes closer to your view, even if neither is exactly right?",[VOL] Don't know/Refused,3%,4%,3%,2%,2%,6%,2%,3%,4%,3%,3%,3%,2%,3%,0%,3%,4%,3%,<.5%,3%,5%,3%,3%,2%,2%,18%,17%,2%,19%,6%
"(If Democrat or lean toward the Democratic party)  Which of the following comes closer to your view, even if neither is exactly right?",Number of respondents,531,217,309,103,135,170,111,315,91,65,52,325,203,224,90,97,110,112,119,162,138,137,259,135,497,26,8,460,17,23
Do you approve or disapprove of the way Joe Biden is handling his job as president?,Strongly approve,22%,19%,25%,7%,12%,25%,37%,20%,32%,23%,20%,28%,19%,27%,15%,28%,25%,21%,23%,20%,25%,20%,26%,17%,44%,2%,11%,48%,2%,6%
Do you approve or disapprove of the way Joe Biden is handling his job as president?,Somewhat approve,19%,18%,20%,30%,26%,15%,11%,16%,23%,25%,24%,24%,16%,24%,10%,25%,24%,18%,20%,17%,21%,24%,19%,15%,35%,3%,16%,34%,2%,17%
Do you approve or disapprove of the way Joe Biden is handling his job as president?,Somewhat disapprove,11%,10%,11%,22%,15%,6%,5%,8%,16%,15%,15%,11%,10%,9%,8%,18%,15%,9%,10%,9%,15%,12%,9%,11%,12%,9%,12%,11%,6%,24%
Do you approve or disapprove of the way Joe Biden is handling his job as president?,Strongly disapprove,45%,51%,40%,38%,43%,51%,44%,54%,23%,31%,37%,36%,51%,39%,64%,25%,32%,48%,44%,52%,34%,39%,42%,54%,6%,84%,45%,5%,88%,48%
Do you approve or disapprove of the way Joe Biden is handling his job as president?,[VOL] Don't know/Refused,3%,3%,4%,3%,4%,3%,4%,2%,6%,6%,4%,2%,4%,<1%,4%,4%,5%,3%,3%,3%,5%,4%,3%,3%,3%,2%,17%,3%,2%,5%
Do you approve or disapprove of the way Joe Biden is handling his job as president?,NET Approve,41%,37%,45%,37%,38%,40%,48%,36%,55%,48%,45%,52%,34%,51%,25%,53%,49%,39%,43%,37%,46%,44%,45%,32%,79%,5%,27%,82%,4%,23%
Do you approve or disapprove of the way Joe Biden is handling his job as president?,NET Disapprove,56%,60%,51%,61%,58%,57%,49%,62%,39%,46%,51%,47%,62%,48%,71%,42%,46%,58%,54%,60%,49%,51%,51%,65%,18%,93%,56%,15%,94%,72%
Do you approve or disapprove of the way Joe Biden is handling his job as president?,Number of respondents,"1,142",557,576,185,296,393,231,757,124,121,110,583,549,420,333,148,205,246,236,395,265,239,525,378,548,530,64,492,463,72
"Tell me whether you have a very favorable, somewhat favorable, somewhat unfavorable or very unfavorable opinion of Donald Trump.",Very favorable,31%,36%,25%,17%,22%,36%,41%,38%,11%,20%,20%,15%,40%,18%,51%,7%,20%,32%,25%,38%,24%,20%,28%,42%,2%,62%,2%,2%,68%,11%
"Tell me whether you have a very favorable, somewhat favorable, somewhat unfavorable or very unfavorable opinion of Donald Trump.",Somewhat favorable,17%,21%,14%,22%,21%,15%,12%,17%,12%,23%,18%,17%,17%,18%,16%,14%,18%,16%,16%,18%,18%,18%,17%,16%,3%,31%,19%,3%,27%,38%
"Tell me whether you have a very favorable, somewhat favorable, somewhat unfavorable or very unfavorable opinion of Donald Trump.",Somewhat unfavorable,7%,8%,7%,15%,9%,5%,3%,5%,11%,11%,15%,9%,6%,7%,3%,16%,11%,5%,10%,8%,7%,10%,7%,6%,7%,5%,27%,5%,4%,23%
"Tell me whether you have a very favorable, somewhat favorable, somewhat unfavorable or very unfavorable opinion of Donald Trump.",Very unfavorable,44%,34%,52%,47%,48%,41%,43%,40%,65%,45%,46%,57%,36%,56%,29%,63%,49%,47%,48%,35%,51%,50%,48%,35%,88%,2%,39%,90%,1%,28%
"Tell me whether you have a very favorable, somewhat favorable, somewhat unfavorable or very unfavorable opinion of Donald Trump.",[VOL] Have not heard of,0%,0%,0%,0%,0%,0%,0%,0%,0%,0%,0%,0%,0%,0%,0%,0%,0%,0%,0%,0%,0%,0%,0%,0%,0%,0%,0%,0%,0%,0%
"Tell me whether you have a very favorable, somewhat favorable, somewhat unfavorable or very unfavorable opinion of Donald Trump.",[VOL] Don't know/Refused,1%,<1%,2%,0%,<1%,2%,<1%,<1%,2%,<1%,1%,<1%,1%,<.5%,<1%,<1%,2%,1%,1%,1%,1%,2%,<1%,1%,<1%,<.5%,13%,<1%,0%,0%
"Tell me whether you have a very favorable, somewhat favorable, somewhat unfavorable or very unfavorable opinion of Donald Trump.",NET Favorable,48%,57%,39%,39%,42%,51%,53%,54%,23%,43%,38%,33%,57%,37%,67%,21%,39%,47%,41%,56%,41%,38%,45%,58%,5%,93%,20%,4%,95%,49%
"Tell me whether you have a very favorable, somewhat favorable, somewhat unfavorable or very unfavorable opinion of Donald Trump.",NET Unfavorable,51%,42%,59%,61%,57%,47%,46%,45%,75%,56%,61%,66%,42%,63%,32%,78%,60%,51%,58%,43%,57%,60%,54%,41%,94%,7%,66%,95%,5%,51%
"Tell me whether you have a very favorable, somewhat favorable, somewhat unfavorable or very unfavorable opinion of Donald Trump.",Number of respondents,"1,004",484,512,148,263,356,204,685,104,95,93,517,480,379,304,125,165,222,210,351,221,206,458,340,486,470,48,439,415,53
"Tell me whether you have a very favorable, somewhat favorable, somewhat unfavorable or very unfavorable opinion of Joe Biden.",Very favorable,20%,14%,26%,3%,12%,25%,30%,17%,40%,22%,14%,23%,18%,21%,14%,30%,24%,17%,20%,20%,22%,17%,26%,15%,41%,<1%,7%,45%,<1%,2%
"Tell me whether you have a very favorable, somewhat favorable, somewhat unfavorable or very unfavorable opinion of Joe Biden.",Somewhat favorable,23%,21%,25%,40%,29%,17%,14%,20%,29%,34%,26%,29%,19%,29%,13%,30%,30%,26%,19%,19%,28%,28%,22%,20%,41%,6%,13%,41%,3%,19%
"Tell me whether you have a very favorable, somewhat favorable, somewhat unfavorable or very unfavorable opinion of Joe Biden.",Somewhat unfavorable,16%,16%,15%,28%,21%,9%,11%,15%,17%,16%,22%,18%,14%,17%,13%,21%,16%,16%,19%,13%,18%,19%,15%,14%,14%,17%,25%,11%,15%,40%
"Tell me whether you have a very favorable, somewhat favorable, somewhat unfavorable or very unfavorable opinion of Joe Biden.",Very unfavorable,39%,48%,31%,28%,35%,46%,42%,47%,11%,24%,36%,28%,46%,32%,58%,19%,25%,39%,38%,45%,31%,33%,35%,49%,3%,74%,39%,2%,79%,39%
"Tell me whether you have a very favorable, somewhat favorable, somewhat unfavorable or very unfavorable opinion of Joe Biden.",[VOL] Have not heard of,0%,0%,0%,0%,0%,0%,0%,0%,0%,0%,0%,0%,0%,0%,0%,0%,0%,0%,0%,0%,0%,0%,0%,0%,0%,0%,0%,0%,0%,0%
"Tell me whether you have a very favorable, somewhat favorable, somewhat unfavorable or very unfavorable opinion of Joe Biden.",[VOL] Don't know/Refused,3%,2%,3%,1%,3%,3%,2%,2%,3%,4%,2%,1%,3%,<1%,2%,<1%,4%,1%,4%,3%,1%,3%,2%,3%,<1%,2%,16%,<1%,2%,0%
"Tell me whether you have a very favorable, somewhat favorable, somewhat unfavorable or very unfavorable opinion of Joe Biden.",NET Favorable,43%,35%,50%,43%,41%,42%,44%,37%,69%,56%,40%,53%,37%,51%,27%,60%,54%,44%,39%,39%,50%,45%,48%,35%,82%,7%,20%,86%,4%,21%
"Tell me whether you have a very favorable, somewhat favorable, somewhat unfavorable or very unfavorable opinion of Joe Biden.",NET Unfavorable,55%,64%,46%,56%,56%,55%,53%,62%,28%,40%,58%,46%,60%,49%,71%,39%,41%,55%,58%,58%,48%,52%,50%,63%,17%,91%,64%,13%,94%,79%
"Tell me whether you have a very favorable, somewhat favorable, somewhat unfavorable or very unfavorable opinion of Joe Biden.",Number of respondents,"1,004",484,512,148,263,356,204,685,104,95,93,517,480,379,304,125,165,222,210,351,221,206,458,340,486,470,48,439,415,53
"Tell me whether you have a very favorable, somewhat favorable, somewhat unfavorable or very unfavorable opinion of Kamala [COMMA-luh] Harris.",Very favorable,23%,16%,30%,12%,19%,25%,33%,20%,47%,31%,15%,27%,22%,26%,15%,28%,33%,27%,21%,22%,24%,22%,27%,20%,49%,1%,2%,54%,<1%,5%
"Tell me whether you have a very favorable, somewhat favorable, somewhat unfavorable or very unfavorable opinion of Kamala [COMMA-luh] Harris.",Somewhat favorable,23%,22%,24%,45%,30%,15%,13%,18%,30%,33%,35%,29%,19%,27%,12%,36%,32%,19%,27%,17%,32%,29%,24%,17%,41%,5%,23%,40%,5%,25%
"Tell me whether you have a very favorable, somewhat favorable, somewhat unfavorable or very unfavorable opinion of Kamala [COMMA-luh] Harris.",Somewhat unfavorable,11%,11%,11%,16%,15%,9%,7%,11%,6%,14%,17%,12%,11%,11%,10%,15%,11%,9%,13%,11%,11%,14%,11%,10%,6%,14%,29%,3%,12%,35%
"Tell me whether you have a very favorable, somewhat favorable, somewhat unfavorable or very unfavorable opinion of Kamala [COMMA-luh] Harris.",Very unfavorable,38%,46%,29%,24%,31%,45%,43%,47%,11%,17%,29%,29%,43%,32%,58%,17%,19%,42%,31%,44%,28%,29%,34%,48%,<.5%,74%,31%,<.5%,79%,31%
"Tell me whether you have a very favorable, somewhat favorable, somewhat unfavorable or very unfavorable opinion of Kamala [COMMA-luh] Harris.",[VOL] Have not heard of,<1%,<1%,<1%,0%,<.5%,<.5%,2%,<1%,0%,<1%,0%,<.5%,<1%,<.5%,1%,1%,0%,0%,1%,1%,0%,<1%,<1%,<1%,0%,1%,0%,0%,<1%,<1%
"Tell me whether you have a very favorable, somewhat favorable, somewhat unfavorable or very unfavorable opinion of Kamala [COMMA-luh] Harris.",[VOL] Don't know/Refused,4%,4%,5%,3%,5%,5%,4%,3%,6%,4%,4%,3%,4%,2%,4%,3%,5%,3%,6%,5%,4%,5%,3%,5%,3%,4%,16%,3%,2%,3%
"Tell me whether you have a very favorable, somewhat favorable, somewhat unfavorable or very unfavorable opinion of Kamala [COMMA-luh] Harris.",NET Favorable,46%,38%,54%,57%,49%,40%,45%,38%,77%,64%,50%,56%,41%,54%,27%,64%,65%,46%,48%,39%,56%,52%,51%,37%,90%,7%,25%,93%,6%,30%
"Tell me whether you have a very favorable, somewhat favorable, somewhat unfavorable or very unfavorable opinion of Kamala [COMMA-luh] Harris.",NET Unfavorable,49%,57%,40%,40%,46%,54%,49%,58%,17%,31%,46%,41%,54%,44%,68%,32%,30%,51%,45%,55%,40%,43%,45%,57%,6%,88%,60%,4%,91%,66%
"Tell me whether you have a very favorable, somewhat favorable, somewhat unfavorable or very unfavorable opinion of Kamala [COMMA-luh] Harris.",Number of respondents,"1,004",484,512,148,263,356,204,685,104,95,93,517,480,379,304,125,165,222,210,351,221,206,458,340,486,470,48,439,415,53
"Tell me whether you have a very favorable, somewhat favorable, somewhat unfavorable or very unfavorable opinion of JD Vance.",Very favorable,16%,19%,13%,7%,6%,20%,25%,21%,4%,6%,8%,13%,18%,14%,26%,6%,6%,17%,11%,22%,12%,14%,13%,23%,<1%,33%,2%,<1%,37%,0%
"Tell me whether you have a very favorable, somewhat favorable, somewhat unfavorable or very unfavorable opinion of JD Vance.",Somewhat favorable,18%,22%,14%,20%,20%,17%,15%,19%,12%,17%,19%,15%,19%,17%,20%,11%,18%,21%,18%,16%,17%,12%,21%,18%,6%,30%,7%,4%,29%,31%
"Tell me whether you have a very favorable, somewhat favorable, somewhat unfavorable or very unfavorable opinion of JD Vance.",Somewhat unfavorable,12%,10%,14%,17%,20%,8%,7%,10%,15%,17%,16%,15%,10%,14%,7%,18%,15%,7%,15%,14%,10%,14%,14%,7%,17%,6%,15%,17%,5%,12%
"Tell me whether you have a very favorable, somewhat favorable, somewhat unfavorable or very unfavorable opinion of JD Vance.",Very unfavorable,26%,22%,29%,20%,23%,27%,33%,26%,29%,30%,25%,36%,21%,36%,18%,38%,25%,33%,28%,19%,29%,27%,29%,21%,52%,3%,15%,55%,2%,6%
"Tell me whether you have a very favorable, somewhat favorable, somewhat unfavorable or very unfavorable opinion of JD Vance.",[VOL] Have not heard of,15%,13%,18%,26%,17%,11%,14%,13%,25%,21%,16%,12%,18%,10%,14%,18%,23%,12%,17%,14%,19%,20%,12%,16%,14%,15%,31%,13%,14%,28%
"Tell me whether you have a very favorable, somewhat favorable, somewhat unfavorable or very unfavorable opinion of JD Vance.",[VOL] Don't know/Refused,13%,13%,12%,11%,14%,16%,7%,12%,14%,10%,16%,9%,14%,9%,14%,9%,14%,10%,12%,14%,13%,13%,11%,15%,10%,14%,28%,9%,12%,23%
"Tell me whether you have a very favorable, somewhat favorable, somewhat unfavorable or very unfavorable opinion of JD Vance.",NET Favorable,34%,42%,27%,27%,26%,37%,40%,40%,16%,23%,27%,28%,38%,32%,46%,18%,24%,38%,29%,38%,29%,26%,33%,40%,7%,63%,9%,5%,66%,31%
"Tell me whether you have a very favorable, somewhat favorable, somewhat unfavorable or very unfavorable opinion of JD Vance.",NET Unfavorable,38%,32%,42%,37%,43%,36%,40%,36%,44%,47%,41%,51%,31%,49%,26%,56%,40%,40%,42%,34%,39%,41%,44%,28%,69%,9%,31%,72%,8%,18%
"Tell me whether you have a very favorable, somewhat favorable, somewhat unfavorable or very unfavorable opinion of JD Vance.",Number of respondents,"1,004",484,512,148,263,356,204,685,104,95,93,517,480,379,304,125,165,222,210,351,221,206,458,340,486,470,48,439,415,53
"Tell me whether you have a very favorable, somewhat favorable, somewhat unfavorable or very unfavorable opinion of Robert F. Kennedy Jr.",Very favorable,7%,7%,6%,2%,11%,6%,7%,6%,10%,5%,6%,6%,7%,5%,7%,7%,7%,8%,7%,7%,5%,6%,9%,5%,4%,8%,16%,4%,7%,34%
"Tell me whether you have a very favorable, somewhat favorable, somewhat unfavorable or very unfavorable opinion of Robert F. Kennedy Jr.",Somewhat favorable,31%,35%,27%,42%,29%,30%,25%,31%,24%,37%,35%,25%,34%,24%,36%,27%,34%,32%,27%,31%,32%,31%,29%,32%,19%,41%,34%,15%,42%,56%
"Tell me whether you have a very favorable, somewhat favorable, somewhat unfavorable or very unfavorable opinion of Robert F. Kennedy Jr.",Somewhat unfavorable,22%,19%,25%,25%,19%,25%,19%,24%,18%,21%,20%,26%,20%,28%,20%,22%,19%,24%,19%,22%,24%,21%,25%,20%,28%,18%,13%,29%,19%,6%
"Tell me whether you have a very favorable, somewhat favorable, somewhat unfavorable or very unfavorable opinion of Robert F. Kennedy Jr.",Very unfavorable,19%,20%,18%,12%,16%,18%,26%,21%,12%,16%,14%,25%,15%,26%,18%,24%,11%,20%,22%,15%,20%,18%,20%,18%,32%,8%,5%,34%,8%,0%
"Tell me whether you have a very favorable, somewhat favorable, somewhat unfavorable or very unfavorable opinion of Robert F. Kennedy Jr.",[VOL] Have not heard of,7%,6%,7%,11%,4%,5%,8%,5%,10%,9%,10%,6%,7%,5%,5%,9%,10%,5%,7%,7%,8%,7%,6%,7%,5%,8%,4%,5%,8%,1%
"Tell me whether you have a very favorable, somewhat favorable, somewhat unfavorable or very unfavorable opinion of Robert F. Kennedy Jr.",[VOL] Don't know/Refused,15%,13%,17%,7%,21%,15%,15%,13%,26%,12%,14%,13%,16%,12%,13%,11%,20%,11%,19%,18%,11%,16%,12%,18%,12%,16%,28%,12%,16%,3%
"Tell me whether you have a very favorable, somewhat favorable, somewhat unfavorable or very unfavorable opinion of Robert F. Kennedy Jr.",NET Favorable,37%,42%,33%,44%,40%,36%,32%,37%,34%,42%,41%,31%,42%,30%,43%,34%,41%,40%,34%,38%,37%,37%,38%,37%,23%,49%,50%,20%,49%,90%
"Tell me whether you have a very favorable, somewhat favorable, somewhat unfavorable or very unfavorable opinion of Robert F. Kennedy Jr.",NET Unfavorable,41%,39%,43%,37%,35%,43%,45%,45%,30%,37%,35%,51%,35%,53%,38%,45%,30%,44%,41%,37%,44%,39%,44%,38%,59%,26%,17%,63%,27%,6%
"Tell me whether you have a very favorable, somewhat favorable, somewhat unfavorable or very unfavorable opinion of Robert F. Kennedy Jr.",Number of respondents,"1,004",484,512,148,263,356,204,685,104,95,93,517,480,379,304,125,165,222,210,351,221,206,458,340,486,470,48,439,415,53
How much attention are you paying to the upcoming presidential election?,A lot,64%,67%,61%,39%,53%,72%,78%,68%,61%,46%,59%,69%,61%,71%,66%,62%,53%,65%,62%,68%,58%,59%,66%,65%,66%,65%,44%,70%,68%,33%
How much attention are you paying to the upcoming presidential election?,Some,25%,22%,28%,41%,34%,19%,16%,25%,21%,36%,24%,24%,26%,23%,26%,27%,27%,26%,27%,20%,31%,29%,22%,27%,25%,26%,26%,22%,24%,52%
How much attention are you paying to the upcoming presidential election?,Not much,8%,7%,8%,15%,8%,7%,4%,5%,10%,14%,15%,5%,9%,4%,6%,8%,15%,7%,7%,7%,9%,10%,8%,5%,7%,7%,18%,6%,6%,13%
How much attention are you paying to the upcoming presidential election?,None at all,3%,3%,3%,4%,5%,1%,2%,2%,8%,3%,2%,1%,4%,1%,3%,2%,5%,2%,4%,4%,2%,2%,3%,3%,3%,2%,9%,3%,2%,2%
How much attention are you paying to the upcoming presidential election?,[VOL] Don't know/Refused,<.5%,<.5%,<.5%,0%,0%,<.5%,0%,0%,<1%,<1%,0%,<.5%,0%,0%,0%,1%,0%,<.5%,<.5%,0%,<.5%,<.5%,<.5%,<.5%,<.5%,0%,2%,0%,0%,0%
"Thinking about the nation's economy, how would you rate economic conditions today?",Excellent,4%,4%,3%,0%,1%,6%,5%,3%,2%,7%,4%,5%,3%,6%,2%,3%,5%,4%,2%,3%,6%,5%,3%,3%,8%,0%,0%,9%,0%,0%
"Thinking about the nation's economy, how would you rate economic conditions today?",Good,21%,18%,24%,11%,20%,20%,29%,21%,24%,20%,19%,30%,15%,31%,14%,29%,17%,20%,26%,18%,22%,20%,24%,16%,40%,3%,14%,42%,3%,14%
"Thinking about the nation's economy, how would you rate economic conditions today?",Only fair,25%,28%,23%,35%,26%,22%,22%,23%,26%,33%,29%,33%,21%,31%,18%,42%,25%,26%,24%,23%,27%,23%,28%,22%,27%,22%,33%,27%,19%,26%
"Thinking about the nation's economy, how would you rate economic conditions today?",Poor,50%,49%,50%,52%,52%,52%,44%,51%,49%,39%,49%,32%,60%,33%,65%,25%,52%,50%,49%,54%,44%,50%,43%,58%,24%,75%,51%,21%,78%,59%
"Thinking about the nation's economy, how would you rate economic conditions today?",[VOL] Don't know/Refused,<1%,<1%,<1%,2%,<1%,0%,0%,<1%,0%,2%,0%,<.5%,1%,0%,1%,0%,1%,0%,<.5%,1%,1%,1%,<1%,<.5%,1%,0%,1%,1%,0%,0%
"Thinking about the nation's economy, how would you rate economic conditions today?",NET Excellent/good,24%,22%,27%,11%,21%,26%,34%,25%,25%,26%,22%,35%,18%,36%,16%,32%,22%,24%,27%,22%,27%,25%,28%,20%,48%,3%,14%,51%,3%,14%
"Thinking about the nation's economy, how would you rate economic conditions today?",NET Fair/poor,75%,77%,72%,87%,78%,74%,66%,75%,75%,71%,78%,64%,81%,64%,83%,68%,77%,76%,72%,77%,71%,73%,71%,80%,51%,97%,85%,48%,97%,86%
"Thinking about the nation's economy, how would you rate economic conditions today?",Number of respondents,"1,004",484,512,148,263,356,204,685,104,95,93,517,480,379,304,125,165,222,210,351,221,206,458,340,486,470,48,439,415,53
"Thinking about the upcoming presidential election this November, what is ONE WORD that describes how you feel about it?",[VOL] Happy/excited/hopeful,24%,28%,20%,18%,16%,25%,32%,25%,24%,20%,21%,18%,28%,18%,30%,15%,24%,22%,21%,30%,19%,19%,23%,29%,21%,29%,10%,22%,31%,7%
"Thinking about the upcoming presidential election this November, what is ONE WORD that describes how you feel about it?",[VOL] Angry/disappointed/resigned,20%,22%,19%,15%,29%,24%,11%,20%,23%,19%,20%,23%,19%,22%,18%,28%,18%,25%,21%,19%,18%,21%,21%,19%,16%,24%,28%,16%,22%,35%
"Thinking about the upcoming presidential election this November, what is ONE WORD that describes how you feel about it?",[VOL] Scared/apprehensive,37%,27%,45%,45%,38%,32%,38%,38%,31%,42%,38%,41%,34%,44%,32%,33%,39%,36%,36%,33%,44%,39%,38%,34%,47%,29%,22%,48%,30%,25%
"Thinking about the upcoming presidential election this November, what is ONE WORD that describes how you feel about it?",[VOL] Confused/unsure/uncertain,8%,8%,8%,15%,8%,7%,5%,8%,11%,8%,6%,8%,8%,8%,8%,10%,8%,7%,9%,8%,7%,10%,7%,7%,9%,7%,6%,8%,6%,13%
"Thinking about the upcoming presidential election this November, what is ONE WORD that describes how you feel about it?",[VOL] Neutral,2%,3%,2%,3%,1%,2%,3%,2%,2%,3%,2%,2%,3%,1%,3%,4%,2%,<.5%,7%,2%,<1%,4%,2%,3%,2%,1%,17%,2%,1%,6%
"Thinking about the upcoming presidential election this November, what is ONE WORD that describes how you feel about it?",[VOL] Other (specify),5%,7%,4%,2%,5%,7%,6%,5%,7%,2%,8%,6%,5%,5%,4%,6%,5%,6%,3%,5%,8%,6%,6%,4%,5%,6%,7%,4%,6%,6%
"Thinking about the upcoming presidential election this November, what is ONE WORD that describes how you feel about it?",[VOL] Don't know/Refused,3%,5%,2%,2%,3%,3%,5%,3%,1%,6%,4%,2%,4%,1%,4%,3%,3%,4%,3%,3%,4%,3%,3%,4%,1%,5%,10%,<1%,4%,7%
"Thinking about the upcoming presidential election this November, what is ONE WORD that describes how you feel about it?",Number of respondents,"1,004",484,512,148,263,356,204,685,104,95,93,517,480,379,304,125,165,222,210,351,221,206,458,340,486,470,48,439,415,53
Do you approve or disapprove of Joe Biden’s decision to drop out of the presidential race?,Strongly approve,65%,64%,66%,68%,65%,67%,62%,68%,61%,61%,64%,71%,62%,71%,65%,73%,59%,67%,71%,63%,61%,73%,59%,68%,66%,65%,66%,66%,63%,80%
Do you approve or disapprove of Joe Biden’s decision to drop out of the presidential race?,Somewhat approve,22%,20%,24%,23%,19%,22%,25%,22%,21%,26%,19%,20%,22%,20%,23%,19%,22%,20%,14%,22%,28%,19%,24%,21%,25%,20%,9%,26%,20%,8%
Do you approve or disapprove of Joe Biden’s decision to drop out of the presidential race?,Somewhat disapprove,4%,4%,3%,4%,5%,3%,2%,3%,7%,2%,6%,2%,4%,2%,3%,2%,6%,3%,3%,4%,4%,2%,5%,3%,3%,3%,8%,3%,4%,0%
Do you approve or disapprove of Joe Biden’s decision to drop out of the presidential race?,Strongly disapprove,5%,7%,4%,3%,6%,4%,6%,4%,7%,5%,7%,3%,7%,3%,5%,3%,8%,6%,8%,5%,2%,2%,7%,5%,4%,7%,1%,3%,7%,9%
Do you approve or disapprove of Joe Biden’s decision to drop out of the presidential race?,[VOL] Don't know/Refused,4%,5%,4%,2%,5%,3%,5%,4%,3%,5%,4%,3%,5%,3%,4%,2%,5%,4%,4%,5%,5%,4%,5%,3%,2%,5%,16%,2%,6%,3%
Do you approve or disapprove of Joe Biden’s decision to drop out of the presidential race?,NET Approve,87%,84%,89%,91%,84%,89%,87%,89%,82%,88%,83%,91%,85%,91%,87%,92%,81%,87%,86%,86%,89%,91%,83%,89%,91%,85%,75%,91%,84%,88%
Do you approve or disapprove of Joe Biden’s decision to drop out of the presidential race?,NET Disapprove,9%,11%,7%,8%,11%,8%,8%,7%,14%,8%,12%,6%,11%,6%,8%,6%,14%,9%,11%,10%,6%,5%,12%,8%,7%,10%,9%,6%,11%,9%
Do you approve or disapprove of Joe Biden’s decision to drop out of the presidential race?,Number of respondents,"1,004",484,512,148,263,356,204,685,104,95,93,517,480,379,304,125,165,222,210,351,221,206,458,340,486,470,48,439,415,53
What comes closer to how you would feel if Kamala Harris were the Democratic nominee for president?,Enthusiastic,24%,18%,30%,16%,22%,28%,28%,22%,42%,29%,18%,31%,21%,30%,16%,35%,29%,26%,25%,19%,31%,27%,28%,18%,50%,2%,4%,54%,3%,2%
What comes closer to how you would feel if Kamala Harris were the Democratic nominee for president?,"Satisfied, but not enthusiastic",28%,26%,29%,54%,34%,19%,19%,24%,40%,30%,36%,32%,25%,30%,19%,37%,35%,25%,34%,24%,30%,34%,27%,24%,43%,13%,27%,41%,11%,31%
What comes closer to how you would feel if Kamala Harris were the Democratic nominee for president?,"Dissatisfied, but not upset",30%,38%,23%,24%,33%,31%,30%,34%,14%,26%,32%,24%,34%,26%,40%,21%,25%,31%,25%,36%,25%,25%,28%,37%,6%,52%,48%,3%,51%,59%
What comes closer to how you would feel if Kamala Harris were the Democratic nominee for president?,Angry,13%,13%,13%,5%,10%,17%,18%,17%,2%,7%,12%,10%,15%,12%,20%,6%,7%,15%,13%,14%,10%,9%,12%,17%,<.5%,26%,8%,<.5%,29%,4%
What comes closer to how you would feel if Kamala Harris were the Democratic nominee for president?,[VOL] Don't know/Refused,4%,5%,4%,1%,2%,6%,5%,4%,2%,7%,3%,3%,5%,2%,5%,2%,4%,3%,2%,6%,4%,5%,4%,4%,<1%,6%,14%,<1%,6%,5%
What comes closer to how you would feel if Kamala Harris were the Democratic nominee for president?,Number of respondents,"1,004",484,512,148,263,356,204,685,104,95,93,517,480,379,304,125,165,222,210,351,221,206,458,340,486,470,48,439,415,53
How do you feel about Joe Biden’s decision to end his presidential campaign?,Enthusiastic,27%,25%,28%,25%,21%,31%,28%,31%,17%,14%,29%,32%,23%,35%,27%,25%,17%,24%,31%,26%,27%,28%,26%,27%,26%,28%,24%,26%,28%,18%
How do you feel about Joe Biden’s decision to end his presidential campaign?,"Satisfied, but not enthusiastic",50%,48%,52%,57%,54%,49%,47%,48%,56%,57%,47%,51%,49%,49%,48%,56%,52%,56%,46%,47%,51%,56%,47%,49%,58%,43%,39%,59%,42%,49%
How do you feel about Joe Biden’s decision to end his presidential campaign?,"Dissatisfied, but not upset",16%,18%,15%,17%,17%,14%,15%,14%,25%,23%,17%,12%,19%,11%,16%,14%,25%,13%,15%,18%,17%,12%,19%,15%,14%,18%,18%,13%,20%,20%
How do you feel about Joe Biden’s decision to end his presidential campaign?,Angry,4%,5%,3%,<.5%,6%,3%,4%,4%,1%,3%,6%,3%,4%,3%,4%,4%,2%,4%,5%,5%,3%,3%,4%,5%,1%,6%,5%,1%,7%,6%
How do you feel about Joe Biden’s decision to end his presidential campaign?,[VOL] Don't know/Refused,3%,4%,3%,<1%,2%,3%,6%,3%,1%,3%,2%,2%,4%,1%,5%,<1%,3%,4%,3%,4%,2%,2%,4%,4%,<1%,5%,14%,<1%,4%,7%
How do you feel about Joe Biden’s decision to end his presidential campaign?,Number of respondents,"1,004",484,512,148,263,356,204,685,104,95,93,517,480,379,304,125,165,222,210,351,221,206,458,340,486,470,48,439,415,53
Can unify the country,Very well,16%,12%,20%,7%,14%,18%,22%,12%,34%,25%,17%,16%,17%,12%,11%,25%,26%,16%,13%,16%,19%,17%,19%,12%,34%,<1%,5%,37%,<1%,3%
Can unify the country,Somewhat well,27%,22%,31%,44%,29%,19%,25%,25%,33%,38%,24%,34%,22%,34%,18%,35%,30%,26%,31%,22%,31%,34%,26%,23%,48%,7%,17%,48%,6%,27%
Can unify the country,Not too well,12%,16%,10%,20%,15%,14%,5%,13%,4%,7%,23%,14%,12%,15%,12%,11%,11%,11%,11%,14%,13%,11%,14%,12%,11%,14%,17%,10%,12%,19%
Can unify the country,Not at all well,40%,46%,35%,23%,40%,45%,44%,47%,23%,24%,33%,33%,45%,34%,56%,27%,26%,42%,41%,44%,32%,32%,37%,50%,4%,76%,38%,3%,78%,44%
Can unify the country,[VOL] Don't know/Refused,4%,4%,5%,5%,3%,5%,3%,3%,5%,6%,3%,4%,4%,4%,3%,2%,6%,5%,4%,3%,5%,6%,4%,3%,3%,3%,23%,3%,3%,8%
Can unify the country,NET Well,43%,34%,51%,52%,43%,37%,47%,36%,67%,63%,41%,49%,39%,46%,29%,59%,57%,42%,44%,38%,50%,51%,45%,35%,82%,8%,22%,85%,6%,30%
Can unify the country,NET Not well,53%,62%,44%,43%,54%,59%,49%,60%,27%,31%,56%,46%,57%,49%,68%,38%,37%,53%,52%,58%,45%,43%,51%,62%,15%,89%,55%,12%,91%,63%
Can unify the country,Number of respondents,"1,004",484,512,148,263,356,204,685,104,95,93,517,480,379,304,125,165,222,210,351,221,206,458,340,486,470,48,439,415,53
Has the temperament to be an effective president,Very well,33%,25%,41%,39%,33%,31%,34%,30%,57%,35%,29%,43%,28%,42%,21%,47%,38%,34%,34%,29%,38%,36%,37%,27%,69%,2%,5%,75%,1%,7%
Has the temperament to be an effective president,Somewhat well,18%,19%,17%,31%,24%,15%,10%,14%,24%,32%,25%,20%,17%,18%,11%,27%,27%,18%,17%,17%,23%,26%,18%,14%,26%,9%,36%,22%,7%,31%
Has the temperament to be an effective president,Not too well,11%,12%,9%,12%,13%,8%,11%,10%,8%,12%,17%,9%,12%,9%,12%,10%,13%,8%,15%,12%,7%,13%,10%,10%,2%,18%,16%,<1%,16%,26%
Has the temperament to be an effective president,Not at all well,35%,42%,28%,16%,28%,42%,42%,43%,9%,18%,25%,25%,40%,29%,53%,11%,19%,38%,31%,39%,28%,22%,32%,46%,1%,68%,23%,<.5%,72%,35%
Has the temperament to be an effective president,[VOL] Don't know/Refused,3%,2%,4%,2%,1%,4%,3%,3%,1%,3%,4%,4%,3%,3%,3%,5%,2%,2%,3%,3%,4%,3%,3%,3%,2%,2%,20%,2%,2%,<1%
Has the temperament to be an effective president,NET Well,52%,44%,58%,70%,57%,46%,44%,44%,81%,67%,54%,63%,45%,59%,32%,74%,65%,52%,51%,46%,60%,62%,54%,41%,95%,11%,41%,97%,9%,39%
Has the temperament to be an effective president,NET Not well,45%,54%,37%,28%,42%,50%,53%,53%,17%,30%,42%,34%,52%,38%,64%,21%,33%,45%,45%,51%,35%,35%,42%,56%,3%,86%,39%,1%,89%,61%
Has the temperament to be an effective president,Number of respondents,"1,004",484,512,148,263,356,204,685,104,95,93,517,480,379,304,125,165,222,210,351,221,206,458,340,486,470,48,439,415,53
Is intelligent,Very well,46%,36%,56%,56%,49%,42%,45%,40%,79%,54%,46%,59%,39%,55%,28%,70%,57%,45%,47%,43%,52%,57%,48%,37%,87%,9%,29%,90%,8%,24%
Is intelligent,Somewhat well,19%,22%,17%,24%,20%,18%,16%,20%,9%,24%,22%,15%,22%,16%,24%,15%,19%,22%,20%,19%,17%,18%,21%,18%,12%,26%,27%,8%,23%,53%
Is intelligent,Not too well,7%,10%,4%,4%,6%,8%,7%,8%,2%,2%,9%,7%,7%,8%,9%,2%,5%,7%,6%,8%,5%,4%,7%,8%,<.5%,13%,7%,<.5%,13%,7%
Is intelligent,Not at all well,24%,30%,19%,14%,22%,29%,28%,29%,7%,15%,22%,17%,29%,18%,36%,11%,15%,23%,22%,28%,22%,19%,21%,32%,<1%,47%,23%,<.5%,51%,11%
Is intelligent,[VOL] Don't know/Refused,3%,2%,4%,2%,3%,3%,4%,3%,3%,5%,2%,3%,3%,3%,3%,1%,4%,3%,4%,3%,4%,2%,3%,5%,<1%,5%,14%,<.5%,4%,5%
Is intelligent,NET Well,66%,58%,73%,80%,69%,60%,60%,60%,88%,78%,68%,74%,61%,71%,52%,85%,76%,67%,67%,62%,69%,75%,69%,55%,98%,35%,56%,99%,31%,77%
Is intelligent,NET Not well,31%,40%,23%,18%,28%,37%,35%,37%,9%,17%,31%,23%,36%,26%,45%,14%,20%,30%,29%,36%,27%,23%,28%,40%,1%,60%,30%,<1%,65%,18%
Is intelligent,Number of respondents,"1,004",484,512,148,263,356,204,685,104,95,93,517,480,379,304,125,165,222,210,351,221,206,458,340,486,470,48,439,415,53
Cares about people like you,Very well,30%,21%,39%,30%,32%,27%,33%,25%,53%,38%,27%,38%,26%,35%,18%,45%,38%,29%,28%,28%,35%,33%,34%,23%,63%,2%,3%,66%,2%,4%
Cares about people like you,Somewhat well,21%,20%,21%,35%,19%,18%,18%,18%,26%,30%,27%,23%,20%,22%,16%,28%,27%,21%,24%,18%,23%,28%,20%,17%,31%,11%,23%,28%,10%,32%
Cares about people like you,Not too well,9%,11%,6%,11%,14%,8%,4%,9%,5%,10%,12%,10%,9%,10%,8%,9%,10%,8%,10%,9%,8%,10%,9%,8%,4%,13%,15%,4%,11%,22%
Cares about people like you,Not at all well,36%,44%,29%,20%,32%,41%,42%,45%,10%,19%,29%,26%,42%,29%,56%,15%,20%,40%,32%,41%,29%,26%,33%,48%,<1%,70%,40%,<.5%,74%,35%
Cares about people like you,[VOL] Don't know/Refused,4%,3%,4%,3%,3%,5%,3%,3%,5%,3%,4%,4%,4%,3%,3%,2%,5%,2%,5%,4%,4%,4%,4%,4%,2%,4%,18%,1%,4%,7%
Cares about people like you,NET Well,51%,42%,60%,66%,51%,46%,51%,43%,80%,67%,55%,61%,45%,57%,33%,74%,65%,50%,53%,46%,58%,60%,54%,41%,94%,12%,26%,95%,12%,36%
Cares about people like you,NET Not well,45%,55%,36%,31%,46%,49%,46%,54%,15%,29%,41%,35%,51%,39%,64%,24%,30%,47%,42%,50%,38%,36%,42%,55%,4%,83%,55%,4%,85%,57%
Cares about people like you,Number of respondents,"1,004",484,512,148,263,356,204,685,104,95,93,517,480,379,304,125,165,222,210,351,221,206,458,340,486,470,48,439,415,53
Will bring about the right kind of change,Very well,25%,16%,32%,24%,22%,26%,28%,21%,47%,32%,23%,30%,22%,28%,16%,37%,33%,25%,23%,22%,30%,28%,27%,19%,53%,<1%,0%,57%,<1%,5%
Will bring about the right kind of change,Somewhat well,23%,22%,23%,41%,27%,17%,15%,19%,28%,39%,24%,27%,20%,26%,13%,30%,30%,21%,24%,20%,27%,29%,24%,16%,39%,8%,12%,37%,6%,18%
Will bring about the right kind of change,Not too well,11%,14%,9%,10%,14%,10%,12%,12%,5%,7%,15%,10%,12%,11%,13%,7%,10%,11%,13%,11%,10%,9%,12%,12%,5%,15%,32%,3%,13%,41%
Will bring about the right kind of change,Not at all well,37%,45%,29%,21%,33%,43%,41%,45%,12%,20%,33%,29%,42%,31%,55%,22%,21%,39%,34%,42%,29%,27%,34%,48%,<1%,73%,31%,<.5%,77%,32%
Will bring about the right kind of change,[VOL] Don't know/Refused,5%,3%,6%,5%,4%,5%,4%,4%,7%,2%,5%,4%,4%,4%,3%,3%,6%,4%,5%,5%,4%,7%,3%,5%,3%,4%,24%,3%,3%,5%
Will bring about the right kind of change,NET Well,47%,38%,56%,65%,49%,42%,43%,39%,75%,71%,46%,57%,42%,54%,29%,67%,63%,46%,47%,42%,57%,58%,51%,36%,92%,9%,12%,94%,7%,22%
Will bring about the right kind of change,NET Not well,48%,59%,38%,31%,47%,53%,53%,57%,18%,27%,48%,39%,54%,42%,68%,29%,31%,50%,48%,54%,38%,35%,46%,59%,6%,87%,64%,3%,90%,72%
Will bring about the right kind of change,Number of respondents,"1,004",484,512,148,263,356,204,685,104,95,93,517,480,379,304,125,165,222,210,351,221,206,458,340,486,470,48,439,415,53
Is a strong leader,Very well,26%,19%,33%,21%,25%,28%,28%,21%,45%,44%,20%,29%,24%,29%,16%,33%,38%,24%,20%,25%,36%,32%,29%,19%,55%,2%,3%,59%,<1%,9%
Is a strong leader,Somewhat well,22%,20%,24%,46%,26%,14%,17%,19%,32%,24%,32%,28%,19%,26%,15%,36%,27%,23%,27%,20%,21%,27%,22%,19%,36%,9%,18%,35%,9%,24%
Is a strong leader,Not too well,11%,13%,9%,14%,13%,10%,7%,11%,6%,9%,16%,11%,11%,11%,11%,11%,10%,10%,12%,11%,11%,12%,10%,12%,5%,15%,22%,3%,12%,27%
Is a strong leader,Not at all well,36%,45%,29%,16%,33%,43%,43%,45%,11%,18%,29%,28%,41%,30%,55%,18%,19%,39%,35%,41%,28%,26%,35%,46%,2%,71%,29%,1%,75%,29%
Is a strong leader,[VOL] Don't know/Refused,4%,3%,5%,3%,3%,5%,4%,4%,6%,4%,3%,4%,4%,4%,3%,1%,6%,4%,7%,2%,5%,3%,4%,4%,2%,3%,28%,1%,3%,11%
Is a strong leader,NET Well,49%,39%,57%,67%,51%,42%,46%,40%,77%,68%,52%,58%,44%,54%,31%,69%,65%,47%,47%,46%,56%,59%,51%,38%,91%,11%,21%,94%,9%,33%
Is a strong leader,NET Not well,47%,58%,38%,30%,46%,53%,50%,56%,18%,28%,46%,39%,52%,42%,66%,30%,30%,49%,46%,52%,39%,38%,44%,57%,7%,86%,50%,4%,88%,56%
Is a strong leader,Number of respondents,"1,004",484,512,148,263,356,204,685,104,95,93,517,480,379,304,125,165,222,210,351,221,206,458,340,486,470,48,439,415,53
Can unify the country,Very well,25%,30%,20%,17%,14%,29%,34%,30%,7%,22%,19%,12%,33%,13%,41%,7%,20%,22%,21%,33%,20%,19%,23%,32%,1%,51%,6%,1%,54%,17%
Can unify the country,Somewhat well,18%,20%,16%,20%,22%,17%,14%,18%,13%,20%,18%,16%,19%,17%,20%,10%,18%,17%,15%,20%,18%,14%,18%,20%,4%,32%,13%,4%,32%,20%
Can unify the country,Not too well,11%,11%,11%,16%,13%,7%,10%,9%,15%,16%,16%,11%,11%,11%,7%,12%,17%,13%,10%,10%,12%,14%,10%,10%,11%,11%,12%,9%,9%,19%
Can unify the country,Not at all well,45%,37%,51%,46%,52%,43%,40%,42%,64%,42%,46%,60%,35%,57%,30%,70%,44%,46%,52%,37%,49%,52%,47%,36%,84%,5%,57%,86%,4%,43%
Can unify the country,[VOL] Don't know/Refused,1%,1%,2%,<1%,<.5%,3%,1%,2%,<1%,<1%,1%,1%,2%,1%,2%,<1%,<1%,1%,3%,1%,1%,1%,1%,1%,<.5%,1%,12%,<.5%,1%,1%
Can unify the country,NET Well,43%,50%,36%,37%,36%,46%,48%,48%,20%,42%,37%,28%,52%,31%,60%,17%,38%,40%,35%,53%,38%,33%,41%,53%,5%,83%,18%,5%,86%,37%
Can unify the country,NET Not well,55%,49%,62%,62%,64%,51%,51%,50%,79%,58%,62%,71%,46%,68%,38%,82%,61%,59%,62%,46%,61%,66%,57%,46%,95%,16%,69%,95%,13%,62%
Can unify the country,Number of respondents,"1,004",484,512,148,263,356,204,685,104,95,93,517,480,379,304,125,165,222,210,351,221,206,458,340,486,470,48,439,415,53
Has the temperament to be an effective president,Very well,32%,38%,26%,18%,24%,37%,42%,38%,15%,25%,21%,18%,40%,21%,49%,10%,25%,29%,29%,39%,26%,24%,29%,41%,2%,64%,6%,2%,70%,15%
Has the temperament to be an effective president,Somewhat well,17%,20%,15%,25%,22%,14%,11%,17%,11%,25%,21%,17%,18%,17%,16%,15%,19%,19%,16%,16%,19%,19%,17%,17%,6%,28%,29%,4%,24%,34%
Has the temperament to be an effective president,Not too well,9%,11%,8%,16%,9%,8%,8%,7%,12%,10%,18%,11%,9%,10%,6%,16%,13%,9%,9%,11%,8%,9%,12%,6%,12%,6%,19%,10%,4%,23%
Has the temperament to be an effective president,Not at all well,40%,30%,49%,40%,45%,38%,40%,37%,62%,39%,36%,53%,33%,52%,27%,56%,42%,43%,44%,33%,45%,48%,42%,34%,80%,2%,34%,83%,<1%,28%
Has the temperament to be an effective president,[VOL] Don't know/Refused,1%,<1%,2%,<1%,<.5%,3%,0%,<1%,<1%,<1%,3%,1%,1%,<.5%,1%,3%,<1%,<.5%,2%,<.5%,2%,1%,<1%,2%,<1%,<.5%,12%,<1%,<.5%,0%
Has the temperament to be an effective president,NET Well,49%,58%,41%,44%,46%,51%,52%,54%,26%,50%,42%,35%,58%,38%,66%,25%,44%,47%,45%,56%,45%,42%,46%,59%,7%,92%,34%,6%,94%,49%
Has the temperament to be an effective president,NET Not well,50%,41%,57%,55%,54%,46%,48%,45%,74%,49%,55%,64%,41%,62%,33%,72%,55%,52%,53%,44%,53%,56%,54%,40%,92%,8%,53%,93%,5%,51%
Has the temperament to be an effective president,Number of respondents,"1,004",484,512,148,263,356,204,685,104,95,93,517,480,379,304,125,165,222,210,351,221,206,458,340,486,470,48,439,415,53
Is intelligent,Very well,38%,44%,32%,24%,29%,43%,47%,45%,17%,28%,24%,24%,46%,28%,58%,11%,28%,38%,33%,45%,30%,28%,35%,49%,5%,73%,15%,4%,78%,27%
Is intelligent,Somewhat well,22%,23%,21%,37%,30%,15%,12%,19%,17%,33%,32%,26%,19%,25%,14%,28%,26%,20%,24%,21%,22%,26%,21%,20%,19%,23%,32%,17%,20%,35%
Is intelligent,Not too well,10%,7%,11%,14%,10%,9%,8%,8%,16%,11%,13%,12%,9%,12%,5%,12%,14%,7%,8%,11%,11%,12%,13%,4%,16%,3%,14%,16%,2%,10%
Is intelligent,Not at all well,30%,25%,35%,24%,31%,31%,33%,27%,50%,28%,29%,38%,25%,34%,22%,48%,32%,34%,32%,22%,35%,33%,31%,26%,60%,1%,27%,62%,<.5%,28%
Is intelligent,[VOL] Don't know/Refused,1%,<1%,2%,1%,1%,1%,<.5%,<1%,0%,<1%,2%,1%,<1%,<1%,<1%,1%,<1%,0%,2%,<1%,2%,2%,<1%,1%,<1%,<.5%,11%,<1%,<.5%,0%
Is intelligent,NET Well,59%,67%,52%,61%,59%,59%,59%,64%,34%,61%,56%,50%,65%,53%,72%,39%,54%,59%,58%,66%,52%,53%,56%,68%,23%,96%,48%,21%,98%,61%
Is intelligent,NET Not well,39%,32%,46%,38%,40%,40%,41%,35%,66%,38%,42%,49%,34%,46%,27%,59%,46%,41%,40%,33%,46%,45%,44%,30%,76%,4%,42%,78%,2%,39%
Is intelligent,Number of respondents,"1,004",484,512,148,263,356,204,685,104,95,93,517,480,379,304,125,165,222,210,351,221,206,458,340,486,470,48,439,415,53
Cares about people like you,Very well,34%,40%,28%,22%,25%,39%,42%,42%,10%,21%,26%,22%,41%,26%,53%,10%,22%,34%,28%,42%,27%,23%,32%,45%,2%,69%,5%,2%,75%,21%
Cares about people like you,Somewhat well,14%,17%,12%,24%,17%,13%,8%,13%,10%,24%,16%,14%,15%,15%,12%,11%,18%,14%,14%,14%,17%,16%,15%,12%,7%,21%,18%,5%,19%,24%
Cares about people like you,Not too well,8%,10%,6%,13%,12%,5%,6%,6%,15%,11%,10%,9%,8%,9%,4%,8%,14%,8%,9%,7%,8%,11%,7%,7%,9%,6%,17%,8%,5%,19%
Cares about people like you,Not at all well,42%,32%,52%,41%,44%,42%,43%,38%,66%,43%,47%,54%,36%,50%,30%,69%,46%,44%,48%,36%,46%,49%,45%,34%,81%,4%,52%,84%,2%,35%
Cares about people like you,[VOL] Don't know/Refused,1%,1%,1%,<1%,1%,2%,<1%,<1%,0%,<1%,1%,1%,<1%,<1%,1%,<1%,<1%,1%,1%,<1%,2%,2%,<1%,2%,<1%,<1%,9%,<1%,<.5%,2%
Cares about people like you,NET Well,48%,57%,40%,46%,42%,52%,50%,55%,20%,45%,42%,36%,56%,41%,65%,22%,40%,48%,42%,55%,44%,39%,47%,57%,9%,90%,23%,7%,93%,44%
Cares about people like you,NET Not well,50%,41%,58%,54%,57%,47%,49%,44%,80%,54%,57%,63%,43%,59%,33%,77%,59%,51%,57%,44%,54%,60%,52%,41%,90%,9%,68%,92%,6%,53%
Cares about people like you,Number of respondents,"1,004",484,512,148,263,356,204,685,104,95,93,517,480,379,304,125,165,222,210,351,221,206,458,340,486,470,48,439,415,53
Will bring about the right kind of change,Very well,35%,40%,29%,16%,25%,41%,46%,43%,11%,22%,23%,23%,41%,27%,53%,9%,22%,36%,28%,43%,26%,25%,31%,45%,2%,70%,4%,2%,76%,14%
Will bring about the right kind of change,Somewhat well,15%,17%,13%,26%,19%,13%,7%,13%,12%,23%,20%,14%,16%,13%,13%,15%,19%,14%,15%,13%,20%,17%,15%,14%,5%,24%,24%,4%,21%,39%
Will bring about the right kind of change,Not too well,8%,8%,7%,12%,8%,6%,7%,5%,10%,18%,12%,7%,8%,5%,4%,14%,13%,5%,7%,10%,7%,8%,9%,6%,11%,4%,17%,9%,2%,14%
Will bring about the right kind of change,Not at all well,41%,33%,49%,45%,47%,39%,40%,38%,63%,37%,44%,55%,34%,53%,28%,60%,44%,45%,47%,33%,46%,48%,44%,34%,83%,2%,40%,86%,<1%,33%
Will bring about the right kind of change,[VOL] Don't know/Refused,1%,<1%,2%,1%,2%,2%,<.5%,1%,3%,<1%,2%,1%,2%,1%,1%,2%,2%,<.5%,4%,<1%,1%,2%,1%,2%,<.5%,1%,14%,<.5%,<1%,0%
Will bring about the right kind of change,NET Well,50%,57%,43%,42%,44%,54%,53%,56%,23%,44%,43%,37%,57%,41%,67%,24%,41%,50%,43%,56%,46%,42%,46%,59%,6%,94%,28%,5%,97%,53%
Will bring about the right kind of change,NET Not well,49%,42%,55%,57%,54%,44%,47%,43%,73%,55%,56%,62%,41%,58%,32%,74%,57%,50%,53%,43%,53%,56%,52%,40%,93%,5%,58%,95%,2%,47%
Will bring about the right kind of change,Number of respondents,"1,004",484,512,148,263,356,204,685,104,95,93,517,480,379,304,125,165,222,210,351,221,206,458,340,486,470,48,439,415,53
Is a strong leader,Very well,42%,52%,34%,31%,35%,46%,50%,49%,16%,36%,34%,31%,49%,34%,60%,21%,32%,40%,37%,53%,34%,32%,39%,55%,5%,83%,13%,4%,87%,28%
Is a strong leader,Somewhat well,18%,15%,20%,35%,21%,13%,11%,15%,24%,24%,24%,18%,18%,17%,13%,22%,24%,18%,19%,14%,22%,23%,19%,14%,19%,15%,32%,17%,12%,42%
Is a strong leader,Not too well,8%,9%,7%,9%,11%,8%,5%,7%,6%,10%,11%,11%,6%,11%,4%,11%,9%,7%,10%,7%,10%,10%,9%,5%,14%,1%,16%,14%,<1%,12%
Is a strong leader,Not at all well,31%,24%,37%,24%,32%,30%,34%,28%,53%,28%,29%,39%,26%,37%,21%,46%,34%,35%,33%,26%,33%,35%,33%,25%,62%,<1%,28%,64%,<.5%,18%
Is a strong leader,[VOL] Don't know/Refused,<1%,<.5%,1%,1%,<.5%,2%,0%,<1%,<1%,<1%,2%,<1%,<1%,<.5%,<1%,1%,<1%,0%,2%,<.5%,2%,<1%,<1%,1%,<.5%,<.5%,11%,<.5%,<.5%,0%
Is a strong leader,NET Well,60%,67%,54%,66%,56%,60%,61%,64%,40%,61%,58%,49%,67%,51%,73%,42%,56%,58%,56%,67%,56%,55%,57%,68%,23%,98%,45%,22%,99%,70%
Is a strong leader,NET Not well,39%,32%,45%,33%,44%,38%,39%,35%,60%,39%,40%,50%,32%,48%,26%,56%,43%,42%,42%,33%,43%,45%,42%,31%,76%,2%,44%,78%,<1%,30%
Is a strong leader,Number of respondents,"1,004",484,512,148,263,356,204,685,104,95,93,517,480,379,304,125,165,222,210,351,221,206,458,340,486,470,48,439,415,53
What single news source do you turn to most often?,[VOL] Fox News,14%,15%,12%,7%,6%,14%,23%,19%,3%,3%,7%,10%,16%,12%,23%,4%,5%,10%,11%,20%,10%,10%,12%,18%,1%,27%,0%,<1%,30%,2%
What single news source do you turn to most often?,[VOL] CNN,11%,9%,13%,11%,13%,11%,9%,9%,22%,10%,14%,11%,11%,11%,7%,12%,17%,14%,15%,7%,12%,13%,12%,8%,16%,5%,23%,15%,4%,18%
What single news source do you turn to most often?,[VOL] MSNBC,5%,3%,6%,2%,2%,6%,8%,5%,10%,3%,2%,5%,5%,5%,4%,4%,6%,6%,5%,4%,4%,6%,5%,4%,10%,<.5%,2%,11%,0%,3%
What single news source do you turn to most often?,[VOL] Public Radio/NPR/PBS,4%,4%,4%,3%,7%,3%,3%,4%,2%,3%,5%,8%,1%,8%,1%,7%,2%,6%,3%,2%,5%,5%,4%,3%,8%,<.5%,2%,8%,<.5%,<1%
What single news source do you turn to most often?,[VOL] Talk radio/conservative personality,<1%,1%,<.5%,0%,<1%,1%,0%,<1%,0%,1%,0%,0%,1%,0%,2%,0%,<1%,<.5%,1%,<1%,<1%,<1%,<1%,<1%,0%,1%,0%,0%,2%,0%
What single news source do you turn to most often?,"[VOL] National television networks, like CBS, NBC or ABC",11%,8%,14%,4%,6%,11%,20%,11%,15%,14%,7%,10%,11%,9%,12%,14%,11%,15%,11%,11%,8%,8%,13%,10%,14%,8%,9%,13%,8%,14%
What single news source do you turn to most often?,"[VOL] Local broadcast news (includes non-talk, non-public local radio)",5%,4%,6%,1%,3%,8%,5%,4%,10%,4%,7%,2%,6%,2%,5%,3%,9%,5%,2%,6%,5%,4%,5%,5%,3%,6%,5%,3%,6%,6%
What single news source do you turn to most often?,"[VOL] National print or online news organizations, like The New York Times or The Wall Street Journal",6%,6%,6%,9%,8%,5%,5%,7%,3%,4%,10%,13%,3%,13%,2%,12%,3%,5%,10%,6%,5%,7%,7%,5%,11%,2%,0%,12%,2%,3%
What single news source do you turn to most often?,[VOL] Local print or online news organizations,<1%,<1%,<.5%,<.5%,<1%,<1%,<.5%,<1%,0%,0%,<1%,<1%,<.5%,<1%,<1%,<1%,0%,<1%,<1%,<.5%,<1%,0%,<1%,<1%,<1%,<.5%,<1%,<1%,0%,0%
What single news source do you turn to most often?,[VOL] Social media,20%,22%,17%,46%,26%,13%,6%,18%,20%,23%,28%,17%,22%,16%,20%,19%,26%,15%,21%,19%,23%,27%,18%,17%,18%,21%,23%,18%,21%,20%
What single news source do you turn to most often?,[VOL] Friends and family,<.5%,<.5%,0%,0%,0%,<.5%,0%,<.5%,0%,0%,0%,<.5%,0%,<.5%,0%,0%,0%,0%,0%,0%,<.5%,0%,<.5%,0%,<.5%,0%,0%,<.5%,0%,0%
What single news source do you turn to most often?,"[VOL] International news sources (such as the BBC, Al Jazeera and The Guardian)",2%,2%,2%,3%,1%,3%,<1%,2%,1%,2%,2%,3%,1%,3%,2%,5%,<.5%,3%,2%,<1%,3%,<.5%,2%,3%,3%,1%,1%,3%,<1%,2%
What single news source do you turn to most often?,"[VOL] Aggregation sites (such as Bing, Google, Yahoo News or Apple News)",4%,4%,4%,5%,10%,2%,<.5%,4%,4%,4%,5%,7%,3%,6%,3%,9%,2%,4%,4%,3%,6%,4%,4%,4%,3%,4%,11%,3%,3%,14%
What single news source do you turn to most often?,[VOL] Conservative news sites,2%,3%,2%,2%,3%,3%,2%,2%,<1%,3%,3%,2%,2%,2%,2%,2%,3%,4%,<1%,2%,3%,3%,2%,2%,0%,5%,0%,0%,5%,1%
What single news source do you turn to most often?,[VOL] Newsmax,3%,3%,2%,<.5%,<1%,3%,5%,3%,1%,<1%,3%,1%,3%,<1%,5%,2%,1%,3%,3%,3%,1%,<.5%,3%,4%,<.5%,5%,0%,<.5%,6%,0%
What single news source do you turn to most often?,[VOL] Liberal news sites (Such as Mother Jones and Occupy Democrats),<.5%,<1%,<.5%,0%,0%,<1%,<1%,<.5%,1%,0%,<.5%,<.5%,<1%,<.5%,<1%,<.5%,<1%,0%,0%,1%,0%,<1%,<1%,<.5%,<1%,<.5%,0%,<1%,<.5%,0%
What single news source do you turn to most often?,[VOL] Doesn’t consume news,1%,1%,1%,0%,3%,1%,1%,1%,0%,1%,2%,1%,1%,1%,1%,0%,2%,2%,2%,1%,<.5%,<1%,2%,1%,<1%,1%,4%,<1%,2%,4%
What single news source do you turn to most often?,[VOL] Other (includes no preference and the internet),8%,9%,7%,4%,6%,11%,9%,7%,5%,20%,2%,6%,9%,6%,8%,5%,10%,5%,7%,9%,10%,7%,6%,12%,7%,9%,7%,7%,9%,6%
What single news source do you turn to most often?,[VOL] Don't know/Refused,4%,4%,3%,1%,5%,3%,3%,3%,0%,5%,3%,3%,3%,3%,3%,2%,3%,3%,2%,4%,5%,4%,4%,2%,3%,3%,12%,3%,2%,6%
What single news source do you turn to most often?,Number of respondents,"1,004",484,512,148,263,356,204,685,104,95,93,517,480,379,304,125,165,222,210,351,221,206,458,340,486,470,48,439,415,53
"And just a few more questions for demographic purposes...Do you consider yourself politically liberal, moderate or conservative?",Very liberal,11%,8%,13%,15%,15%,9%,8%,10%,15%,13%,13%,17%,8%,15%,7%,23%,9%,10%,15%,10%,11%,14%,12%,7%,23%,<1%,1%,25%,<.5%,3%
"And just a few more questions for demographic purposes...Do you consider yourself politically liberal, moderate or conservative?",Somewhat liberal,14%,12%,16%,22%,15%,11%,12%,12%,14%,22%,13%,14%,14%,15%,11%,10%,20%,14%,9%,11%,23%,19%,14%,10%,25%,4%,9%,26%,3%,14%
"And just a few more questions for demographic purposes...Do you consider yourself politically liberal, moderate or conservative?",Moderate,34%,35%,34%,39%,35%,34%,34%,34%,35%,31%,42%,41%,30%,40%,29%,44%,32%,32%,43%,35%,29%,34%,35%,34%,39%,29%,43%,37%,26%,52%
"And just a few more questions for demographic purposes...Do you consider yourself politically liberal, moderate or conservative?",Somewhat conservative,18%,18%,18%,8%,18%,23%,18%,19%,19%,16%,13%,14%,20%,16%,21%,9%,18%,21%,17%,19%,13%,14%,17%,22%,7%,29%,18%,6%,30%,19%
"And just a few more questions for demographic purposes...Do you consider yourself politically liberal, moderate or conservative?",Very conservative,18%,22%,14%,14%,12%,17%,26%,20%,11%,17%,12%,11%,22%,12%,26%,6%,16%,19%,12%,21%,18%,12%,17%,23%,4%,33%,6%,3%,36%,7%
"And just a few more questions for demographic purposes...Do you consider yourself politically liberal, moderate or conservative?",[VOL] Don't know/Refused,5%,5%,4%,3%,6%,6%,3%,4%,6%,3%,7%,3%,6%,<1%,6%,8%,5%,4%,5%,4%,6%,7%,4%,4%,3%,5%,22%,2%,4%,5%
"And just a few more questions for demographic purposes...Do you consider yourself politically liberal, moderate or conservative?",Number of respondents,"1,004",484,512,148,263,356,204,685,104,95,93,517,480,379,304,125,165,222,210,351,221,206,458,340,486,470,48,439,415,53
Which of the following general income categories is your total household income before taxes?,"Under $25,000",10%,8%,11%,13%,5%,8%,14%,9%,11%,19%,2%,3%,14%,3%,13%,2%,15%,8%,8%,10%,12%,10%,9%,10%,9%,10%,8%,9%,9%,16%
Which of the following general income categories is your total household income before taxes?,"At least $25,000 but under $50,000",15%,13%,16%,29%,11%,7%,20%,14%,20%,21%,15%,8%,20%,8%,18%,9%,22%,20%,13%,13%,16%,15%,12%,20%,16%,13%,23%,17%,14%,17%
Which of the following general income categories is your total household income before taxes?,"At least $50,000 but under $100,000",29%,27%,31%,24%,31%,29%,29%,28%,35%,24%,32%,24%,31%,25%,30%,25%,32%,27%,24%,34%,27%,30%,31%,25%,32%,27%,15%,32%,27%,20%
Which of the following general income categories is your total household income before taxes?,"At least $100,000 but under $200,000",26%,29%,24%,19%,30%,33%,21%,29%,22%,19%,22%,37%,20%,37%,23%,40%,14%,31%,30%,24%,21%,26%,25%,28%,23%,28%,30%,24%,29%,17%
Which of the following general income categories is your total household income before taxes?,"$200,000 or more",14%,16%,12%,10%,20%,19%,6%,16%,9%,9%,17%,23%,9%,24%,9%,21%,8%,13%,15%,13%,15%,13%,16%,12%,16%,13%,11%,15%,12%,20%
Which of the following general income categories is your total household income before taxes?,[VOL] Refused,7%,7%,6%,5%,3%,4%,10%,5%,3%,9%,10%,5%,8%,4%,6%,3%,9%,1%,10%,6%,9%,6%,8%,5%,4%,9%,13%,3%,9%,10%
Which of the following general income categories is your total household income before taxes?,Number of respondents,"1,004",484,512,148,263,356,204,685,104,95,93,517,480,379,304,125,165,222,210,351,221,206,458,340,486,470,48,439,415,53
"Do you consider yourself Catholic, Protestant, Mormon, Jewish, Muslim, some other religion, or do you have no religious affiliation?",Catholic,21%,23%,19%,23%,14%,21%,24%,18%,5%,63%,13%,18%,23%,20%,16%,16%,33%,17%,24%,18%,27%,23%,24%,16%,19%,24%,9%,18%,25%,17%
"Do you consider yourself Catholic, Protestant, Mormon, Jewish, Muslim, some other religion, or do you have no religious affiliation?",Protestant (Christian),29%,27%,31%,20%,26%,28%,38%,32%,41%,11%,16%,27%,30%,29%,35%,21%,24%,35%,24%,36%,16%,21%,28%,35%,24%,33%,34%,24%,35%,28%
"Do you consider yourself Catholic, Protestant, Mormon, Jewish, Muslim, some other religion, or do you have no religious affiliation?",Mormon (LDS),1%,1%,1%,2%,<.5%,<1%,2%,2%,0%,0%,1%,2%,1%,2%,1%,<1%,<.5%,1%,<1%,<.5%,3%,2%,1%,1%,<1%,2%,2%,<1%,2%,0%
"Do you consider yourself Catholic, Protestant, Mormon, Jewish, Muslim, some other religion, or do you have no religious affiliation?",Jewish,2%,2%,2%,3%,2%,2%,<1%,3%,0%,2%,<1%,4%,<1%,5%,<1%,<1%,<1%,<1%,6%,<.5%,2%,<1%,4%,<1%,3%,1%,3%,3%,1%,2%
"Do you consider yourself Catholic, Protestant, Mormon, Jewish, Muslim, some other religion, or do you have no religious affiliation?",Muslim,2%,3%,1%,4%,3%,2%,0%,<.5%,4%,0%,8%,3%,1%,<1%,<.5%,8%,3%,2%,4%,1%,1%,4%,2%,<1%,2%,1%,9%,1%,<.5%,3%
"Do you consider yourself Catholic, Protestant, Mormon, Jewish, Muslim, some other religion, or do you have no religious affiliation?","[VOL] Christian (includes Baptist, Lutheran, Episcopalian, Methodist, Adventist, Presbyterian)",12%,10%,14%,10%,10%,14%,13%,11%,26%,5%,11%,7%,15%,5%,15%,10%,15%,15%,4%,18%,7%,8%,9%,18%,7%,17%,7%,7%,16%,18%
"Do you consider yourself Catholic, Protestant, Mormon, Jewish, Muslim, some other religion, or do you have no religious affiliation?",[VOL] Greek/Russian Orthodox,<.5%,<.5%,<.5%,0%,<1%,<.5%,0%,<1%,0%,0%,0%,<1%,0%,1%,0%,0%,0%,<.5%,<.5%,<.5%,<.5%,<1%,<.5%,0%,<.5%,<.5%,0%,<.5%,<.5%,0%
"Do you consider yourself Catholic, Protestant, Mormon, Jewish, Muslim, some other religion, or do you have no religious affiliation?",Some other religion (specify),2%,2%,3%,3%,2%,3%,1%,2%,<1%,<1%,9%,4%,2%,2%,2%,9%,1%,1%,2%,3%,3%,3%,2%,2%,3%,1%,1%,4%,<1%,2%
"Do you consider yourself Catholic, Protestant, Mormon, Jewish, Muslim, some other religion, or do you have no religious affiliation?",No religious affiliation,28%,30%,26%,35%,40%,26%,18%,30%,21%,19%,35%,33%,26%,34%,28%,31%,22%,26%,33%,21%,38%,36%,26%,26%,40%,18%,26%,41%,16%,26%
"Do you consider yourself Catholic, Protestant, Mormon, Jewish, Muslim, some other religion, or do you have no religious affiliation?",[VOL] Don't know/Refused,2%,2%,2%,2%,<1%,2%,2%,2%,2%,0%,5%,2%,2%,<1%,2%,3%,2%,2%,3%,2%,2%,2%,3%,<1%,1%,2%,9%,1%,2%,3%
"Do you consider yourself Catholic, Protestant, Mormon, Jewish, Muslim, some other religion, or do you have no religious affiliation?",Number of respondents,"1,004",484,512,148,263,356,204,685,104,95,93,517,480,379,304,125,165,222,210,351,221,206,458,340,486,470,48,439,415,53
"(If Protestant, Christian, Mormon, Greek/Russian Orthodox or some other religion)  Do you consider yourself an evangelical or born-again Christian?",Yes,26%,24%,28%,17%,21%,30%,30%,26%,46%,10%,18%,17%,31%,17%,33%,18%,27%,34%,13%,37%,12%,20%,21%,36%,15%,36%,24%,16%,38%,30%
"(If Protestant, Christian, Mormon, Greek/Russian Orthodox or some other religion)  Do you consider yourself an evangelical or born-again Christian?",No,18%,17%,20%,16%,18%,17%,21%,20%,21%,5%,19%,22%,16%,22%,18%,21%,12%,20%,18%,19%,18%,14%,21%,18%,20%,16%,24%,20%,16%,17%
"(If Protestant, Christian, Mormon, Greek/Russian Orthodox or some other religion)  Do you consider yourself an evangelical or born-again Christian?","[PREVIOUSLY] Catholic, Jewish, Muslim, no religious affiliation or refused",54%,58%,50%,65%,59%,51%,45%,52%,32%,83%,61%,59%,51%,59%,46%,59%,58%,45%,68%,42%,69%,65%,57%,42%,64%,45%,51%,63%,44%,49%
"(If Protestant, Christian, Mormon, Greek/Russian Orthodox or some other religion)  Do you consider yourself an evangelical or born-again Christian?",[VOL] Refused,2%,1%,2%,1%,1%,1%,3%,1%,1%,2%,3%,1%,2%,1%,2%,1%,2%,2%,1%,3%,<1%,<1%,1%,3%,<1%,3%,1%,<1%,2%,4%
"(If Protestant, Christian, Mormon, Greek/Russian Orthodox or some other religion)  Do you consider yourself an evangelical or born-again Christian?",Number of respondents,"1,004",484,512,148,263,356,204,685,104,95,93,517,480,379,304,125,165,222,210,351,221,206,458,340,486,470,48,439,415,53
Would you be open to commenting on the issues in this survey and be interested in being contacted by a reporter?,Yes,38%,42%,33%,28%,44%,44%,31%,37%,34%,42%,40%,42%,34%,42%,34%,43%,37%,28%,44%,35%,45%,45%,37%,33%,42%,35%,23%,42%,36%,35%
Would you be open to commenting on the issues in this survey and be interested in being contacted by a reporter?,No,62%,58%,67%,72%,56%,56%,69%,63%,66%,58%,60%,58%,66%,58%,66%,57%,63%,72%,56%,65%,55%,55%,63%,67%,58%,65%,77%,58%,64%,65%
Would you be open to commenting on the issues in this survey and be interested in being contacted by a reporter?,Number of respondents,"1,004",484,512,148,263,356,204,685,104,95,93,517,480,379,304,125,165,222,210,351,221,206,458,340,486,470,48,439,415,53
