itm,v1,likely_electorate_likely_electorate,gender_men,gender_women,age_18_29,age_30_44,age_45_64,age_65,race_ethnicity_white,race_ethnicity_black,race_ethnicity_hispanic,race_ethnicity_oth,education_b_a,education_no_b_a,race_education_white_college,race_education_white_no_college,race_education_non_white_college,race_education_non_white_no_college,region_midwest,region_north_east,region_south,region_west,neighborhood_type_city,neighborhood_type_suburb,neighborhood_type_rural_small_town,x2024_vote_head_to_head_harris,x2024_vote_head_to_head_trump,x2024_vote_head_to_head_oth,party_id_dem,party_id_rep,party_id_ind
"Do you think the United States is on the right track, or is it headed in the wrong direction?",Right track,30%,29%,30%,29%,28%,28%,32%,27%,46%,32%,28%,38%,23%,38%,19%,42%,32%,31%,36%,24%,31%,36%,36%,18%,56%,6%,6%,61%,6%,25%
"Do you think the United States is on the right track, or is it headed in the wrong direction?",Wrong direction,60%,62%,58%,58%,60%,63%,57%,64%,41%,56%,52%,52%,65%,53%,72%,48%,50%,60%,51%,68%,55%,48%,53%,75%,28%,89%,67%,27%,90%,62%
"Do you think the United States is on the right track, or is it headed in the wrong direction?",[VOLUNTEERED] Don't know/Refused,11%,9%,12%,14%,12%,9%,11%,9%,13%,13%,20%,10%,11%,10%,9%,10%,18%,9%,13%,8%,14%,16%,11%,7%,15%,5%,26%,12%,4%,13%
"Do you think the United States is on the right track, or is it headed in the wrong direction?",Number of respondents,"1,695",859,819,271,410,555,392,"1,099",198,202,149,827,846,544,542,256,288,361,344,596,394,386,722,587,787,806,102,492,493,554
(If wrong direction) Are you optimistic or pessimistic that America can get back on the right track over the next decade?,Very optimistic,21%,23%,19%,20%,14%,25%,22%,20%,20%,30%,28%,16%,24%,17%,21%,16%,33%,20%,23%,20%,22%,12%,21%,25%,20%,22%,17%,23%,24%,16%
(If wrong direction) Are you optimistic or pessimistic that America can get back on the right track over the next decade?,Somewhat optimistic,50%,44%,56%,57%,61%,45%,47%,52%,55%,46%,39%,50%,51%,51%,53%,51%,45%,57%,44%,49%,50%,51%,52%,48%,58%,48%,43%,57%,48%,51%
(If wrong direction) Are you optimistic or pessimistic that America can get back on the right track over the next decade?,Somewhat pessimistic,10%,11%,10%,13%,12%,9%,10%,12%,6%,5%,10%,12%,9%,12%,11%,10%,4%,7%,15%,12%,9%,13%,10%,10%,8%,10%,20%,9%,11%,11%
(If wrong direction) Are you optimistic or pessimistic that America can get back on the right track over the next decade?,Very pessimistic,10%,12%,9%,5%,9%,13%,10%,10%,13%,11%,12%,14%,8%,13%,8%,16%,10%,8%,12%,11%,9%,13%,11%,9%,9%,10%,18%,9%,9%,13%
(If wrong direction) Are you optimistic or pessimistic that America can get back on the right track over the next decade?,[VOL] Don't know/Refused,8%,9%,6%,4%,4%,7%,12%,7%,6%,8%,12%,8%,8%,7%,7%,7%,8%,8%,7%,7%,10%,10%,6%,8%,4%,9%,3%,2%,8%,9%
(If wrong direction) Are you optimistic or pessimistic that America can get back on the right track over the next decade?,NET Optimistic,71%,67%,75%,77%,75%,71%,69%,72%,75%,76%,67%,66%,75%,67%,74%,67%,78%,77%,67%,70%,72%,63%,73%,73%,78%,70%,59%,80%,72%,67%
(If wrong direction) Are you optimistic or pessimistic that America can get back on the right track over the next decade?,NET Pessimistic,21%,23%,18%,19%,22%,22%,20%,21%,19%,16%,21%,26%,18%,25%,19%,26%,14%,15%,27%,23%,18%,27%,21%,19%,18%,20%,37%,18%,20%,24%
(If wrong direction) Are you optimistic or pessimistic that America can get back on the right track over the next decade?,Number of respondents,"1,017",523,485,161,254,350,212,701,91,111,80,449,558,301,394,128,152,227,176,399,215,195,392,430,239,710,68,138,438,349
"Thinking ahead to the presidential general election, are you almost certain that you will vote, very likely to vote, somewhat likely to vote, not very likely to vote or not at all likely to vote?",Almost certain,59%,61%,57%,42%,58%,64%,59%,63%,56%,40%,54%,67%,53%,72%,56%,56%,46%,66%,69%,57%,46%,59%,58%,59%,62%,58%,32%,63%,61%,58%
"Thinking ahead to the presidential general election, are you almost certain that you will vote, very likely to vote, somewhat likely to vote, not very likely to vote or not at all likely to vote?",Very likely,33%,31%,35%,42%,30%,30%,36%,32%,33%,41%,33%,28%,37%,24%,37%,35%,37%,29%,23%,35%,43%,29%,34%,34%,31%,35%,36%,32%,34%,31%
"Thinking ahead to the presidential general election, are you almost certain that you will vote, very likely to vote, somewhat likely to vote, not very likely to vote or not at all likely to vote?",Somewhat likely,4%,3%,5%,11%,7%,3%,3%,3%,5%,10%,5%,3%,5%,3%,4%,5%,8%,3%,4%,4%,6%,6%,4%,4%,4%,4%,18%,3%,2%,6%
"Thinking ahead to the presidential general election, are you almost certain that you will vote, very likely to vote, somewhat likely to vote, not very likely to vote or not at all likely to vote?",Not very likely,1%,1%,2%,3%,2%,1%,<1%,1%,<.5%,3%,3%,1%,2%,<1%,1%,2%,2%,<1%,<1%,1%,2%,2%,1%,1%,<1%,1%,8%,<1%,<1%,3%
"Thinking ahead to the presidential general election, are you almost certain that you will vote, very likely to vote, somewhat likely to vote, not very likely to vote or not at all likely to vote?",Not at all likely,1%,2%,<1%,2%,1%,1%,<1%,<1%,1%,2%,2%,<1%,1%,<.5%,1%,1%,2%,<1%,1%,<1%,1%,1%,<1%,<1%,<1%,1%,4%,<.5%,<1%,2%
"Thinking ahead to the presidential general election, are you almost certain that you will vote, very likely to vote, somewhat likely to vote, not very likely to vote or not at all likely to vote?",[VOL] Already voted,<.5%,0%,<.5%,0%,0%,<.5%,0%,<.5%,0%,0%,<.5%,<.5%,0%,<.5%,0%,<.5%,0%,0%,0%,<.5%,0%,0%,<.5%,<.5%,<.5%,<.5%,0%,0%,<.5%,<.5%
"Thinking ahead to the presidential general election, are you almost certain that you will vote, very likely to vote, somewhat likely to vote, not very likely to vote or not at all likely to vote?",[VOL] Don't know/Refused,1%,2%,<1%,<1%,2%,<1%,1%,<.5%,4%,3%,3%,<.5%,2%,<.5%,<1%,<.5%,5%,<.5%,2%,2%,1%,2%,1%,<1%,2%,<1%,2%,1%,<1%,<.5%
"Thinking ahead to the presidential general election, are you almost certain that you will vote, very likely to vote, somewhat likely to vote, not very likely to vote or not at all likely to vote?",Number of respondents,"1,695",859,819,271,410,555,392,"1,099",198,202,149,827,846,544,542,256,288,361,344,596,394,386,722,587,787,806,102,492,493,554
"(Combined presidential ballot, includes leaners to major-party candidates) If the 2024 presidential election were held today, who would you vote for if the candidates were:","Kamala [COMMA-luh] Harris, the Democrat",47%,39%,53%,51%,51%,43%,46%,41%,78%,55%,54%,57%,39%,55%,30%,66%,61%,43%,54%,39%,55%,63%,52%,31%,100%,0%,0%,93%,5%,48%
"(Combined presidential ballot, includes leaners to major-party candidates) If the 2024 presidential election were held today, who would you vote for if the candidates were:","Donald Trump, the Republican",48%,56%,42%,43%,42%,52%,52%,56%,14%,41%,33%,38%,56%,42%,66%,25%,31%,54%,41%,56%,39%,33%,42%,65%,0%,100%,0%,4%,94%,44%
"(Combined presidential ballot, includes leaners to major-party candidates) If the 2024 presidential election were held today, who would you vote for if the candidates were:",[VOL] Don't know/Refused,5%,4%,5%,6%,7%,4%,3%,3%,8%,5%,13%,5%,5%,3%,4%,10%,8%,3%,4%,5%,6%,5%,5%,4%,0%,0%,100%,2%,<1%,8%
"(Combined presidential ballot, includes leaners to major-party candidates) If the 2024 presidential election were held today, who would you vote for if the candidates were:",MARGIN Trump +2 Calculated using candidates’ unrounded vote shares,MARGIN Trump +2 Calculated using candidates’ unrounded vote shares,MARGIN Trump +2 Calculated using candidates’ unrounded vote shares,MARGIN Trump +2 Calculated using candidates’ unrounded vote shares,MARGIN Trump +2 Calculated using candidates’ unrounded vote shares,MARGIN Trump +2 Calculated using candidates’ unrounded vote shares,MARGIN Trump +2 Calculated using candidates’ unrounded vote shares,MARGIN Trump +2 Calculated using candidates’ unrounded vote shares,MARGIN Trump +2 Calculated using candidates’ unrounded vote shares,MARGIN Trump +2 Calculated using candidates’ unrounded vote shares,MARGIN Trump +2 Calculated using candidates’ unrounded vote shares,MARGIN Trump +2 Calculated using candidates’ unrounded vote shares,MARGIN Trump +2 Calculated using candidates’ unrounded vote shares,MARGIN Trump +2 Calculated using candidates’ unrounded vote shares,MARGIN Trump +2 Calculated using candidates’ unrounded vote shares,MARGIN Trump +2 Calculated using candidates’ unrounded vote shares,MARGIN Trump +2 Calculated using candidates’ unrounded vote shares,MARGIN Trump +2 Calculated using candidates’ unrounded vote shares,MARGIN Trump +2 Calculated using candidates’ unrounded vote shares,MARGIN Trump +2 Calculated using candidates’ unrounded vote shares,MARGIN Trump +2 Calculated using candidates’ unrounded vote shares,MARGIN Trump +2 Calculated using candidates’ unrounded vote shares,MARGIN Trump +2 Calculated using candidates’ unrounded vote shares,MARGIN Trump +2 Calculated using candidates’ unrounded vote shares,MARGIN Trump +2 Calculated using candidates’ unrounded vote shares,MARGIN Trump +2 Calculated using candidates’ unrounded vote shares,MARGIN Trump +2 Calculated using candidates’ unrounded vote shares,MARGIN Trump +2 Calculated using candidates’ unrounded vote shares,MARGIN Trump +2 Calculated using candidates’ unrounded vote shares,MARGIN Trump +2 Calculated using candidates’ unrounded vote shares,MARGIN Trump +2 Calculated using candidates’ unrounded vote shares
"(Combined presidential ballot, includes leaners to third-party candidates) If the 2024 presidential election were held today, who would you vote for if the candidates were:","Kamala [COMMA-luh] Harris, the Democrat",45%,38%,51%,50%,48%,42%,45%,40%,75%,52%,51%,56%,38%,54%,30%,64%,58%,42%,52%,38%,53%,61%,50%,29%,97%,0%,0%,91%,5%,46%
"(Combined presidential ballot, includes leaners to third-party candidates) If the 2024 presidential election were held today, who would you vote for if the candidates were:","Donald Trump, the Republican",47%,54%,41%,40%,40%,51%,51%,54%,13%,40%,32%,36%,54%,40%,64%,23%,31%,51%,41%,54%,37%,32%,40%,64%,0%,97%,0%,4%,94%,41%
"(Combined presidential ballot, includes leaners to third-party candidates) If the 2024 presidential election were held today, who would you vote for if the candidates were:","[VOL] Robert F. Kennedy Jr., the third-party candidate",<.5%,<.5%,0%,0%,0%,<.5%,0%,0%,0%,0%,1%,0%,<.5%,0%,0%,0%,<1%,0%,0%,0%,<.5%,0%,0%,<.5%,<.5%,0%,0%,0%,0%,0%
"(Combined presidential ballot, includes leaners to third-party candidates) If the 2024 presidential election were held today, who would you vote for if the candidates were:","Jill Stein [stine], the Green Party candidate",1%,1%,1%,3%,3%,<1%,<1%,<1%,2%,2%,5%,2%,1%,<1%,<1%,5%,1%,2%,2%,<1%,1%,2%,2%,1%,1%,<.5%,14%,2%,<.5%,2%
"(Combined presidential ballot, includes leaners to third-party candidates) If the 2024 presidential election were held today, who would you vote for if the candidates were:","[VOL] Cornel West, the third-party candidate",<.5%,<.5%,<.5%,<.5%,<.5%,<.5%,0%,<.5%,<1%,0%,<.5%,<.5%,<.5%,<.5%,<.5%,<.5%,<.5%,<.5%,<.5%,<.5%,<.5%,<.5%,<.5%,<.5%,0%,<.5%,4%,0%,<.5%,<1%
"(Combined presidential ballot, includes leaners to third-party candidates) If the 2024 presidential election were held today, who would you vote for if the candidates were:","Chase Oliver, the Libertarian Party candidate",2%,2%,1%,1%,4%,2%,<1%,2%,<1%,<.5%,1%,2%,1%,3%,2%,2%,<.5%,1%,<1%,2%,2%,<1%,3%,2%,<1%,2%,13%,<1%,<.5%,3%
"(Combined presidential ballot, includes leaners to third-party candidates) If the 2024 presidential election were held today, who would you vote for if the candidates were:",[VOL] Another candidate (specify),<.5%,<.5%,0%,0%,<.5%,0%,0%,0%,<.5%,0%,0%,<.5%,0%,0%,0%,<.5%,0%,0%,0%,<.5%,0%,0%,<.5%,0%,0%,0%,<.5%,0%,0%,<.5%
"(Combined presidential ballot, includes leaners to third-party candidates) If the 2024 presidential election were held today, who would you vote for if the candidates were:",[VOL] Not going to vote/wouldn't vote if those were the choices,1%,1%,1%,1%,<1%,2%,<.5%,<1%,<1%,<1%,4%,<1%,1%,<1%,1%,1%,2%,<1%,1%,1%,2%,<1%,1%,1%,<.5%,<1%,18%,<.5%,<.5%,2%
"(Combined presidential ballot, includes leaners to third-party candidates) If the 2024 presidential election were held today, who would you vote for if the candidates were:",[VOL] Don't know/Refused,3%,3%,4%,4%,4%,2%,2%,2%,7%,4%,6%,3%,4%,2%,2%,4%,7%,3%,3%,3%,3%,4%,3%,3%,1%,<1%,50%,2%,<1%,5%
"(Combined presidential ballot, includes leaners to third-party candidates) If the 2024 presidential election were held today, who would you vote for if the candidates were:",MARGIN Trump +2 Calculated using candidates’ unrounded vote shares,MARGIN Trump +2 Calculated using candidates’ unrounded vote shares,MARGIN Trump +2 Calculated using candidates’ unrounded vote shares,MARGIN Trump +2 Calculated using candidates’ unrounded vote shares,MARGIN Trump +2 Calculated using candidates’ unrounded vote shares,MARGIN Trump +2 Calculated using candidates’ unrounded vote shares,MARGIN Trump +2 Calculated using candidates’ unrounded vote shares,MARGIN Trump +2 Calculated using candidates’ unrounded vote shares,MARGIN Trump +2 Calculated using candidates’ unrounded vote shares,MARGIN Trump +2 Calculated using candidates’ unrounded vote shares,MARGIN Trump +2 Calculated using candidates’ unrounded vote shares,MARGIN Trump +2 Calculated using candidates’ unrounded vote shares,MARGIN Trump +2 Calculated using candidates’ unrounded vote shares,MARGIN Trump +2 Calculated using candidates’ unrounded vote shares,MARGIN Trump +2 Calculated using candidates’ unrounded vote shares,MARGIN Trump +2 Calculated using candidates’ unrounded vote shares,MARGIN Trump +2 Calculated using candidates’ unrounded vote shares,MARGIN Trump +2 Calculated using candidates’ unrounded vote shares,MARGIN Trump +2 Calculated using candidates’ unrounded vote shares,MARGIN Trump +2 Calculated using candidates’ unrounded vote shares,MARGIN Trump +2 Calculated using candidates’ unrounded vote shares,MARGIN Trump +2 Calculated using candidates’ unrounded vote shares,MARGIN Trump +2 Calculated using candidates’ unrounded vote shares,MARGIN Trump +2 Calculated using candidates’ unrounded vote shares,MARGIN Trump +2 Calculated using candidates’ unrounded vote shares,MARGIN Trump +2 Calculated using candidates’ unrounded vote shares,MARGIN Trump +2 Calculated using candidates’ unrounded vote shares,MARGIN Trump +2 Calculated using candidates’ unrounded vote shares,MARGIN Trump +2 Calculated using candidates’ unrounded vote shares,MARGIN Trump +2 Calculated using candidates’ unrounded vote shares,MARGIN Trump +2 Calculated using candidates’ unrounded vote shares
"(If candidate selected, including third-party candidates)  Are you definitely or probably going to vote for [CANDIDATE SELECTED]?",Definitely,83%,83%,84%,64%,78%,86%,92%,86%,79%,72%,76%,84%,83%,85%,87%,78%,75%,86%,85%,83%,79%,80%,82%,86%,84%,84%,24%,89%,89%,73%
"(If candidate selected, including third-party candidates)  Are you definitely or probably going to vote for [CANDIDATE SELECTED]?",Probably,14%,14%,14%,34%,20%,11%,6%,12%,17%,22%,22%,15%,14%,13%,11%,21%,20%,12%,12%,15%,18%,17%,15%,12%,13%,14%,54%,8%,9%,23%
"(If candidate selected, including third-party candidates)  Are you definitely or probably going to vote for [CANDIDATE SELECTED]?",[VOL] Don't know/Refused,3%,3%,3%,2%,2%,3%,3%,2%,5%,6%,2%,2%,3%,2%,2%,2%,5%,2%,3%,2%,3%,4%,3%,2%,3%,2%,23%,3%,1%,4%
"(If candidate selected, including third-party candidates)  Are you definitely or probably going to vote for [CANDIDATE SELECTED]?",Number of respondents,"1,601",812,774,254,388,526,379,"1,058",179,187,134,787,795,527,520,235,260,343,326,563,369,363,680,558,776,793,32,481,486,512
"(Leaners, if not supporting Trump or Harris in previous multi-candidate questions) If you had to decide between the two today, would you lean more toward:","Kamala [COMMA-luh] Harris, the Democrat",20%,17%,22%,14%,26%,20%,9%,15%,27%,31%,18%,18%,21%,20%,11%,17%,29%,18%,28%,18%,19%,21%,21%,19%,100%,0%,0%,43%,20%,15%
"(Leaners, if not supporting Trump or Harris in previous multi-candidate questions) If you had to decide between the two today, would you lean more toward:","Donald Trump, the Republican",20%,29%,12%,29%,19%,16%,30%,34%,6%,7%,5%,23%,19%,36%,32%,9%,3%,38%,11%,19%,17%,13%,21%,24%,0%,100%,0%,11%,9%,25%
"(Leaners, if not supporting Trump or Harris in previous multi-candidate questions) If you had to decide between the two today, would you lean more toward:",[VOL] Don't know/Refused,59%,54%,65%,56%,55%,64%,61%,51%,67%,62%,78%,59%,60%,44%,57%,74%,68%,44%,61%,63%,64%,66%,58%,57%,0%,0%,100%,47%,71%,60%
"(Leaners, if not supporting Trump or Harris in previous multi-candidate questions) If you had to decide between the two today, would you lean more toward:",Number of respondents,181,96,81,39,57,49,21,94,30,21,30,86,92,41,51,43,38,35,33,63,50,36,86,59,37,42,102,23,14,93
(Responses reclassified by age group) In what year were you born?,18-29,12%,12%,12%,100%,0%,0%,0%,10%,12%,21%,21%,8%,16%,7%,13%,12%,22%,12%,8%,11%,18%,13%,14%,10%,13%,11%,15%,10%,11%,15%
(Responses reclassified by age group) In what year were you born?,30-44,22%,21%,22%,0%,100%,0%,0%,21%,22%,22%,29%,29%,17%,27%,17%,36%,17%,20%,23%,22%,21%,28%,20%,20%,24%,19%,30%,23%,15%,26%
(Responses reclassified by age group) In what year were you born?,45-64,33%,34%,33%,0%,0%,100%,0%,33%,36%,30%,36%,34%,33%,36%,31%,30%,37%,30%,32%,35%,35%,30%,33%,36%,31%,36%,31%,29%,36%,35%
(Responses reclassified by age group) In what year were you born?,65+,29%,28%,30%,0%,0%,0%,100%,33%,25%,20%,10%,24%,31%,28%,37%,17%,19%,33%,33%,28%,22%,26%,28%,31%,28%,31%,15%,33%,35%,20%
(Responses reclassified by age group) In what year were you born?,Refused,4%,4%,4%,0%,0%,0%,0%,3%,4%,8%,5%,4%,4%,2%,3%,5%,5%,5%,4%,4%,5%,4%,5%,4%,4%,4%,10%,4%,3%,3%
(Responses reclassified by age group) In what year were you born?,Number of respondents,"1,695",859,819,271,410,555,392,"1,099",198,202,149,827,846,544,542,256,288,361,344,596,394,386,722,587,787,806,102,492,493,554
What is the highest educational level that you have completed?,Grade school,2%,2%,3%,<.5%,<1%,2%,3%,1%,3%,9%,6%,0%,4%,0%,2%,0%,10%,0%,4%,2%,3%,5%,3%,<1%,3%,2%,5%,4%,1%,1%
What is the highest educational level that you have completed?,High school,25%,28%,22%,44%,13%,24%,28%,24%,24%,35%,25%,0%,43%,0%,42%,0%,46%,29%,22%,24%,25%,14%,25%,32%,18%,31%,27%,19%,33%,19%
What is the highest educational level that you have completed?,Vocational or trade school,5%,5%,4%,1%,5%,6%,5%,5%,4%,<1%,3%,0%,8%,0%,9%,0%,4%,5%,4%,5%,4%,5%,3%,6%,4%,5%,6%,2%,6%,6%
What is the highest educational level that you have completed?,"Some college, no degree",17%,15%,19%,18%,14%,16%,20%,18%,20%,14%,11%,0%,29%,0%,31%,0%,25%,18%,11%,19%,19%,17%,16%,18%,15%,19%,15%,15%,18%,17%
What is the highest educational level that you have completed?,Associate’s degree,9%,8%,10%,8%,12%,9%,7%,9%,11%,10%,6%,0%,15%,0%,16%,0%,15%,12%,7%,8%,9%,11%,7%,10%,9%,9%,6%,8%,9%,10%
What is the highest educational level that you have completed?,Bachelor's degree,25%,25%,24%,23%,34%,25%,18%,26%,23%,18%,24%,60%,0%,62%,0%,56%,0%,23%,29%,25%,22%,27%,27%,20%,28%,21%,24%,28%,20%,29%
What is the highest educational level that you have completed?,Graduate or professional degree,16%,16%,17%,4%,21%,18%,16%,16%,16%,12%,24%,40%,0%,38%,0%,44%,0%,12%,22%,14%,18%,19%,19%,11%,21%,11%,16%,22%,10%,18%
What is the highest educational level that you have completed?,[VOL] Refused,2%,1%,2%,0%,<.5%,<1%,3%,1%,<1%,3%,<.5%,0%,0%,0%,0%,0%,0%,<1%,2%,2%,<1%,2%,1%,2%,2%,2%,<1%,2%,2%,<.5%
What is the highest educational level that you have completed?,Number of respondents,"1,695",859,819,271,410,555,392,"1,099",198,202,149,827,846,544,542,256,288,361,344,596,394,386,722,587,787,806,102,492,493,554
Would you consider yourself:,White,67%,67%,67%,56%,65%,66%,78%,98%,0%,0%,0%,69%,66%,99%,98%,0%,0%,81%,68%,64%,58%,57%,61%,80%,59%,77%,45%,58%,81%,66%
Would you consider yourself:,Hispanic or Latino,10%,9%,11%,18%,10%,9%,7%,0%,0%,100%,0%,7%,12%,0%,0%,27%,39%,3%,7%,11%,19%,15%,13%,4%,12%,9%,9%,12%,8%,8%
Would you consider yourself:,Black or African American,10%,9%,12%,11%,11%,11%,9%,0%,99%,0%,0%,10%,11%,0%,0%,36%,36%,8%,11%,14%,5%,17%,12%,5%,17%,3%,17%,20%,2%,10%
Would you consider yourself:,Asian,3%,3%,3%,7%,5%,2%,<.5%,0%,0%,0%,34%,5%,2%,0%,0%,17%,6%,1%,4%,2%,5%,3%,5%,<.5%,4%,2%,7%,3%,2%,3%
Would you consider yourself:,American Indian or Alaska Native,1%,2%,<1%,<1%,1%,3%,<1%,0%,0%,0%,15%,<1%,2%,0%,0%,3%,5%,<1%,<.5%,2%,2%,<.5%,<1%,2%,<1%,2%,<1%,<1%,2%,1%
Would you consider yourself:,Middle Eastern or North African,<1%,1%,<.5%,<.5%,2%,<.5%,<1%,0%,0%,0%,9%,1%,<.5%,0%,0%,5%,1%,<.5%,1%,<1%,<1%,<1%,1%,<.5%,<1%,<.5%,7%,<1%,<.5%,1%
Would you consider yourself:,Native Hawaiian or Pacific Islander,<1%,<1%,<1%,2%,<1%,<1%,0%,0%,0%,0%,9%,<1%,<1%,0%,0%,2%,3%,0%,0%,<1%,2%,0%,<1%,1%,<1%,<.5%,2%,<.5%,0%,2%
Would you consider yourself:,[VOL] Some other race (specify),2%,3%,2%,1%,2%,3%,3%,2%,<1%,<.5%,12%,2%,3%,<1%,2%,4%,4%,2%,4%,2%,3%,2%,2%,3%,1%,3%,5%,1%,3%,3%
Would you consider yourself:,[VOL] More than one race,2%,1%,2%,3%,3%,2%,<.5%,0%,0%,0%,21%,2%,2%,0%,0%,6%,7%,1%,1%,2%,3%,3%,2%,<1%,3%,<1%,4%,2%,<.5%,3%
Would you consider yourself:,[VOL] Refused,2%,3%,1%,1%,2%,3%,2%,0%,0%,0%,0%,3%,2%,0%,0%,0%,0%,3%,2%,3%,2%,1%,2%,4%,2%,3%,3%,2%,2%,2%
Would you consider yourself:,Number of respondents,"1,695",859,819,271,410,555,392,"1,099",198,202,149,827,846,544,542,256,288,361,344,596,394,386,722,587,787,806,102,492,493,554
"Do you consider yourself a Democrat, a Republican, an independent or a member of another party?",Democrat,31%,23%,39%,26%,34%,26%,37%,27%,60%,33%,28%,38%,26%,37%,20%,45%,39%,27%,39%,26%,36%,41%,38%,18%,63%,2%,14%,100%,0%,0%
"Do you consider yourself a Democrat, a Republican, an independent or a member of another party?",Republican,34%,37%,33%,31%,23%,39%,40%,41%,4%,30%,22%,25%,40%,30%,49%,13%,21%,35%,28%,40%,31%,24%,28%,48%,4%,66%,8%,0%,100%,0%
"Do you consider yourself a Democrat, a Republican, an independent or a member of another party?",Independent,29%,35%,24%,34%,36%,31%,20%,28%,31%,24%,40%,33%,27%,31%,26%,36%,29%,32%,30%,29%,25%,29%,30%,28%,29%,25%,65%,0%,0%,100%
"Do you consider yourself a Democrat, a Republican, an independent or a member of another party?",Another party,3%,5%,1%,3%,7%,3%,1%,2%,4%,5%,5%,3%,4%,2%,3%,4%,5%,4%,2%,3%,4%,4%,2%,4%,3%,3%,5%,0%,0%,0%
"Do you consider yourself a Democrat, a Republican, an independent or a member of another party?",[VOL] Don't know/Refused,2%,1%,3%,5%,1%,2%,2%,1%,<1%,9%,5%,1%,3%,<.5%,2%,3%,6%,2%,1%,2%,4%,3%,3%,2%,1%,3%,8%,0%,0%,0%
"Do you consider yourself a Democrat, a Republican, an independent or a member of another party?",Number of respondents,"1,374",712,645,213,333,452,337,922,147,154,118,686,677,463,454,204,211,294,291,478,311,322,580,472,651,664,59,399,418,464
"(If independent, another party or not sure)  And as of today, do you lean more to:",The Democratic Party,41%,35%,47%,59%,42%,34%,37%,37%,55%,49%,49%,44%,39%,43%,33%,49%,52%,44%,42%,43%,33%,47%,42%,36%,83%,5%,13%,-,-,43%
"(If independent, another party or not sure)  And as of today, do you lean more to:",The Republican Party,41%,48%,35%,30%,37%,48%,46%,48%,21%,27%,25%,41%,42%,47%,49%,26%,23%,42%,41%,43%,39%,33%,44%,43%,4%,85%,17%,-,-,40%
"(If independent, another party or not sure)  And as of today, do you lean more to:",[VOL] Don't know/Refused,18%,18%,18%,10%,21%,19%,17%,15%,24%,24%,26%,15%,20%,11%,18%,25%,25%,14%,17%,14%,28%,20%,14%,21%,13%,10%,69%,-,-,16%
"(If independent, another party or not sure)  And as of today, do you lean more to:",Number of respondents,557,330,216,109,162,176,93,344,62,72,62,271,285,166,178,94,102,123,118,198,118,130,241,186,245,261,51,,,464
Combined: Party identification and leaners,The Democratic Party,45%,37%,52%,52%,52%,38%,45%,39%,80%,51%,53%,54%,39%,51%,30%,66%,60%,44%,53%,41%,47%,57%,52%,30%,90%,4%,25%,100%,0%,43%
Combined: Party identification and leaners,The Republican Party,48%,56%,43%,44%,39%,55%,51%,57%,11%,40%,35%,40%,54%,46%,64%,24%,30%,51%,41%,54%,44%,35%,43%,63%,6%,93%,21%,0%,100%,40%
Combined: Party identification and leaners,[VOL] Don't know/Refused,6%,7%,5%,4%,9%,7%,4%,5%,9%,9%,13%,5%,7%,4%,5%,10%,10%,5%,6%,5%,9%,7%,5%,7%,4%,3%,54%,0%,0%,16%
Combined: Party identification and leaners,Number of respondents,"1,374",712,645,213,333,452,337,922,147,154,118,686,677,463,454,204,211,294,291,478,311,322,580,472,651,664,59,399,418,464
"Who did you vote for in the 2020 presidential election between Donald Trump and Joe Biden, or did you not vote?",Donald Trump,41%,45%,38%,21%,33%,49%,48%,50%,6%,27%,28%,33%,47%,39%,57%,16%,22%,45%,33%,48%,35%,28%,34%,58%,2%,81%,18%,2%,84%,33%
"Who did you vote for in the 2020 presidential election between Donald Trump and Joe Biden, or did you not vote?",Joe Biden,44%,36%,49%,28%,52%,42%,45%,39%,78%,42%,49%,57%,35%,53%,29%,69%,50%,42%,52%,39%,45%,54%,51%,29%,85%,5%,25%,91%,7%,39%
"Who did you vote for in the 2020 presidential election between Donald Trump and Joe Biden, or did you not vote?",I did not vote,12%,13%,10%,48%,11%,6%,5%,9%,15%,24%,16%,6%,16%,5%,12%,9%,25%,11%,9%,11%,16%,14%,12%,10%,9%,12%,32%,5%,8%,20%
"Who did you vote for in the 2020 presidential election between Donald Trump and Joe Biden, or did you not vote?",[VOL] Someone else,3%,4%,1%,2%,4%,3%,<1%,2%,1%,4%,5%,3%,2%,3%,2%,4%,3%,1%,4%,2%,3%,2%,3%,3%,2%,1%,22%,<.5%,<.5%,7%
"Who did you vote for in the 2020 presidential election between Donald Trump and Joe Biden, or did you not vote?",[VOL] Don't know/Refused,1%,<1%,1%,1%,<1%,0%,2%,<1%,<1%,2%,2%,<1%,<1%,<1%,<1%,2%,<.5%,<.5%,2%,<1%,1%,2%,1%,<1%,2%,<.5%,2%,2%,<.5%,<1%
"Who did you vote for in the 2020 presidential election between Donald Trump and Joe Biden, or did you not vote?",Number of respondents,"1,374",712,645,213,333,452,337,922,147,154,118,686,677,463,454,204,211,294,291,478,311,322,580,472,651,664,59,399,418,464
"(Excluding ""I did not vote"") Who did you vote for in the 2020 presidential election between Donald Trump and Joe Biden, or did you not vote?",Donald Trump,47%,53%,42%,41%,37%,52%,50%,54%,7%,36%,34%,35%,55%,41%,64%,18%,29%,51%,37%,53%,41%,32%,38%,65%,2%,92%,27%,2%,92%,42%
"(Excluding ""I did not vote"") Who did you vote for in the 2020 presidential election between Donald Trump and Joe Biden, or did you not vote?",Joe Biden,49%,42%,55%,54%,58%,45%,47%,42%,91%,56%,58%,60%,41%,55%,32%,76%,67%,47%,57%,43%,54%,63%,58%,32%,94%,6%,37%,96%,7%,49%
"(Excluding ""I did not vote"") Who did you vote for in the 2020 presidential election between Donald Trump and Joe Biden, or did you not vote?",[VOL] Someone else,3%,4%,2%,3%,5%,3%,1%,2%,1%,5%,6%,3%,3%,3%,2%,4%,4%,2%,5%,2%,3%,3%,3%,3%,2%,1%,33%,<.5%,<.5%,9%
"(Excluding ""I did not vote"") Who did you vote for in the 2020 presidential election between Donald Trump and Joe Biden, or did you not vote?",[VOL] Don't know/Refused,1%,<1%,1%,2%,<1%,0%,2%,<1%,<1%,3%,2%,1%,<1%,<1%,<1%,2%,<1%,<.5%,2%,<1%,2%,2%,1%,<1%,2%,<.5%,3%,2%,<.5%,<1%
"(Excluding ""I did not vote"") Who did you vote for in the 2020 presidential election between Donald Trump and Joe Biden, or did you not vote?",Number of respondents,"1,139",570,556,106,272,411,313,801,115,103,90,624,505,437,360,169,135,248,243,403,245,263,474,402,565,541,33,369,369,342
Do you approve or disapprove of the way Joe Biden is handling his job as president?,Strongly approve,19%,16%,22%,3%,15%,21%,29%,18%,39%,16%,13%,26%,15%,28%,11%,24%,23%,20%,23%,16%,21%,22%,23%,13%,41%,<1%,1%,48%,1%,12%
Do you approve or disapprove of the way Joe Biden is handling his job as president?,Somewhat approve,20%,18%,21%,26%,28%,16%,16%,18%,30%,22%,27%,26%,17%,23%,15%,34%,22%,19%,27%,18%,20%,29%,23%,12%,40%,2%,12%,36%,4%,22%
Do you approve or disapprove of the way Joe Biden is handling his job as president?,Somewhat disapprove,10%,10%,11%,28%,15%,6%,5%,8%,13%,21%,15%,8%,12%,6%,9%,13%,19%,7%,9%,11%,14%,10%,11%,10%,11%,8%,26%,6%,5%,20%
Do you approve or disapprove of the way Joe Biden is handling his job as president?,Strongly disapprove,47%,53%,42%,40%,39%,55%,47%,54%,15%,34%,39%,37%,54%,40%,64%,25%,32%,51%,39%,53%,40%,34%,39%,64%,5%,88%,39%,6%,88%,42%
Do you approve or disapprove of the way Joe Biden is handling his job as president?,[VOL] Don't know/Refused,3%,3%,3%,4%,3%,3%,2%,2%,3%,8%,6%,3%,2%,2%,1%,4%,5%,2%,2%,3%,5%,5%,3%,2%,3%,1%,21%,3%,2%,3%
Do you approve or disapprove of the way Joe Biden is handling his job as president?,NET Approve,40%,34%,44%,28%,42%,37%,45%,36%,69%,37%,39%,52%,31%,51%,26%,58%,45%,40%,50%,33%,41%,51%,46%,25%,80%,3%,14%,84%,6%,35%
Do you approve or disapprove of the way Joe Biden is handling his job as president?,NET Disapprove,57%,63%,53%,67%,54%,61%,53%,62%,27%,54%,54%,45%,66%,47%,72%,38%,51%,58%,48%,64%,54%,43%,51%,73%,16%,96%,65%,12%,93%,62%
Do you approve or disapprove of the way Joe Biden is handling his job as president?,Number of respondents,"1,374",712,645,213,333,452,337,922,147,154,118,686,677,463,454,204,211,294,291,478,311,322,580,472,651,664,59,399,418,464
"Tell me whether you have a very favorable, somewhat favorable, somewhat unfavorable or very unfavorable opinion of Donald Trump.",Very favorable,29%,32%,27%,17%,18%,34%,38%,35%,4%,22%,21%,17%,38%,20%,46%,10%,18%,30%,26%,34%,25%,21%,23%,42%,<.5%,60%,2%,2%,65%,17%
"Tell me whether you have a very favorable, somewhat favorable, somewhat unfavorable or very unfavorable opinion of Donald Trump.",Somewhat favorable,17%,21%,13%,25%,21%,17%,11%,18%,7%,22%,14%,18%,16%,20%,16%,12%,16%,19%,16%,18%,14%,14%,16%,20%,2%,33%,6%,2%,24%,23%
"Tell me whether you have a very favorable, somewhat favorable, somewhat unfavorable or very unfavorable opinion of Donald Trump.",Somewhat unfavorable,8%,9%,7%,15%,11%,8%,3%,7%,19%,7%,6%,8%,8%,6%,7%,13%,10%,9%,6%,8%,10%,10%,8%,8%,9%,5%,34%,5%,4%,16%
"Tell me whether you have a very favorable, somewhat favorable, somewhat unfavorable or very unfavorable opinion of Donald Trump.",Very unfavorable,44%,36%,50%,42%,50%,39%,47%,40%,68%,43%,56%,56%,36%,54%,31%,64%,52%,42%,52%,38%,49%,53%,52%,29%,89%,1%,44%,90%,5%,43%
"Tell me whether you have a very favorable, somewhat favorable, somewhat unfavorable or very unfavorable opinion of Donald Trump.",[VOL] Have not heard of,<.5%,0%,0%,0%,0%,<.5%,0%,0%,0%,<.5%,0%,0%,<.5%,0%,0%,0%,<.5%,0%,0%,<.5%,0%,0%,<.5%,0%,0%,0%,<1%,0%,0%,0%
"Tell me whether you have a very favorable, somewhat favorable, somewhat unfavorable or very unfavorable opinion of Donald Trump.",[VOL] Don't know/Refused,1%,<1%,2%,1%,<.5%,2%,2%,<1%,2%,4%,3%,<1%,2%,<1%,<1%,<.5%,4%,<1%,<1%,2%,2%,2%,<1%,2%,<1%,1%,13%,<1%,2%,<1%
"Tell me whether you have a very favorable, somewhat favorable, somewhat unfavorable or very unfavorable opinion of Donald Trump.",NET Favorable,46%,53%,41%,41%,39%,51%,49%,53%,11%,45%,35%,35%,54%,40%,62%,22%,34%,48%,41%,52%,39%,35%,39%,62%,2%,92%,8%,4%,89%,40%
"Tell me whether you have a very favorable, somewhat favorable, somewhat unfavorable or very unfavorable opinion of Donald Trump.",NET Unfavorable,52%,46%,57%,57%,61%,47%,50%,47%,87%,51%,61%,64%,44%,59%,38%,77%,61%,51%,58%,46%,59%,63%,60%,37%,97%,7%,79%,95%,10%,59%
"Tell me whether you have a very favorable, somewhat favorable, somewhat unfavorable or very unfavorable opinion of Donald Trump.",Number of respondents,"1,374",712,645,213,333,452,337,922,147,154,118,686,677,463,454,204,211,294,291,478,311,322,580,472,651,664,59,399,418,464
"Tell me whether you have a very favorable, somewhat favorable, somewhat unfavorable or very unfavorable opinion of Kamala [COMMA-luh] Harris.",Very favorable,26%,20%,32%,13%,25%,24%,34%,25%,49%,22%,21%,33%,22%,33%,18%,33%,31%,29%,31%,23%,25%,30%,33%,17%,55%,<1%,3%,65%,2%,16%
"Tell me whether you have a very favorable, somewhat favorable, somewhat unfavorable or very unfavorable opinion of Kamala [COMMA-luh] Harris.",Somewhat favorable,20%,19%,21%,36%,27%,17%,13%,17%,33%,27%,26%,24%,18%,21%,14%,33%,27%,16%,23%,18%,24%,29%,21%,14%,37%,5%,10%,25%,5%,31%
"Tell me whether you have a very favorable, somewhat favorable, somewhat unfavorable or very unfavorable opinion of Kamala [COMMA-luh] Harris.",Somewhat unfavorable,11%,13%,10%,22%,13%,10%,6%,10%,8%,13%,22%,10%,11%,10%,9%,11%,16%,9%,10%,12%,13%,10%,11%,11%,5%,14%,33%,4%,12%,15%
"Tell me whether you have a very favorable, somewhat favorable, somewhat unfavorable or very unfavorable opinion of Kamala [COMMA-luh] Harris.",Very unfavorable,40%,46%,34%,24%,31%,47%,44%,47%,7%,26%,29%,31%,45%,34%,56%,21%,19%,44%,33%,44%,33%,28%,31%,56%,<1%,77%,35%,4%,78%,34%
"Tell me whether you have a very favorable, somewhat favorable, somewhat unfavorable or very unfavorable opinion of Kamala [COMMA-luh] Harris.",[VOL] Have not heard of,<1%,<.5%,<1%,3%,<.5%,0%,<1%,<.5%,0%,3%,2%,<.5%,<1%,<.5%,<.5%,0%,2%,<.5%,<.5%,<.5%,1%,<.5%,<1%,<.5%,0%,<1%,2%,0%,<1%,<.5%
"Tell me whether you have a very favorable, somewhat favorable, somewhat unfavorable or very unfavorable opinion of Kamala [COMMA-luh] Harris.",[VOL] Don't know/Refused,3%,2%,3%,2%,3%,3%,2%,2%,2%,9%,<.5%,1%,3%,1%,3%,1%,5%,2%,2%,2%,4%,2%,3%,2%,2%,2%,17%,2%,1%,4%
"Tell me whether you have a very favorable, somewhat favorable, somewhat unfavorable or very unfavorable opinion of Kamala [COMMA-luh] Harris.",NET Favorable,46%,39%,52%,50%,52%,41%,47%,41%,83%,49%,47%,56%,39%,54%,32%,66%,58%,45%,54%,41%,49%,59%,54%,30%,92%,6%,13%,90%,8%,47%
"Tell me whether you have a very favorable, somewhat favorable, somewhat unfavorable or very unfavorable opinion of Kamala [COMMA-luh] Harris.",NET Unfavorable,51%,59%,44%,46%,45%,57%,51%,57%,15%,39%,51%,42%,57%,44%,65%,33%,35%,53%,44%,56%,46%,38%,42%,67%,6%,92%,68%,7%,90%,49%
"Tell me whether you have a very favorable, somewhat favorable, somewhat unfavorable or very unfavorable opinion of Kamala [COMMA-luh] Harris.",Number of respondents,"1,374",712,645,213,333,452,337,922,147,154,118,686,677,463,454,204,211,294,291,478,311,322,580,472,651,664,59,399,418,464
"Do you feel like you still need to learn more about Donald Trump, or do you pretty much already know what you need to know?",Feel like you need to learn more about Donald Trump,9%,9%,9%,21%,10%,7%,6%,8%,9%,22%,14%,7%,11%,5%,9%,11%,16%,7%,9%,7%,15%,12%,10%,8%,7%,11%,18%,6%,9%,11%
"Do you feel like you still need to learn more about Donald Trump, or do you pretty much already know what you need to know?",Pretty much already know what you need to know about Donald Trump,90%,90%,90%,79%,89%,92%,94%,92%,91%,78%,85%,92%,89%,94%,91%,88%,83%,93%,91%,92%,84%,88%,89%,92%,92%,89%,81%,93%,91%,88%
"Do you feel like you still need to learn more about Donald Trump, or do you pretty much already know what you need to know?",[VOL] Don’t know/Refused,<1%,<1%,<1%,0%,<1%,<.5%,<1%,<1%,<.5%,<.5%,1%,<1%,<.5%,<1%,<.5%,<1%,<.5%,<.5%,<.5%,<.5%,1%,<.5%,<1%,<.5%,<1%,<.5%,<1%,1%,0%,<1%
"Do you feel like you still need to learn more about Kamala [COMMA-luh] Harris, or do you pretty much already know what you need to know?",Feel like you need to learn more about Kamala Harris,28%,24%,30%,53%,30%,25%,20%,23%,41%,43%,35%,27%,29%,25%,22%,34%,44%,24%,27%,26%,35%,30%,31%,23%,37%,17%,48%,29%,17%,38%
"Do you feel like you still need to learn more about Kamala [COMMA-luh] Harris, or do you pretty much already know what you need to know?",Pretty much already know what you need to know about Kamala Harris,71%,75%,69%,47%,69%,74%,79%,76%,58%,56%,64%,72%,70%,74%,77%,64%,55%,75%,73%,73%,64%,69%,68%,77%,63%,82%,49%,71%,82%,61%
"Do you feel like you still need to learn more about Kamala [COMMA-luh] Harris, or do you pretty much already know what you need to know?",[VOL] Don’t know/Refused,<1%,<1%,<1%,<.5%,<1%,1%,<1%,<1%,1%,1%,<1%,<1%,<1%,<1%,<1%,2%,<1%,<1%,<.5%,<1%,1%,<1%,1%,<.5%,<.5%,1%,2%,<.5%,<1%,1%
(If need to learn more about Trump) What else do you think you need to learn about Donald Trump?,[VOL] Policies/plans,45%,44%,47%,54%,53%,29%,37%,38%,81%,40%,56%,58%,40%,48%,34%,70%,49%,58%,54%,51%,29%,43%,51%,38%,46%,41%,63%,39%,36%,56%
(If need to learn more about Trump) What else do you think you need to learn about Donald Trump?,[VOL] Character,12%,3%,20%,2%,17%,19%,13%,17%,2%,10%,0%,8%,14%,12%,19%,3%,7%,26%,6%,2%,15%,16%,8%,13%,13%,13%,0%,12%,13%,11%
(If need to learn more about Trump) What else do you think you need to learn about Donald Trump?,[VOL] Everything/More information generally,7%,6%,9%,15%,3%,10%,0%,6%,0%,11%,12%,5%,9%,6%,5%,3%,13%,5%,0%,6%,13%,9%,9%,4%,3%,8%,20%,0%,17%,3%
(If need to learn more about Trump) What else do you think you need to learn about Donald Trump?,[VOL] Track record/experience,5%,10%,0%,2%,0%,9%,7%,1%,10%,9%,8%,2%,6%,0%,2%,4%,11%,5%,3%,5%,5%,7%,6%,2%,9%,2%,5%,13%,4%,3%
(If need to learn more about Trump) What else do you think you need to learn about Donald Trump?,[VOL] Nothing,14%,11%,16%,12%,7%,11%,22%,14%,7%,13%,18%,20%,8%,20%,11%,20%,4%,4%,18%,6%,21%,19%,8%,17%,20%,11%,3%,29%,10%,13%
(If need to learn more about Trump) What else do you think you need to learn about Donald Trump?,"[VOL] Other, specify",5%,5%,3%,7%,6%,5%,6%,5%,0%,8%,6%,4%,6%,8%,4%,0%,9%,2%,0%,12%,5%,0%,10%,4%,4%,7%,0%,2%,<1%,8%
(If need to learn more about Trump) What else do you think you need to learn about Donald Trump?,[VOL] Don't know/Refused,13%,21%,6%,7%,15%,18%,15%,19%,0%,9%,0%,4%,17%,7%,24%,0%,7%,0%,20%,17%,12%,7%,9%,24%,6%,18%,9%,5%,19%,6%
(If need to learn more about Trump) What else do you think you need to learn about Donald Trump?,Number of respondents,146,78,67,47,37,34,23,75,17,37,17,56,88,28,47,28,41,27,28,47,44,44,66,36,52,81,13,24,36,64
(If need to learn more about Harris)  What else do you think you need to learn about Kamala [COMMA-luh] Harris?,[VOL] Policies/plans,66%,72%,61%,78%,63%,64%,61%,70%,70%,55%,57%,77%,60%,77%,65%,76%,54%,79%,63%,71%,55%,67%,67%,65%,72%,60%,45%,69%,63%,68%
(If need to learn more about Harris)  What else do you think you need to learn about Kamala [COMMA-luh] Harris?,[VOL] Everything/More information generally,10%,9%,10%,8%,12%,7%,9%,10%,7%,10%,8%,5%,12%,6%,13%,3%,10%,11%,7%,9%,11%,7%,8%,14%,7%,12%,21%,5%,12%,12%
(If need to learn more about Harris)  What else do you think you need to learn about Kamala [COMMA-luh] Harris?,[VOL] Character,8%,3%,13%,2%,5%,14%,10%,5%,15%,7%,17%,6%,10%,6%,5%,6%,15%,4%,17%,6%,8%,5%,10%,8%,8%,7%,17%,12%,11%,3%
(If need to learn more about Harris)  What else do you think you need to learn about Kamala [COMMA-luh] Harris?,[VOL] Track record/experience,4%,5%,5%,3%,6%,3%,6%,4%,5%,5%,7%,3%,6%,3%,5%,2%,7%,3%,5%,3%,6%,6%,2%,6%,5%,5%,3%,4%,4%,5%
(If need to learn more about Harris)  What else do you think you need to learn about Kamala [COMMA-luh] Harris?,[VOL] Nothing,4%,3%,5%,3%,6%,4%,4%,3%,4%,8%,7%,5%,4%,3%,3%,8%,5%,2%,<1%,5%,7%,3%,4%,5%,2%,9%,2%,3%,4%,5%
(If need to learn more about Harris)  What else do you think you need to learn about Kamala [COMMA-luh] Harris?,"[VOL] Other, specify",2%,3%,2%,1%,2%,2%,4%,3%,0%,2%,0%,2%,3%,3%,4%,<.5%,<1%,2%,1%,<1%,5%,6%,2%,0%,2%,2%,4%,<1%,0%,4%
(If need to learn more about Harris)  What else do you think you need to learn about Kamala [COMMA-luh] Harris?,[VOL] Don't know/Refused,5%,6%,5%,5%,6%,5%,5%,4%,<.5%,13%,4%,3%,6%,3%,6%,4%,7%,0%,6%,5%,7%,5%,6%,3%,4%,5%,9%,7%,6%,2%
(If need to learn more about Harris)  What else do you think you need to learn about Kamala [COMMA-luh] Harris?,Number of respondents,420,206,206,104,114,113,76,236,64,69,43,199,218,123,113,74,100,81,89,141,109,102,196,122,254,138,28,125,74,184
"And when it comes to the November election, would you say you’re very enthusiastic about voting, somewhat enthusiastic about voting, not very enthusiastic about voting or not at all enthusiastic about voting?",Very enthusiastic,60%,61%,60%,37%,52%,64%,72%,65%,53%,46%,49%,59%,62%,64%,66%,48%,52%,63%,60%,63%,55%,55%,60%,63%,63%,63%,9%,72%,69%,43%
"And when it comes to the November election, would you say you’re very enthusiastic about voting, somewhat enthusiastic about voting, not very enthusiastic about voting or not at all enthusiastic about voting?",Somewhat enthusiastic,20%,20%,21%,35%,28%,17%,14%,18%,29%,21%,28%,22%,20%,19%,18%,28%,25%,18%,26%,16%,24%,24%,20%,19%,23%,19%,17%,19%,17%,25%
"And when it comes to the November election, would you say you’re very enthusiastic about voting, somewhat enthusiastic about voting, not very enthusiastic about voting or not at all enthusiastic about voting?",Not very enthusiastic,11%,11%,11%,20%,9%,11%,8%,11%,9%,13%,11%,13%,10%,12%,9%,13%,10%,12%,7%,13%,12%,11%,12%,9%,9%,11%,27%,5%,9%,19%
"And when it comes to the November election, would you say you’re very enthusiastic about voting, somewhat enthusiastic about voting, not very enthusiastic about voting or not at all enthusiastic about voting?",Not at all enthusiastic,7%,8%,6%,9%,10%,7%,4%,5%,7%,17%,12%,6%,7%,5%,5%,11%,12%,5%,7%,7%,9%,8%,7%,7%,5%,5%,46%,4%,4%,12%
"And when it comes to the November election, would you say you’re very enthusiastic about voting, somewhat enthusiastic about voting, not very enthusiastic about voting or not at all enthusiastic about voting?",[VOL] Don’t know/Refused,1%,<.5%,2%,0%,<.5%,1%,2%,1%,1%,3%,<.5%,<.5%,1%,0%,2%,1%,<1%,1%,1%,2%,<.5%,1%,<1%,2%,<.5%,2%,<1%,<.5%,2%,2%
"And when it comes to the November election, would you say you’re very enthusiastic about voting, somewhat enthusiastic about voting, not very enthusiastic about voting or not at all enthusiastic about voting?",NET Enthusiastic,81%,81%,81%,71%,80%,81%,86%,83%,82%,67%,77%,81%,82%,83%,84%,75%,77%,81%,85%,79%,79%,79%,80%,82%,86%,81%,26%,91%,85%,67%
"And when it comes to the November election, would you say you’re very enthusiastic about voting, somewhat enthusiastic about voting, not very enthusiastic about voting or not at all enthusiastic about voting?",NET Not enthusiastic,18%,19%,17%,29%,20%,18%,12%,16%,17%,30%,23%,19%,17%,17%,15%,24%,23%,18%,13%,19%,21%,20%,19%,16%,14%,17%,74%,9%,13%,31%
"And when it comes to the November election, would you say you’re very enthusiastic about voting, somewhat enthusiastic about voting, not very enthusiastic about voting or not at all enthusiastic about voting?",Number of respondents,"1,374",712,645,213,333,452,337,922,147,154,118,686,677,463,454,204,211,294,291,478,311,322,580,472,651,664,59,399,418,464
"Do you think that this presidential election is the most important election of your lifetime, or not?","Yes, the most important election of your lifetime",69%,64%,74%,61%,58%,70%,78%,74%,62%,51%,59%,66%,71%,70%,77%,55%,60%,75%,69%,68%,64%,64%,67%,74%,70%,72%,24%,74%,78%,58%
"Do you think that this presidential election is the most important election of your lifetime, or not?","No, not the most important election of your lifetime",29%,34%,24%,38%,40%,29%,17%,24%,35%,45%,41%,33%,26%,29%,20%,42%,39%,21%,29%,29%,35%,34%,31%,23%,29%,25%,68%,24%,20%,40%
"Do you think that this presidential election is the most important election of your lifetime, or not?",[VOL] Don't know/Refused,2%,2%,3%,2%,2%,1%,5%,2%,3%,4%,<1%,1%,3%,<1%,3%,2%,2%,4%,1%,2%,1%,3%,1%,3%,2%,2%,8%,2%,3%,2%
"Do you think that this presidential election is the most important election of your lifetime, or not?",Number of respondents,"1,374",712,645,213,333,452,337,922,147,154,118,686,677,463,454,204,211,294,291,478,311,322,580,472,651,664,59,399,418,464
"Do you think Kamala [COMMA-luh] Harris represents change, or more of the same?",Major change,25%,19%,31%,24%,25%,23%,27%,20%,52%,31%,27%,26%,24%,23%,19%,36%,39%,27%,25%,23%,27%,30%,29%,18%,45%,9%,2%,50%,10%,18%
"Do you think Kamala [COMMA-luh] Harris represents change, or more of the same?",Minor change,15%,14%,16%,17%,15%,12%,17%,17%,17%,10%,10%,19%,13%,21%,14%,16%,11%,17%,18%,13%,15%,15%,19%,11%,29%,3%,4%,27%,4%,17%
"Do you think Kamala [COMMA-luh] Harris represents change, or more of the same?",More of the same,55%,65%,48%,54%,57%,62%,50%,60%,27%,51%,53%,51%,59%,52%,65%,44%,44%,52%,55%,60%,52%,48%,50%,67%,23%,85%,75%,20%,83%,60%
"Do you think Kamala [COMMA-luh] Harris represents change, or more of the same?",[VOL] Don't know/Refused,4%,3%,5%,4%,4%,3%,5%,3%,3%,7%,10%,4%,4%,4%,3%,3%,6%,3%,3%,4%,6%,7%,2%,4%,3%,3%,18%,4%,3%,6%
"Do you think Kamala [COMMA-luh] Harris represents change, or more of the same?",Number of respondents,"1,374",712,645,213,333,452,337,922,147,154,118,686,677,463,454,204,211,294,291,478,311,322,580,472,651,664,59,399,418,464
"Do you think Donald Trump represents change, or more of the same?",Major change,53%,54%,53%,41%,52%,57%,55%,60%,27%,39%,46%,49%,56%,54%,64%,39%,35%,55%,55%,54%,48%,43%,49%,63%,31%,77%,21%,32%,79%,46%
"Do you think Donald Trump represents change, or more of the same?",Minor change,8%,10%,6%,16%,10%,7%,5%,7%,9%,11%,10%,9%,8%,8%,7%,11%,9%,9%,5%,10%,8%,9%,10%,7%,4%,11%,20%,4%,9%,12%
"Do you think Donald Trump represents change, or more of the same?",More of the same,34%,32%,37%,41%,35%,31%,33%,28%,64%,48%,40%,36%,33%,32%,24%,49%,54%,32%,34%,32%,40%,43%,36%,26%,58%,10%,43%,55%,11%,37%
"Do you think Donald Trump represents change, or more of the same?",[VOL] Don't know/Refused,4%,4%,5%,2%,3%,5%,6%,5%,<1%,3%,4%,5%,4%,6%,5%,2%,2%,4%,6%,4%,4%,5%,5%,4%,7%,1%,16%,8%,1%,5%
"Do you think Donald Trump represents change, or more of the same?",Number of respondents,"1,374",712,645,213,333,452,337,922,147,154,118,686,677,463,454,204,211,294,291,478,311,322,580,472,651,664,59,399,418,464
What one issue is most important in deciding your vote this November?,[VOL] The economy (including jobs and the stock market),22%,26%,18%,15%,21%,27%,18%,23%,15%,27%,17%,20%,22%,21%,23%,18%,21%,23%,22%,25%,15%,16%,20%,26%,8%,35%,15%,8%,35%,20%
What one issue is most important in deciding your vote this November?,[VOL] Abortion,15%,6%,22%,21%,18%,12%,13%,14%,18%,16%,13%,18%,13%,17%,12%,21%,13%,17%,14%,13%,16%,15%,18%,10%,28%,3%,2%,29%,4%,13%
What one issue is most important in deciding your vote this November?,[VOL] Immigration,12%,14%,11%,5%,8%,12%,19%,14%,3%,9%,10%,9%,15%,9%,18%,6%,8%,12%,10%,14%,12%,10%,9%,18%,2%,23%,3%,2%,25%,10%
What one issue is most important in deciding your vote this November?,[VOL] The state of democracy/corruption,8%,9%,6%,1%,8%,8%,8%,8%,8%,3%,6%,9%,6%,10%,7%,7%,5%,8%,9%,7%,8%,8%,9%,6%,14%,2%,4%,14%,2%,8%
What one issue is most important in deciding your vote this November?,[VOL] Inflation and the cost of living,6%,8%,5%,13%,5%,8%,3%,6%,9%,6%,5%,5%,7%,6%,6%,3%,10%,4%,5%,7%,8%,4%,5%,9%,3%,8%,15%,2%,9%,7%
What one issue is most important in deciding your vote this November?,[VOL] Character/competence of candidate,6%,8%,5%,4%,5%,6%,8%,6%,8%,6%,5%,5%,7%,5%,7%,6%,8%,6%,7%,4%,7%,5%,8%,4%,8%,4%,4%,9%,4%,6%
What one issue is most important in deciding your vote this November?,[VOL] Dislike of opposing candidate,6%,5%,7%,1%,5%,5%,8%,6%,4%,10%,5%,7%,5%,7%,5%,6%,6%,4%,5%,7%,6%,9%,5%,5%,8%,5%,<.5%,7%,6%,5%
What one issue is most important in deciding your vote this November?,[VOL] Equality/inequality,3%,2%,4%,5%,4%,3%,2%,3%,4%,0%,5%,4%,3%,4%,3%,2%,4%,2%,4%,3%,3%,3%,3%,4%,5%,2%,3%,5%,2%,3%
What one issue is most important in deciding your vote this November?,[VOL] Foreign policy,3%,4%,2%,5%,2%,3%,2%,2%,2%,6%,4%,3%,3%,3%,2%,3%,5%,3%,3%,3%,3%,4%,2%,4%,2%,4%,<1%,2%,2%,4%
What one issue is most important in deciding your vote this November?,[VOL] The Middle East/Israel/Palestinians,2%,1%,2%,2%,4%,<.5%,1%,<1%,3%,2%,7%,3%,<1%,2%,<.5%,7%,2%,<1%,2%,2%,2%,3%,2%,<1%,2%,<.5%,13%,3%,<.5%,2%
What one issue is most important in deciding your vote this November?,[VOL] Taxes,1%,2%,<1%,<1%,2%,1%,1%,1%,2%,2%,<1%,2%,<1%,1%,<1%,3%,<.5%,1%,1%,1%,<1%,2%,1%,<1%,1%,1%,0%,<1%,1%,1%
What one issue is most important in deciding your vote this November?,[VOL] Climate change,1%,1%,1%,2%,1%,<1%,1%,1%,1%,<.5%,2%,2%,<1%,2%,<1%,3%,0%,1%,1%,<1%,2%,1%,2%,<1%,2%,<.5%,0%,2%,<.5%,1%
What one issue is most important in deciding your vote this November?,[VOL] Health care,1%,1%,<1%,<1%,3%,1%,0%,<1%,3%,<1%,<1%,1%,<1%,1%,<1%,2%,2%,2%,<1%,1%,<1%,2%,1%,<1%,2%,<.5%,<1%,2%,0%,2%
What one issue is most important in deciding your vote this November?,[VOL] Election integrity,<1%,2%,<.5%,2%,0%,0%,2%,<1%,1%,0%,0%,<1%,<1%,<1%,1%,<.5%,<.5%,2%,1%,<.5%,<1%,1%,1%,0%,1%,<1%,0%,1%,<1%,<.5%
What one issue is most important in deciding your vote this November?,[VOL] Gun policies,<1%,<.5%,<1%,2%,0%,<.5%,<1%,<1%,0%,<1%,1%,<1%,<.5%,<1%,<.5%,1%,<.5%,<1%,<1%,<.5%,<1%,<.5%,<1%,<1%,<1%,<.5%,0%,<1%,<.5%,<1%
What one issue is most important in deciding your vote this November?,[VOL] Polarization/division,<1%,<.5%,<1%,<1%,<.5%,<.5%,<1%,<1%,0%,<1%,<1%,<1%,<.5%,<1%,<.5%,<1%,<.5%,<1%,<1%,<.5%,<1%,<1%,<1%,<.5%,<.5%,<1%,<1%,<.5%,<.5%,<1%
What one issue is most important in deciding your vote this November?,[VOL] Russia/the war in Ukraine,<.5%,<1%,0%,1%,<.5%,<.5%,<.5%,<.5%,0%,0%,3%,<.5%,<.5%,<.5%,<.5%,<1%,<1%,<1%,<.5%,0%,1%,<.5%,<1%,<.5%,<.5%,<.5%,0%,0%,<.5%,1%
What one issue is most important in deciding your vote this November?,[VOL] Education,<.5%,<.5%,<1%,<.5%,1%,<.5%,0%,<.5%,1%,<.5%,0%,<.5%,<.5%,<.5%,<.5%,<.5%,<1%,<1%,0%,<.5%,<1%,<1%,<.5%,<.5%,<1%,0%,0%,<.5%,0%,<1%
What one issue is most important in deciding your vote this November?,[VOL] Racism/racial issues,<.5%,<.5%,<.5%,<.5%,<.5%,<1%,0%,<.5%,<1%,<.5%,<1%,<.5%,<.5%,<.5%,<.5%,<1%,<1%,0%,<.5%,<1%,<.5%,<.5%,<.5%,<.5%,<.5%,<.5%,0%,<.5%,<.5%,<.5%
What one issue is most important in deciding your vote this November?,[VOL] Crime,<.5%,0%,<.5%,0%,0%,<.5%,<.5%,<.5%,0%,0%,<1%,<.5%,<.5%,<.5%,0%,0%,<.5%,0%,<1%,0%,<.5%,<.5%,<.5%,<.5%,<.5%,<.5%,0%,<.5%,<.5%,<.5%
What one issue is most important in deciding your vote this November?,[VOL] Student loans,<.5%,<.5%,<.5%,1%,<.5%,0%,0%,<.5%,0%,<1%,0%,<.5%,0%,<.5%,0%,<1%,0%,0%,<.5%,<.5%,0%,0%,<.5%,<.5%,<.5%,0%,0%,<.5%,0%,<.5%
What one issue is most important in deciding your vote this November?,[VOL] China,<.5%,<.5%,0%,0%,<.5%,0%,0%,0%,0%,<.5%,0%,0%,<.5%,0%,0%,0%,<.5%,0%,<.5%,0%,0%,0%,<.5%,0%,0%,<.5%,0%,0%,<.5%,0%
What one issue is most important in deciding your vote this November?,"[VOL] Other, specify",5%,6%,4%,7%,6%,5%,4%,4%,10%,4%,6%,6%,4%,5%,4%,9%,5%,5%,4%,5%,5%,7%,5%,4%,5%,4%,10%,5%,3%,7%
What one issue is most important in deciding your vote this November?,[VOL] Don't know/Refused,6%,3%,8%,10%,5%,4%,6%,6%,6%,6%,7%,2%,8%,3%,8%,1%,8%,7%,8%,3%,7%,8%,6%,5%,5%,5%,28%,7%,4%,6%
What one issue is most important in deciding your vote this November?,Number of respondents,"1,374",712,645,213,333,452,337,922,147,154,118,686,677,463,454,204,211,294,291,478,311,322,580,472,651,664,59,399,418,464
Which candidate do you think would do a better job of handling the issue you think is most important?,"Kamala [COMMA-luh] Harris, the Democrat",45%,37%,52%,50%,49%,39%,45%,40%,78%,43%,50%,55%,38%,53%,31%,62%,56%,43%,50%,40%,50%,57%,52%,29%,95%,<1%,6%,91%,4%,46%
Which candidate do you think would do a better job of handling the issue you think is most important?,"Donald Trump, the Republican",50%,58%,45%,45%,44%,56%,52%,57%,14%,48%,37%,40%,58%,44%,66%,27%,36%,54%,44%,57%,43%,37%,43%,67%,2%,97%,43%,5%,94%,45%
Which candidate do you think would do a better job of handling the issue you think is most important?,[VOL] Neither candidate,3%,3%,2%,3%,4%,3%,2%,1%,5%,6%,10%,3%,3%,<1%,1%,8%,5%,1%,4%,2%,4%,3%,3%,2%,2%,<1%,26%,3%,<1%,5%
Which candidate do you think would do a better job of handling the issue you think is most important?,[VOL] Someone else; specify,<.5%,<.5%,<.5%,0%,<.5%,<.5%,0%,<.5%,0%,0%,2%,<.5%,<.5%,0%,<.5%,1%,0%,<.5%,<.5%,0%,<.5%,0%,<.5%,<.5%,<.5%,<.5%,2%,<1%,0%,<.5%
Which candidate do you think would do a better job of handling the issue you think is most important?,[VOL] Don't know/Refused,2%,2%,2%,2%,3%,2%,<1%,2%,3%,2%,1%,2%,2%,2%,2%,<1%,3%,1%,2%,1%,3%,3%,2%,1%,<1%,<1%,23%,0%,<.5%,4%
Which candidate do you think would do a better job of handling the issue you think is most important?,Number of respondents,"1,374",712,645,213,333,452,337,922,147,154,118,686,677,463,454,204,211,294,291,478,311,322,580,472,651,664,59,399,418,464
The economy,Kamala Harris,42%,36%,47%,41%,47%,38%,44%,37%,75%,43%,50%,53%,35%,50%,28%,63%,54%,41%,50%,36%,47%,53%,49%,28%,88%,<1%,17%,89%,4%,40%
The economy,Donald Trump,55%,62%,49%,57%,47%,60%,54%,60%,23%,53%,44%,44%,62%,48%,69%,33%,44%,57%,48%,61%,48%,42%,48%,70%,9%,98%,61%,9%,95%,54%
The economy,[VOL] Don’t know/Refused,3%,2%,3%,2%,6%,2%,2%,2%,3%,4%,6%,3%,3%,2%,3%,4%,3%,2%,2%,3%,5%,5%,2%,2%,3%,<1%,22%,3%,<.5%,6%
The economy,Number of respondents,"1,374",712,645,213,333,452,337,922,147,154,118,686,677,463,454,204,211,294,291,478,311,322,580,472,651,664,59,399,418,464
Abortion,Kamala Harris,54%,48%,58%,68%,63%,48%,49%,49%,80%,58%,62%,66%,46%,62%,40%,78%,62%,50%,62%,48%,59%,68%,63%,34%,95%,15%,51%,93%,15%,59%
Abortion,Donald Trump,39%,46%,33%,29%,33%,45%,42%,45%,13%,30%,30%,29%,47%,33%,54%,19%,27%,43%,29%,47%,32%,26%,31%,56%,2%,76%,20%,3%,78%,34%
Abortion,[VOL] Don’t know/Refused,7%,5%,9%,3%,5%,7%,9%,6%,8%,11%,8%,5%,8%,6%,6%,3%,11%,7%,9%,5%,9%,6%,6%,10%,3%,9%,29%,4%,8%,6%
Abortion,Number of respondents,"1,374",712,645,213,333,452,337,922,147,154,118,686,677,463,454,204,211,294,291,478,311,322,580,472,651,664,59,399,418,464
Immigration,Kamala Harris,43%,35%,49%,50%,48%,38%,43%,39%,67%,46%,50%,54%,36%,51%,30%,63%,51%,41%,51%,37%,47%,53%,51%,27%,86%,3%,22%,87%,7%,41%
Immigration,Donald Trump,53%,61%,46%,46%,46%,58%,54%,59%,24%,45%,39%,43%,60%,47%,67%,29%,40%,56%,47%,59%,45%,42%,45%,69%,9%,96%,43%,8%,92%,53%
Immigration,[VOL] Don’t know/Refused,4%,4%,5%,4%,6%,4%,3%,2%,9%,9%,10%,4%,5%,2%,3%,8%,9%,3%,2%,4%,8%,5%,4%,4%,5%,<1%,35%,5%,<1%,6%
Immigration,Number of respondents,"1,374",712,645,213,333,452,337,922,147,154,118,686,677,463,454,204,211,294,291,478,311,322,580,472,651,664,59,399,418,464
Democracy,Kamala Harris,50%,45%,55%,57%,58%,44%,48%,44%,85%,53%,58%,62%,43%,59%,35%,72%,63%,47%,58%,44%,56%,65%,57%,34%,97%,7%,42%,94%,8%,54%
Democracy,Donald Trump,45%,51%,41%,37%,35%,51%,49%,52%,9%,41%,30%,34%,52%,38%,61%,22%,29%,48%,37%,52%,38%,30%,39%,61%,1%,89%,21%,3%,88%,39%
Democracy,[VOL] Don’t know/Refused,5%,5%,5%,6%,7%,5%,3%,4%,6%,7%,12%,4%,5%,3%,4%,6%,8%,4%,5%,4%,6%,5%,4%,6%,2%,4%,37%,3%,3%,8%
Democracy,Number of respondents,"1,374",712,645,213,333,452,337,922,147,154,118,686,677,463,454,204,211,294,291,478,311,322,580,472,651,664,59,399,418,464
"Thinking about the nation's economy, how would you rate economic conditions today?",Excellent,2%,3%,1%,2%,1%,2%,3%,1%,3%,6%,<1%,2%,2%,2%,1%,3%,4%,3%,1%,2%,2%,1%,3%,2%,4%,<1%,<.5%,4%,2%,<1%
"Thinking about the nation's economy, how would you rate economic conditions today?",Good,21%,20%,22%,8%,19%,20%,29%,21%,31%,14%,19%,30%,15%,32%,14%,28%,18%,24%,25%,17%,21%,25%,24%,16%,41%,4%,9%,43%,4%,20%
"Thinking about the nation's economy, how would you rate economic conditions today?",Only fair,28%,26%,29%,28%,35%,28%,21%,26%,36%,25%,31%,30%,26%,30%,24%,30%,32%,26%,33%,25%,28%,33%,30%,21%,37%,18%,37%,36%,18%,30%
"Thinking about the nation's economy, how would you rate economic conditions today?",Poor,49%,50%,47%,62%,44%,50%,46%,51%,30%,51%,48%,37%,57%,36%,61%,38%,46%,47%,40%,55%,48%,39%,43%,61%,19%,77%,54%,17%,76%,49%
"Thinking about the nation's economy, how would you rate economic conditions today?",[VOL] Don't know/Refused,<.5%,<.5%,<1%,<1%,0%,<.5%,<1%,0%,0%,4%,0%,<.5%,<.5%,0%,0%,<1%,<1%,<.5%,0%,<1%,<.5%,2%,<.5%,0%,<.5%,<1%,<1%,0%,<1%,<.5%
"Thinking about the nation's economy, how would you rate economic conditions today?",NET Excellent/good,23%,24%,23%,9%,21%,22%,32%,23%,34%,20%,20%,33%,16%,34%,15%,31%,22%,27%,26%,19%,23%,26%,27%,18%,44%,4%,9%,47%,5%,20%
"Thinking about the nation's economy, how would you rate economic conditions today?",NET Fair/poor,76%,76%,76%,90%,79%,78%,67%,77%,66%,76%,80%,67%,83%,66%,85%,69%,77%,73%,74%,80%,77%,73%,73%,82%,56%,95%,90%,53%,94%,79%
"Thinking about the nation's economy, how would you rate economic conditions today?",Number of respondents,"1,374",712,645,213,333,452,337,922,147,154,118,686,677,463,454,204,211,294,291,478,311,322,580,472,651,664,59,399,418,464
"Do you think abortion should be always legal, mostly legal, mostly illegal or always illegal?",Always legal,38%,31%,43%,47%,49%,34%,32%,35%,53%,39%,44%,45%,33%,41%,31%,56%,40%,35%,45%,32%,43%,45%,45%,26%,64%,14%,29%,65%,11%,41%
"Do you think abortion should be always legal, mostly legal, mostly illegal or always illegal?",Mostly legal,28%,30%,26%,26%,26%,27%,29%,28%,29%,25%,25%,29%,27%,30%,27%,24%,28%,29%,32%,26%,26%,24%,27%,31%,27%,29%,25%,26%,26%,31%
"Do you think abortion should be always legal, mostly legal, mostly illegal or always illegal?",Mostly illegal,20%,22%,17%,12%,17%,22%,23%,22%,9%,15%,13%,16%,21%,18%,25%,11%,12%,20%,15%,24%,16%,18%,17%,23%,4%,35%,12%,3%,38%,16%
"Do you think abortion should be always legal, mostly legal, mostly illegal or always illegal?",Always illegal,9%,10%,8%,11%,5%,9%,11%,8%,4%,14%,12%,5%,11%,6%,10%,4%,13%,8%,2%,14%,8%,9%,5%,13%,3%,14%,12%,3%,17%,6%
"Do you think abortion should be always legal, mostly legal, mostly illegal or always illegal?",[VOL] Don't know/Refused,6%,7%,6%,4%,4%,8%,5%,6%,5%,6%,6%,5%,7%,5%,7%,4%,7%,8%,6%,4%,7%,4%,6%,8%,2%,8%,21%,3%,8%,7%
"Do you think abortion should be always legal, mostly legal, mostly illegal or always illegal?",NET Legal,66%,61%,69%,73%,74%,61%,61%,64%,82%,64%,69%,74%,61%,72%,58%,81%,68%,64%,77%,58%,69%,68%,72%,57%,91%,42%,55%,91%,37%,72%
"Do you think abortion should be always legal, mostly legal, mostly illegal or always illegal?",NET Illegal,28%,32%,25%,23%,22%,30%,34%,30%,13%,30%,25%,22%,32%,24%,34%,16%,25%,28%,17%,38%,24%,27%,22%,36%,7%,50%,24%,6%,55%,21%
"Do you think abortion should be always legal, mostly legal, mostly illegal or always illegal?",Number of respondents,"1,374",712,645,213,333,452,337,922,147,154,118,686,677,463,454,204,211,294,291,478,311,322,580,472,651,664,59,399,418,464
"How much, if anything, have you heard about Project 2025?",A lot,27%,29%,25%,21%,29%,29%,26%,27%,33%,17%,29%,35%,21%,36%,21%,35%,21%,27%,28%,25%,29%,30%,28%,25%,40%,14%,26%,40%,12%,30%
"How much, if anything, have you heard about Project 2025?",Some,33%,30%,35%,36%,40%,31%,27%,32%,35%,37%,34%,36%,30%,34%,30%,40%,33%,32%,34%,33%,32%,34%,34%,31%,36%,30%,31%,33%,30%,36%
"How much, if anything, have you heard about Project 2025?",Not much,15%,17%,14%,16%,14%,13%,19%,15%,13%,17%,11%,14%,16%,15%,16%,10%,16%,17%,15%,16%,13%,15%,14%,17%,11%,19%,14%,12%,19%,14%
"How much, if anything, have you heard about Project 2025?",Nothing at all,23%,23%,24%,27%,17%,25%,23%,24%,19%,25%,23%,14%,30%,14%,31%,13%,27%,21%,23%,24%,23%,20%,23%,25%,13%,32%,29%,14%,34%,18%
"How much, if anything, have you heard about Project 2025?",[VOL] Don't know/Refused,2%,1%,3%,<1%,<1%,2%,4%,2%,0%,5%,2%,1%,2%,<1%,3%,2%,2%,3%,<.5%,2%,2%,2%,2%,3%,<.5%,4%,0%,0%,4%,2%
"How much, if anything, have you heard about Project 2025?",Number of respondents,"1,374",712,645,213,333,452,337,922,147,154,118,686,677,463,454,204,211,294,291,478,311,322,580,472,651,664,59,399,418,464
"(If split 2, asked starting after the first night of calling)  For each of the following items, tell me whether you support or oppose the policy.  A ban on fracking",Strongly support,19%,18%,21%,25%,18%,18%,20%,20%,8%,36%,23%,18%,20%,16%,23%,25%,15%,19%,32%,16%,15%,24%,19%,17%,20%,18%,19%,22%,19%,15%
"(If split 2, asked starting after the first night of calling)  For each of the following items, tell me whether you support or oppose the policy.  A ban on fracking",Somewhat support,20%,21%,19%,37%,22%,16%,19%,23%,11%,11%,16%,23%,18%,26%,20%,18%,9%,19%,13%,24%,22%,20%,23%,18%,30%,12%,10%,28%,7%,25%
"(If split 2, asked starting after the first night of calling)  For each of the following items, tell me whether you support or oppose the policy.  A ban on fracking",Somewhat oppose,20%,17%,22%,9%,32%,22%,13%,19%,28%,29%,12%,22%,18%,23%,16%,21%,24%,13%,17%,25%,22%,16%,20%,21%,22%,16%,24%,24%,16%,20%
"(If split 2, asked starting after the first night of calling)  For each of the following items, tell me whether you support or oppose the policy.  A ban on fracking",Strongly oppose,28%,37%,20%,13%,14%,34%,33%,27%,26%,15%,37%,29%,27%,28%,26%,25%,29%,30%,32%,25%,26%,23%,26%,32%,11%,44%,35%,11%,45%,27%
"(If split 2, asked starting after the first night of calling)  For each of the following items, tell me whether you support or oppose the policy.  A ban on fracking",[VOL] Don't know/Refused,13%,7%,19%,16%,14%,10%,15%,11%,27%,9%,12%,8%,17%,8%,14%,11%,24%,18%,6%,11%,15%,17%,12%,12%,16%,10%,11%,14%,13%,13%
"(If split 2, asked starting after the first night of calling)  For each of the following items, tell me whether you support or oppose the policy.  A ban on fracking",NET Support,40%,38%,40%,62%,40%,34%,39%,43%,19%,47%,39%,41%,38%,42%,43%,43%,24%,39%,45%,40%,37%,44%,42%,35%,51%,30%,29%,50%,26%,40%
"(If split 2, asked starting after the first night of calling)  For each of the following items, tell me whether you support or oppose the policy.  A ban on fracking",NET Oppose,47%,54%,42%,22%,46%,56%,46%,46%,53%,44%,49%,51%,45%,50%,42%,46%,53%,44%,49%,49%,48%,39%,46%,53%,33%,60%,60%,36%,60%,47%
"(If split 2, asked starting after the first night of calling)  For each of the following items, tell me whether you support or oppose the policy.  A ban on fracking",Number of respondents,399,206,188,69,93,135,95,271,49,29,36,197,201,135,135,54,60,107,73,111,108,84,161,154,191,192,16,116,111,147
(If split 1) Increasing domestic production of fossil fuels such as oil and gas,Strongly support,44%,52%,38%,30%,36%,52%,49%,49%,30%,37%,31%,35%,51%,35%,59%,35%,32%,44%,38%,55%,31%,38%,38%,57%,13%,80%,20%,15%,78%,40%
(If split 1) Increasing domestic production of fossil fuels such as oil and gas,Somewhat support,22%,21%,22%,33%,23%,21%,17%,20%,25%,22%,35%,23%,21%,23%,18%,24%,29%,21%,22%,19%,27%,18%,26%,19%,29%,12%,39%,27%,13%,26%
(If split 1) Increasing domestic production of fossil fuels such as oil and gas,Somewhat oppose,17%,14%,20%,17%,21%,15%,19%,17%,24%,9%,20%,22%,14%,21%,14%,25%,13%,20%,22%,11%,20%,26%,17%,11%,30%,2%,24%,30%,2%,21%
(If split 1) Increasing domestic production of fossil fuels such as oil and gas,Strongly oppose,12%,9%,15%,18%,18%,9%,10%,11%,16%,20%,14%,16%,10%,17%,6%,13%,20%,8%,12%,12%,16%,13%,15%,9%,20%,5%,3%,19%,6%,10%
(If split 1) Increasing domestic production of fossil fuels such as oil and gas,[VOL] Don't know/Refused,5%,4%,5%,2%,2%,4%,5%,4%,5%,12%,0%,3%,5%,3%,4%,3%,6%,6%,5%,3%,6%,6%,5%,4%,8%,<1%,14%,9%,<1%,4%
(If split 1) Increasing domestic production of fossil fuels such as oil and gas,NET Support,66%,73%,60%,63%,59%,72%,67%,69%,54%,59%,66%,58%,72%,58%,77%,58%,61%,66%,60%,74%,58%,56%,64%,76%,42%,92%,59%,42%,91%,66%
(If split 1) Increasing domestic production of fossil fuels such as oil and gas,NET Oppose,30%,23%,35%,35%,39%,24%,28%,28%,41%,29%,34%,39%,24%,39%,20%,39%,33%,28%,34%,24%,36%,38%,31%,20%,50%,7%,27%,49%,9%,31%
(If split 1) Increasing domestic production of fossil fuels such as oil and gas,Number of respondents,678,340,330,94,173,219,165,445,78,81,59,340,332,224,220,107,108,136,150,244,148,184,277,217,337,313,28,217,212,207
(If split 2)  A federal law establishing price controls on food and groceries,Strongly support,24%,22%,26%,42%,22%,26%,15%,20%,39%,34%,28%,17%,29%,13%,25%,29%,38%,20%,25%,24%,25%,27%,26%,20%,33%,16%,19%,34%,15%,23%
(If split 2)  A federal law establishing price controls on food and groceries,Somewhat support,19%,14%,24%,22%,28%,16%,17%,20%,19%,20%,19%,25%,15%,25%,16%,29%,13%,20%,25%,18%,16%,22%,21%,16%,27%,13%,24%,27%,12%,22%
(If split 2)  A federal law establishing price controls on food and groceries,Somewhat oppose,16%,15%,16%,14%,16%,16%,15%,17%,10%,16%,15%,19%,13%,20%,15%,19%,10%,15%,19%,14%,17%,19%,15%,15%,20%,11%,19%,16%,15%,17%
(If split 2)  A federal law establishing price controls on food and groceries,Strongly oppose,37%,48%,28%,19%,33%,40%,46%,40%,32%,17%,33%,35%,40%,38%,41%,20%,34%,43%,29%,39%,37%,28%,33%,47%,16%,56%,36%,19%,55%,35%
(If split 2)  A federal law establishing price controls on food and groceries,[VOL] Don't know/Refused,4%,1%,6%,3%,1%,3%,7%,3%,0%,12%,5%,3%,2%,3%,2%,4%,4%,2%,2%,5%,4%,4%,5%,2%,4%,4%,2%,4%,4%,3%
(If split 2)  A federal law establishing price controls on food and groceries,NET Support,43%,36%,50%,64%,50%,42%,33%,40%,58%,54%,47%,42%,44%,38%,42%,58%,52%,41%,50%,42%,41%,49%,47%,36%,60%,29%,44%,61%,27%,45%
(If split 2)  A federal law establishing price controls on food and groceries,NET Oppose,53%,63%,44%,33%,49%,55%,61%,57%,42%,34%,48%,54%,53%,59%,56%,39%,44%,57%,48%,53%,54%,47%,48%,62%,36%,68%,55%,35%,69%,52%
(If split 2)  A federal law establishing price controls on food and groceries,Number of respondents,696,372,315,119,160,233,172,477,69,73,59,346,345,239,234,97,103,158,141,234,163,138,303,255,314,351,31,182,206,257
(If split 1) A federal law limiting how much companies can raise the price of food and groceries,Strongly support,34%,26%,41%,43%,37%,29%,33%,31%,47%,38%,42%,27%,39%,22%,37%,42%,44%,31%,42%,28%,38%,36%,40%,24%,45%,24%,20%,48%,24%,28%
(If split 1) A federal law limiting how much companies can raise the price of food and groceries,Somewhat support,22%,23%,21%,24%,24%,20%,19%,23%,16%,18%,18%,28%,17%,31%,18%,17%,17%,26%,19%,21%,21%,28%,17%,23%,29%,15%,13%,30%,16%,20%
(If split 1) A federal law limiting how much companies can raise the price of food and groceries,Somewhat oppose,15%,18%,13%,23%,13%,14%,15%,14%,13%,20%,25%,17%,14%,17%,12%,18%,19%,16%,11%,12%,23%,14%,17%,13%,13%,15%,40%,10%,16%,20%
(If split 1) A federal law limiting how much companies can raise the price of food and groceries,Strongly oppose,26%,31%,21%,10%,24%,34%,27%,29%,20%,21%,14%,26%,26%,28%,30%,21%,17%,25%,24%,33%,15%,17%,21%,38%,10%,43%,26%,8%,42%,28%
(If split 1) A federal law limiting how much companies can raise the price of food and groceries,[VOL] Don't know/Refused,4%,3%,4%,<1%,2%,3%,6%,3%,4%,3%,<1%,2%,5%,3%,4%,2%,3%,2%,4%,4%,3%,5%,4%,2%,4%,4%,1%,3%,3%,5%
(If split 1) A federal law limiting how much companies can raise the price of food and groceries,NET Support,56%,48%,62%,67%,61%,50%,52%,54%,63%,56%,60%,55%,56%,53%,55%,59%,61%,58%,61%,50%,59%,64%,58%,47%,74%,38%,32%,79%,40%,48%
(If split 1) A federal law limiting how much companies can raise the price of food and groceries,NET Oppose,41%,49%,34%,32%,37%,48%,42%,43%,33%,41%,39%,43%,39%,45%,41%,39%,36%,40%,35%,46%,37%,31%,38%,51%,22%,58%,67%,18%,57%,48%
(If split 1) A federal law limiting how much companies can raise the price of food and groceries,Number of respondents,678,340,330,94,173,219,165,445,78,81,59,340,332,224,220,107,108,136,150,244,148,184,277,217,337,313,28,217,212,207
(If heard of Project 2025)  The policies proposed as part of Project 2025,Strongly support,3%,3%,4%,2%,1%,3%,6%,4%,3%,2%,<1%,2%,5%,1%,6%,1%,2%,3%,6%,4%,<1%,3%,4%,3%,2%,6%,0%,3%,5%,3%
(If heard of Project 2025)  The policies proposed as part of Project 2025,Somewhat support,11%,12%,11%,15%,10%,12%,9%,12%,6%,16%,11%,9%,14%,10%,14%,5%,15%,12%,12%,10%,12%,13%,9%,13%,3%,22%,11%,3%,23%,9%
(If heard of Project 2025)  The policies proposed as part of Project 2025,Somewhat oppose,10%,11%,9%,18%,10%,10%,6%,10%,6%,14%,8%,12%,9%,11%,10%,13%,6%,10%,12%,10%,8%,8%,11%,11%,5%,15%,23%,5%,10%,15%
(If heard of Project 2025)  The policies proposed as part of Project 2025,Strongly oppose,53%,46%,58%,52%,60%,50%,52%,50%,73%,54%,61%,58%,49%,57%,45%,66%,61%,50%,54%,50%,61%,61%,60%,40%,82%,16%,37%,82%,22%,50%
(If heard of Project 2025)  The policies proposed as part of Project 2025,[VOL] Don't know/Refused,22%,27%,18%,12%,19%,24%,27%,24%,13%,14%,19%,20%,23%,21%,26%,15%,15%,25%,16%,26%,19%,16%,17%,32%,7%,41%,29%,7%,39%,23%
(If heard of Project 2025)  The policies proposed as part of Project 2025,NET Support,15%,15%,15%,18%,11%,16%,14%,15%,9%,18%,12%,10%,19%,11%,20%,6%,17%,15%,18%,14%,12%,15%,13%,17%,5%,28%,11%,6%,28%,12%
(If heard of Project 2025)  The policies proposed as part of Project 2025,NET Oppose,63%,58%,67%,70%,70%,61%,59%,61%,79%,68%,69%,70%,58%,68%,55%,79%,68%,60%,66%,60%,69%,68%,71%,51%,88%,31%,60%,87%,33%,65%
(If heard of Project 2025)  The policies proposed as part of Project 2025,Number of respondents,"1,048",553,479,158,266,339,258,708,119,108,84,578,464,397,307,163,148,230,229,354,235,249,448,351,566,439,43,344,266,375
"Do you think the next president should represent a major change from Joe Biden, a minor change, or no change from Joe Biden?",Major change,61%,65%,58%,70%,53%,64%,62%,64%,39%,63%,58%,48%,71%,48%,75%,47%,59%,62%,56%,67%,57%,49%,57%,74%,27%,93%,69%,28%,91%,60%
"Do you think the next president should represent a major change from Joe Biden, a minor change, or no change from Joe Biden?",Minor change,34%,29%,37%,29%,43%,32%,31%,32%,55%,26%,37%,47%,25%,47%,22%,49%,34%,34%,40%,29%,35%,40%,38%,26%,65%,4%,23%,64%,5%,36%
"Do you think the next president should represent a major change from Joe Biden, a minor change, or no change from Joe Biden?",No change,3%,3%,3%,<1%,2%,3%,4%,2%,5%,4%,3%,3%,3%,3%,2%,1%,6%,3%,2%,2%,6%,5%,4%,<1%,5%,<1%,<.5%,6%,2%,1%
"Do you think the next president should represent a major change from Joe Biden, a minor change, or no change from Joe Biden?",[VOL] Don't know/Refused,2%,2%,2%,<1%,1%,1%,3%,2%,1%,6%,1%,2%,1%,2%,1%,2%,1%,1%,1%,3%,2%,6%,2%,0%,2%,1%,7%,2%,2%,2%
"Do you think the next president should represent a major change from Joe Biden, a minor change, or no change from Joe Biden?",Number of respondents,"1,374",712,645,213,333,452,337,922,147,154,118,686,677,463,454,204,211,294,291,478,311,322,580,472,651,664,59,399,418,464
Would you be more likely to describe electing Donald Trump as president this November as a safe choice for the country or a risky choice for the country?,Safe choice,44%,49%,40%,35%,34%,49%,50%,51%,9%,35%,33%,32%,52%,36%,61%,20%,29%,47%,37%,51%,36%,31%,36%,60%,<1%,88%,20%,3%,88%,35%
Would you be more likely to describe electing Donald Trump as president this November as a safe choice for the country or a risky choice for the country?,Risky choice,54%,50%,58%,61%,64%,50%,49%,48%,90%,58%,65%,65%,47%,61%,39%,78%,68%,51%,61%,47%,62%,66%,61%,39%,99%,10%,66%,96%,11%,62%
Would you be more likely to describe electing Donald Trump as president this November as a safe choice for the country or a risky choice for the country?,[VOL] Don’t know/Refused,2%,1%,2%,3%,2%,<1%,1%,1%,1%,7%,2%,2%,1%,2%,<.5%,3%,3%,3%,1%,2%,2%,3%,2%,<1%,<1%,2%,14%,<1%,1%,3%
Would you be more likely to describe electing Donald Trump as president this November as a safe choice for the country or a risky choice for the country?,Number of respondents,"1,374",712,645,213,333,452,337,922,147,154,118,686,677,463,454,204,211,294,291,478,311,322,580,472,651,664,59,399,418,464
Would you be more likely to describe electing Kamala [COMMA-luh] Harris as president this November as a safe choice for the country or a risky choice for the country?,Safe choice,46%,41%,51%,49%,50%,42%,47%,41%,82%,46%,52%,57%,39%,55%,31%,65%,58%,43%,54%,41%,50%,57%,54%,31%,95%,2%,23%,91%,6%,49%
Would you be more likely to describe electing Kamala [COMMA-luh] Harris as president this November as a safe choice for the country or a risky choice for the country?,Risky choice,52%,58%,47%,49%,48%,57%,52%,58%,16%,47%,43%,41%,60%,43%,69%,31%,37%,55%,44%,58%,47%,40%,45%,68%,4%,97%,59%,8%,93%,48%
Would you be more likely to describe electing Kamala [COMMA-luh] Harris as president this November as a safe choice for the country or a risky choice for the country?,[VOL] Don’t know/Refused,2%,1%,3%,2%,3%,2%,<1%,<1%,2%,7%,5%,2%,1%,2%,<.5%,4%,5%,2%,2%,1%,3%,4%,2%,1%,1%,1%,18%,<1%,1%,3%
Would you be more likely to describe electing Kamala [COMMA-luh] Harris as president this November as a safe choice for the country or a risky choice for the country?,Number of respondents,"1,374",712,645,213,333,452,337,922,147,154,118,686,677,463,454,204,211,294,291,478,311,322,580,472,651,664,59,399,418,464
Has Donald Trump ever said anything that you found offensive?,"Yes, recently",43%,37%,47%,39%,49%,38%,45%,41%,57%,40%,49%,59%,32%,56%,29%,66%,39%,41%,50%,37%,47%,53%,50%,28%,78%,9%,34%,77%,12%,43%
Has Donald Trump ever said anything that you found offensive?,"Yes, but not recently",27%,27%,28%,28%,26%,32%,22%,27%,30%,27%,26%,23%,31%,24%,30%,20%,33%,32%,23%,25%,29%,24%,24%,33%,16%,37%,38%,16%,32%,30%
Has Donald Trump ever said anything that you found offensive?,No,29%,34%,25%,33%,24%,29%,31%,31%,11%,32%,25%,18%,36%,19%,40%,13%,27%,26%,26%,36%,23%,22%,23%,39%,4%,53%,25%,4%,55%,25%
Has Donald Trump ever said anything that you found offensive?,[VOL] Don’t know/Refused,1%,2%,<1%,0%,1%,1%,2%,1%,2%,1%,0%,<1%,2%,1%,1%,0%,2%,<1%,1%,2%,<1%,1%,2%,<1%,2%,<1%,3%,2%,<.5%,2%
Has Donald Trump ever said anything that you found offensive?,Number of respondents,"1,374",712,645,213,333,452,337,922,147,154,118,686,677,463,454,204,211,294,291,478,311,322,580,472,651,664,59,399,418,464
"Do you think Donald Trump is too conservative, not conservative enough, or not too far either way?",Too conservative,32%,29%,34%,50%,34%,26%,30%,31%,36%,32%,39%,39%,27%,39%,25%,41%,33%,33%,37%,25%,38%,37%,39%,21%,57%,9%,18%,53%,10%,35%
"Do you think Donald Trump is too conservative, not conservative enough, or not too far either way?",Not conservative enough,10%,13%,8%,7%,10%,11%,11%,9%,16%,9%,14%,11%,10%,10%,9%,13%,13%,12%,11%,10%,9%,8%,11%,11%,10%,11%,11%,10%,11%,10%
"Do you think Donald Trump is too conservative, not conservative enough, or not too far either way?",Not too far either way,49%,50%,49%,40%,48%,56%,47%,52%,34%,49%,43%,42%,55%,42%,59%,40%,45%,47%,43%,56%,47%,47%,40%,62%,21%,76%,60%,23%,74%,48%
"Do you think Donald Trump is too conservative, not conservative enough, or not too far either way?",[VOL] Don’t know/Refused,8%,7%,9%,3%,7%,7%,11%,8%,13%,9%,4%,8%,7%,8%,7%,6%,9%,8%,9%,9%,6%,7%,10%,6%,12%,4%,11%,14%,5%,6%
"Do you think Donald Trump is too conservative, not conservative enough, or not too far either way?",Number of respondents,"1,374",712,645,213,333,452,337,922,147,154,118,686,677,463,454,204,211,294,291,478,311,322,580,472,651,664,59,399,418,464
"Do you think Kamala Harris is too liberal or progressive, not liberal or progressive enough, or not too far either way?",Too liberal or progressive,47%,56%,40%,36%,38%,53%,52%,53%,16%,39%,35%,40%,52%,45%,59%,25%,34%,52%,38%,53%,42%,36%,40%,61%,10%,84%,36%,8%,83%,47%
"Do you think Kamala Harris is too liberal or progressive, not liberal or progressive enough, or not too far either way?",Not liberal or progressive enough,9%,8%,9%,16%,17%,6%,4%,8%,9%,10%,16%,11%,7%,9%,7%,16%,9%,8%,8%,9%,10%,13%,10%,5%,14%,3%,10%,14%,2%,10%
"Do you think Kamala Harris is too liberal or progressive, not liberal or progressive enough, or not too far either way?",Not too far either way,41%,35%,46%,44%,43%,39%,39%,36%,70%,43%,44%,47%,36%,45%,31%,56%,52%,39%,50%,35%,43%,46%,46%,31%,74%,10%,36%,75%,11%,39%
"Do you think Kamala Harris is too liberal or progressive, not liberal or progressive enough, or not too far either way?",[VOL] Don’t know/Refused,4%,2%,5%,4%,3%,2%,5%,3%,5%,8%,5%,2%,4%,2%,4%,3%,6%,<1%,4%,4%,5%,5%,3%,3%,3%,3%,18%,3%,3%,4%
"Do you think Kamala Harris is too liberal or progressive, not liberal or progressive enough, or not too far either way?",Number of respondents,"1,374",712,645,213,333,452,337,922,147,154,118,686,677,463,454,204,211,294,291,478,311,322,580,472,651,664,59,399,418,464
"If Donald Trump wins in November, which would come closer to your view, even if neither was exactly right?",Donald Trump will try to pass a law restricting access to legal abortions nationwide,49%,39%,58%,70%,52%,40%,49%,46%,70%,52%,51%,55%,45%,52%,41%,66%,54%,47%,54%,48%,49%,56%,55%,39%,79%,22%,40%,78%,27%,45%
"If Donald Trump wins in November, which would come closer to your view, even if neither was exactly right?",Donald Trump will NOT try to pass a law restricting access to legal abortions nationwide,43%,55%,34%,28%,41%,54%,41%,47%,22%,34%,41%,39%,47%,42%,52%,29%,35%,41%,40%,46%,44%,37%,38%,53%,16%,70%,43%,16%,64%,48%
"If Donald Trump wins in November, which would come closer to your view, even if neither was exactly right?",[VOL] Don’t know/Refused,7%,7%,8%,3%,7%,6%,9%,7%,8%,13%,8%,6%,8%,6%,7%,5%,11%,12%,6%,6%,7%,7%,7%,8%,5%,8%,17%,6%,9%,7%
"If Donald Trump wins in November, which would come closer to your view, even if neither was exactly right?",Number of respondents,"1,374",712,645,213,333,452,337,922,147,154,118,686,677,463,454,204,211,294,291,478,311,322,580,472,651,664,59,399,418,464
"(If heard of Project 2025)  Thinking about Project 2025, do you expect Donald Trump to try to enact most of the policies, just some of them, or do you think he will not try to enact any of the policies outlined in Project 2025?",Will try to enact most of the policies,41%,34%,47%,39%,40%,38%,45%,37%,63%,50%,39%,43%,40%,41%,35%,50%,53%,38%,44%,38%,46%,44%,47%,32%,66%,11%,16%,67%,15%,34%
"(If heard of Project 2025)  Thinking about Project 2025, do you expect Donald Trump to try to enact most of the policies, just some of them, or do you think he will not try to enact any of the policies outlined in Project 2025?",Will try to enact some of the policies,30%,31%,29%,47%,38%,25%,23%,31%,19%,28%,40%,34%,27%,35%,28%,31%,25%,27%,30%,31%,31%,34%,31%,26%,27%,31%,50%,25%,31%,34%
"(If heard of Project 2025)  Thinking about Project 2025, do you expect Donald Trump to try to enact most of the policies, just some of them, or do you think he will not try to enact any of the policies outlined in Project 2025?",Will not try to enact any of the policies,15%,18%,11%,8%,11%,20%,14%,16%,9%,13%,9%,13%,17%,13%,19%,10%,10%,18%,13%,15%,12%,11%,12%,20%,3%,31%,11%,3%,27%,17%
"(If heard of Project 2025)  Thinking about Project 2025, do you expect Donald Trump to try to enact most of the policies, just some of them, or do you think he will not try to enact any of the policies outlined in Project 2025?",[VOL] Don’t know/Refused,15%,16%,13%,6%,10%,17%,18%,16%,9%,10%,12%,11%,17%,11%,18%,9%,11%,18%,13%,16%,11%,11%,10%,22%,4%,27%,23%,5%,27%,14%
"(If heard of Project 2025)  Thinking about Project 2025, do you expect Donald Trump to try to enact most of the policies, just some of them, or do you think he will not try to enact any of the policies outlined in Project 2025?",Number of respondents,"1,048",553,479,158,266,339,258,708,119,108,84,578,464,397,307,163,148,230,229,354,235,249,448,351,566,439,43,344,266,375
"How much blame, if any, do you think Kamala Harris as sitting vice president should receive for each of the following?",A lot of blame,26%,29%,24%,15%,17%,33%,31%,30%,7%,19%,23%,19%,32%,21%,37%,13%,19%,26%,25%,30%,23%,20%,19%,39%,2%,50%,25%,3%,53%,20%
"How much blame, if any, do you think Kamala Harris as sitting vice president should receive for each of the following?",Some blame,28%,27%,28%,48%,32%,25%,19%,28%,18%,28%,33%,26%,29%,25%,30%,26%,26%,31%,22%,27%,30%,23%,27%,31%,18%,36%,32%,17%,33%,34%
"How much blame, if any, do you think Kamala Harris as sitting vice president should receive for each of the following?",Not too much blame,13%,11%,14%,13%,19%,8%,13%,12%,16%,15%,10%,16%,10%,15%,10%,19%,11%,13%,14%,12%,12%,16%,15%,8%,20%,6%,14%,20%,5%,13%
"How much blame, if any, do you think Kamala Harris as sitting vice president should receive for each of the following?",No blame at all,26%,25%,27%,17%,27%,28%,26%,23%,51%,25%,24%,35%,20%,36%,15%,35%,33%,22%,33%,25%,26%,32%,32%,16%,50%,4%,17%,51%,6%,25%
"How much blame, if any, do you think Kamala Harris as sitting vice president should receive for each of the following?",This is not an issue,6%,7%,5%,5%,4%,5%,8%,5%,6%,5%,10%,4%,7%,3%,7%,6%,8%,5%,6%,4%,7%,5%,6%,6%,10%,2%,4%,8%,2%,7%
"How much blame, if any, do you think Kamala Harris as sitting vice president should receive for each of the following?",[VOL] Don’t know/Refused,2%,<1%,2%,2%,<1%,<1%,3%,<1%,1%,8%,<.5%,<1%,2%,<1%,1%,<.5%,3%,2%,0%,2%,2%,4%,<1%,<1%,<1%,2%,8%,1%,2%,<1%
"How much blame, if any, do you think Kamala Harris as sitting vice president should receive for each of the following?",NET A lot or some of the blame,54%,57%,52%,63%,49%,58%,50%,58%,25%,47%,56%,44%,61%,46%,68%,40%,45%,58%,47%,57%,53%,43%,46%,70%,20%,87%,57%,20%,85%,54%
"How much blame, if any, do you think Kamala Harris as sitting vice president should receive for each of the following?",NET Not much or no blame,39%,36%,40%,30%,47%,36%,39%,36%,67%,40%,35%,51%,30%,50%,25%,55%,44%,35%,47%,37%,38%,48%,47%,24%,69%,10%,31%,71%,10%,38%
"How much blame, if any, do you think Kamala Harris as sitting vice president should receive for each of the following?",Number of respondents,"1,374",712,645,213,333,452,337,922,147,154,118,686,677,463,454,204,211,294,291,478,311,322,580,472,651,664,59,399,418,464
Problems at the border,A lot of blame,39%,45%,35%,22%,31%,46%,45%,47%,11%,25%,25%,33%,44%,36%,55%,22%,19%,42%,34%,45%,33%,29%,32%,54%,4%,75%,30%,4%,75%,36%
Problems at the border,Some blame,24%,20%,27%,38%,29%,22%,18%,22%,34%,28%,26%,26%,23%,26%,19%,26%,32%,23%,25%,22%,27%,25%,26%,21%,30%,17%,30%,28%,15%,27%
Problems at the border,Not too much blame,12%,11%,13%,16%,16%,10%,10%,13%,12%,9%,17%,16%,10%,16%,10%,17%,10%,12%,16%,11%,13%,16%,15%,8%,23%,3%,9%,22%,4%,12%
Problems at the border,No blame at all,16%,16%,16%,10%,14%,16%,19%,13%,36%,15%,22%,18%,14%,16%,10%,24%,25%,14%,15%,17%,16%,17%,19%,11%,31%,2%,11%,32%,2%,16%
Problems at the border,This is not an issue,7%,7%,6%,11%,9%,5%,6%,5%,6%,15%,10%,6%,7%,5%,6%,10%,10%,7%,9%,4%,9%,9%,8%,5%,12%,2%,11%,12%,2%,7%
Problems at the border,[VOL] Don’t know/Refused,2%,<1%,3%,3%,1%,<1%,2%,<1%,2%,8%,2%,1%,1%,1%,<.5%,1%,3%,2%,<.5%,2%,3%,5%,<1%,<1%,1%,1%,8%,2%,2%,1%
Problems at the border,NET A lot or some of the blame,63%,65%,62%,60%,60%,68%,63%,69%,45%,52%,50%,59%,67%,62%,73%,48%,51%,65%,59%,67%,60%,54%,58%,75%,34%,92%,60%,32%,91%,63%
Problems at the border,NET Not much or no blame,28%,27%,29%,26%,30%,26%,29%,25%,48%,24%,39%,34%,24%,32%,20%,40%,35%,26%,31%,28%,29%,33%,34%,19%,53%,5%,20%,54%,6%,29%
Problems at the border,Number of respondents,"1,374",712,645,213,333,452,337,922,147,154,118,686,677,463,454,204,211,294,291,478,311,322,580,472,651,664,59,399,418,464
Problems during the U.S. withdrawal from Afghanistan,A lot of blame,24%,27%,22%,11%,16%,30%,30%,29%,5%,17%,18%,18%,29%,20%,35%,12%,14%,24%,21%,29%,21%,18%,18%,36%,1%,48%,10%,2%,52%,18%
Problems during the U.S. withdrawal from Afghanistan,Some blame,25%,25%,25%,45%,27%,24%,19%,26%,25%,24%,23%,23%,27%,25%,27%,21%,27%,27%,24%,24%,27%,22%,25%,27%,20%,30%,23%,20%,27%,27%
Problems during the U.S. withdrawal from Afghanistan,Not too much blame,13%,11%,15%,16%,19%,11%,11%,14%,15%,14%,10%,18%,10%,17%,10%,17%,11%,11%,13%,14%,14%,16%,16%,9%,19%,8%,17%,19%,7%,15%
Problems during the U.S. withdrawal from Afghanistan,No blame at all,24%,26%,22%,13%,29%,25%,22%,21%,37%,24%,31%,29%,20%,29%,16%,32%,31%,25%,25%,22%,24%,32%,24%,18%,42%,7%,22%,41%,6%,27%
Problems during the U.S. withdrawal from Afghanistan,This is not an issue,9%,9%,9%,10%,7%,8%,11%,8%,16%,7%,13%,9%,10%,6%,9%,15%,11%,6%,13%,8%,10%,7%,12%,7%,15%,3%,16%,14%,3%,10%
Problems during the U.S. withdrawal from Afghanistan,[VOL] Don’t know/Refused,4%,2%,7%,5%,2%,2%,7%,3%,2%,14%,4%,3%,5%,3%,3%,3%,7%,7%,3%,4%,4%,6%,5%,3%,4%,4%,12%,4%,4%,4%
Problems during the U.S. withdrawal from Afghanistan,NET A lot or some of the blame,50%,52%,48%,56%,43%,54%,48%,54%,30%,41%,41%,41%,56%,44%,62%,34%,41%,51%,46%,52%,48%,39%,43%,63%,21%,79%,33%,22%,79%,45%
Problems during the U.S. withdrawal from Afghanistan,NET Not much or no blame,37%,37%,37%,29%,48%,36%,33%,35%,52%,38%,41%,47%,30%,46%,26%,49%,41%,36%,39%,36%,39%,48%,40%,27%,61%,14%,39%,60%,14%,41%
Problems during the U.S. withdrawal from Afghanistan,Number of respondents,"1,374",712,645,213,333,452,337,922,147,154,118,686,677,463,454,204,211,294,291,478,311,322,580,472,651,664,59,399,418,464
What single news source do you turn to most often?,[VOL] Fox News,13%,13%,12%,9%,4%,13%,20%,16%,5%,3%,1%,8%,16%,10%,20%,3%,4%,15%,12%,16%,6%,9%,10%,17%,2%,24%,2%,2%,27%,9%
What single news source do you turn to most often?,[VOL] CNN,9%,10%,9%,8%,9%,10%,9%,8%,20%,9%,7%,12%,8%,10%,7%,16%,11%,8%,14%,10%,7%,9%,11%,8%,15%,5%,<1%,18%,4%,8%
What single news source do you turn to most often?,[VOL] MSNBC,3%,2%,4%,0%,2%,3%,5%,3%,4%,2%,2%,4%,3%,4%,3%,4%,2%,2%,5%,3%,2%,2%,4%,2%,6%,<.5%,0%,7%,<1%,2%
What single news source do you turn to most often?,[VOL] Public Radio/NPR/PBS,4%,2%,5%,3%,7%,4%,4%,5%,2%,3%,<1%,7%,2%,8%,3%,5%,<.5%,5%,4%,4%,4%,7%,4%,3%,8%,1%,<1%,7%,1%,4%
What single news source do you turn to most often?,[VOL] Talk radio/conservative personality,2%,2%,1%,1%,2%,2%,2%,2%,0%,<1%,<.5%,<1%,2%,<1%,3%,<.5%,<.5%,3%,<.5%,1%,2%,<1%,1%,2%,<.5%,3%,2%,<.5%,2%,2%
What single news source do you turn to most often?,"[VOL] National television networks, like CBS, NBC or ABC",11%,11%,12%,8%,4%,12%,16%,10%,11%,19%,12%,10%,12%,11%,10%,8%,17%,14%,8%,10%,14%,12%,11%,11%,13%,9%,16%,14%,11%,9%
What single news source do you turn to most often?,"[VOL] Local broadcast news (includes non-talk, non-public local radio)",5%,4%,7%,2%,4%,6%,8%,4%,13%,6%,7%,2%,8%,<1%,7%,3%,13%,6%,7%,5%,5%,7%,6%,4%,7%,5%,3%,7%,4%,5%
What single news source do you turn to most often?,"[VOL] National print or online news organizations, like The New York Times or The Wall Street Journal",7%,8%,6%,6%,9%,6%,7%,7%,6%,5%,12%,13%,2%,14%,2%,13%,4%,4%,12%,4%,8%,10%,8%,3%,11%,2%,9%,11%,2%,8%
What single news source do you turn to most often?,[VOL] Local print or online news organizations,<.5%,<1%,<.5%,0%,<.5%,<.5%,<.5%,<1%,0%,0%,0%,<1%,<.5%,1%,<.5%,0%,0%,<.5%,<1%,<.5%,0%,0%,<1%,<.5%,<1%,<.5%,0%,0%,0%,1%
What single news source do you turn to most often?,[VOL] Social media,17%,17%,16%,34%,26%,16%,5%,16%,17%,19%,25%,13%,20%,12%,18%,17%,23%,15%,16%,16%,19%,17%,17%,16%,14%,19%,22%,12%,17%,20%
What single news source do you turn to most often?,[VOL] Friends and family,<.5%,<.5%,<1%,<1%,<.5%,<.5%,<1%,<.5%,<.5%,<.5%,<.5%,<.5%,<1%,0%,<.5%,<.5%,<.5%,<.5%,1%,<.5%,<.5%,<.5%,<.5%,<1%,<.5%,<1%,0%,<1%,<.5%,<.5%
What single news source do you turn to most often?,"[VOL] International news sources (such as the BBC, Al Jazeera and The Guardian)",2%,2%,2%,1%,3%,3%,1%,2%,2%,3%,4%,4%,<1%,3%,<1%,5%,1%,1%,<1%,2%,3%,1%,3%,2%,3%,1%,3%,3%,1%,2%
What single news source do you turn to most often?,"[VOL] Aggregation sites (such as Bing, Google, Yahoo News or Apple News)",5%,5%,5%,8%,7%,4%,3%,5%,4%,3%,5%,6%,4%,6%,5%,4%,4%,6%,4%,5%,4%,4%,4%,6%,5%,5%,6%,4%,5%,7%
What single news source do you turn to most often?,[VOL] Conservative news sites,2%,3%,1%,4%,3%,2%,2%,3%,<1%,1%,2%,3%,2%,2%,3%,3%,<.5%,2%,2%,3%,2%,2%,2%,3%,<.5%,5%,0%,0%,4%,2%
What single news source do you turn to most often?,[VOL] Newsmax,3%,3%,3%,0%,<1%,4%,4%,3%,0%,3%,3%,2%,4%,2%,4%,<.5%,3%,4%,2%,3%,4%,<1%,3%,4%,0%,6%,0%,0%,6%,2%
What single news source do you turn to most often?,[VOL] Liberal news sites (Such as Mother Jones and Occupy Democrats),1%,1%,<1%,0%,2%,1%,1%,<1%,0%,3%,4%,1%,1%,<1%,<1%,3%,2%,<1%,<.5%,<1%,3%,2%,<1%,1%,2%,<.5%,5%,2%,<.5%,1%
What single news source do you turn to most often?,[VOL] Doesn’t consume news,2%,3%,2%,6%,2%,2%,2%,2%,3%,5%,3%,2%,3%,1%,2%,3%,5%,1%,<1%,3%,4%,2%,2%,3%,2%,3%,2%,1%,4%,2%
What single news source do you turn to most often?,[VOL] Other (includes no preference and the internet),9%,10%,10%,6%,12%,10%,8%,10%,10%,7%,11%,11%,9%,11%,9%,12%,8%,9%,9%,11%,8%,11%,9%,9%,8%,10%,19%,7%,10%,12%
What single news source do you turn to most often?,[VOL] Don't know/Refused,3%,2%,4%,2%,3%,2%,3%,2%,<.5%,8%,2%,2%,3%,2%,3%,2%,3%,3%,3%,2%,4%,5%,2%,2%,3%,2%,9%,4%,1%,3%
What single news source do you turn to most often?,Number of respondents,"1,374",712,645,213,333,452,337,922,147,154,118,686,677,463,454,204,211,294,291,478,311,322,580,472,651,664,59,399,418,464
"How often, if ever, do you use social media, such as Facebook, Instagram, TikTok or others?",Often,52%,46%,57%,74%,68%,52%,34%,51%,57%,59%,55%,53%,52%,50%,52%,62%,55%,57%,44%,54%,53%,55%,54%,48%,55%,49%,54%,55%,49%,53%
"How often, if ever, do you use social media, such as Facebook, Instagram, TikTok or others?",Sometimes,19%,19%,20%,12%,16%,22%,21%,20%,23%,19%,13%,17%,20%,19%,20%,13%,21%,18%,25%,19%,18%,15%,20%,21%,19%,20%,15%,19%,21%,20%
"How often, if ever, do you use social media, such as Facebook, Instagram, TikTok or others?",Rarely,12%,14%,11%,7%,9%,13%,15%,13%,8%,13%,13%,14%,12%,14%,12%,13%,10%,12%,10%,11%,17%,14%,10%,14%,11%,13%,20%,11%,13%,11%
"How often, if ever, do you use social media, such as Facebook, Instagram, TikTok or others?",Never,15%,20%,12%,7%,6%,12%,28%,16%,13%,8%,14%,15%,15%,16%,16%,11%,11%,13%,21%,16%,11%,16%,15%,15%,15%,16%,11%,15%,16%,16%
"How often, if ever, do you use social media, such as Facebook, Instagram, TikTok or others?",[VOL] Don't know/Refused,<1%,<1%,<.5%,0%,0%,1%,1%,<.5%,0%,<.5%,5%,<.5%,<1%,<.5%,<.5%,<1%,2%,1%,0%,<1%,<1%,0%,<.5%,2%,<.5%,1%,<1%,<.5%,1%,<1%
"(If social media user)  How often, if ever, do you use TikTok?",Often,17%,11%,23%,47%,23%,15%,4%,14%,23%,27%,25%,15%,19%,12%,16%,24%,26%,17%,11%,17%,23%,21%,18%,15%,19%,15%,21%,18%,14%,21%
"(If social media user)  How often, if ever, do you use TikTok?",Sometimes,9%,10%,8%,7%,12%,10%,7%,8%,12%,12%,10%,8%,10%,8%,9%,8%,14%,9%,7%,11%,9%,12%,7%,10%,9%,9%,16%,9%,8%,10%
"(If social media user)  How often, if ever, do you use TikTok?",Rarely,12%,11%,12%,14%,17%,13%,7%,12%,15%,15%,11%,14%,11%,12%,12%,19%,10%,12%,13%,12%,11%,10%,13%,12%,13%,12%,7%,13%,12%,10%
"(If social media user)  How often, if ever, do you use TikTok?",Never,45%,47%,44%,24%,42%,48%,53%,50%,37%,38%,34%,48%,43%,52%,47%,36%,36%,48%,47%,44%,44%,42%,47%,46%,44%,47%,44%,46%,49%,43%
"(If social media user)  How often, if ever, do you use TikTok?",[VOL] Don't know/Refused,<.5%,<.5%,0%,0%,<.5%,0%,0%,<.5%,0%,0%,0%,0%,<.5%,0%,<.5%,0%,0%,0%,0%,<.5%,0%,<.5%,0%,0%,0%,<.5%,0%,0%,<.5%,0%
"(If social media user)  How often, if ever, do you use TikTok?",[PREVIOUSLY] Never use social media,15%,20%,12%,7%,6%,12%,28%,16%,13%,8%,14%,15%,15%,16%,16%,11%,11%,13%,21%,16%,11%,16%,15%,15%,15%,16%,11%,15%,16%,16%
"(If social media user)  How often, if ever, do you use TikTok?",[PREVIOUSLY] Don't know/Refused,<1%,<1%,<.5%,0%,0%,1%,1%,<.5%,0%,<.5%,5%,<.5%,<1%,<.5%,<.5%,<1%,2%,1%,0%,<1%,<1%,0%,<.5%,2%,<.5%,1%,<1%,<.5%,1%,<1%
And just a few more questions for demographic purposes...,Very liberal,11%,9%,12%,17%,22%,5%,7%,11%,7%,14%,11%,14%,8%,14%,9%,15%,8%,13%,13%,7%,12%,15%,12%,7%,22%,<.5%,3%,25%,<.5%,7%
And just a few more questions for demographic purposes...,Somewhat liberal,13%,9%,16%,12%,14%,12%,12%,12%,17%,10%,15%,16%,10%,16%,9%,16%,13%,12%,13%,12%,15%,14%,16%,9%,24%,3%,9%,28%,2%,11%
And just a few more questions for demographic purposes...,Moderate,37%,38%,36%,36%,41%,39%,31%,34%,50%,35%,42%,41%,33%,39%,31%,46%,41%,32%,40%,37%,38%,39%,39%,32%,43%,28%,60%,35%,20%,56%
And just a few more questions for demographic purposes...,Somewhat conservative,18%,21%,16%,20%,16%,22%,16%,19%,17%,16%,13%,16%,20%,17%,22%,13%,18%,18%,19%,20%,15%,11%,16%,25%,7%,30%,12%,8%,29%,15%
And just a few more questions for demographic purposes...,Very conservative,20%,23%,18%,13%,8%,21%,30%,22%,6%,25%,14%,12%,26%,14%,28%,5%,19%,23%,12%,24%,19%,19%,16%,26%,3%,38%,9%,3%,47%,8%
And just a few more questions for demographic purposes...,[VOL] Don't know/Refused,2%,1%,2%,2%,<1%,1%,3%,1%,3%,<1%,4%,1%,2%,<.5%,2%,4%,2%,2%,2%,<1%,2%,1%,2%,2%,<1%,2%,8%,<1%,1%,2%
And just a few more questions for demographic purposes...,Number of respondents,"1,374",712,645,213,333,452,337,922,147,154,118,686,677,463,454,204,211,294,291,478,311,322,580,472,651,664,59,399,418,464
Which of the following general income categories is your total household income before taxes?,"Under $25,000",8%,7%,9%,15%,5%,7%,9%,7%,12%,13%,9%,2%,13%,2%,10%,2%,18%,8%,7%,8%,9%,12%,7%,8%,8%,8%,8%,8%,7%,8%
Which of the following general income categories is your total household income before taxes?,"At least $25,000 but under $50,000",14%,11%,17%,22%,9%,11%,19%,15%,16%,18%,7%,8%,19%,8%,20%,9%,16%,15%,14%,14%,14%,13%,13%,16%,14%,14%,18%,16%,13%,15%
Which of the following general income categories is your total household income before taxes?,"At least $50,000 but under $100,000",27%,27%,29%,26%,28%,22%,33%,27%,36%,24%,23%,24%,30%,24%,29%,22%,33%,31%,23%,30%,24%,24%,29%,28%,30%,26%,18%,29%,26%,27%
Which of the following general income categories is your total household income before taxes?,"At least $100,000 but under $200,000",27%,32%,23%,19%,36%,33%,18%,28%,24%,22%,33%,37%,21%,37%,23%,41%,17%,23%,28%,28%,30%,29%,27%,27%,26%,28%,36%,26%,29%,27%
Which of the following general income categories is your total household income before taxes?,"$200,000 or more",15%,17%,13%,8%,18%,20%,8%,15%,11%,13%,22%,24%,8%,24%,8%,24%,9%,11%,19%,14%,14%,12%,18%,13%,16%,13%,9%,15%,14%,16%
Which of the following general income categories is your total household income before taxes?,[VOL] Refused,8%,7%,9%,10%,3%,6%,12%,8%,2%,9%,5%,5%,9%,5%,10%,2%,7%,10%,8%,6%,9%,10%,7%,8%,5%,10%,11%,6%,11%,6%
Which of the following general income categories is your total household income before taxes?,Number of respondents,"1,374",712,645,213,333,452,337,922,147,154,118,686,677,463,454,204,211,294,291,478,311,322,580,472,651,664,59,399,418,464
"Do you consider yourself Catholic, Protestant, Mormon, Jewish, Muslim, some other religion, or do you have no religious affiliation?",Catholic,21%,20%,23%,19%,13%,21%,28%,21%,12%,37%,15%,21%,21%,21%,21%,20%,21%,21%,33%,16%,19%,21%,26%,16%,20%,22%,18%,25%,23%,17%
"Do you consider yourself Catholic, Protestant, Mormon, Jewish, Muslim, some other religion, or do you have no religious affiliation?",Protestant (Christian),27%,24%,29%,19%,22%,25%,34%,29%,27%,22%,17%,27%,26%,30%,28%,22%,23%,29%,18%,34%,22%,25%,24%,31%,20%,34%,21%,18%,38%,23%
"Do you consider yourself Catholic, Protestant, Mormon, Jewish, Muslim, some other religion, or do you have no religious affiliation?",Mormon (LDS),2%,2%,2%,3%,2%,2%,3%,3%,0%,2%,0%,2%,3%,2%,3%,0%,1%,1%,1%,<1%,6%,2%,3%,2%,2%,3%,<1%,1%,3%,3%
"Do you consider yourself Catholic, Protestant, Mormon, Jewish, Muslim, some other religion, or do you have no religious affiliation?",Jewish,2%,2%,2%,1%,2%,2%,2%,2%,<.5%,0%,2%,4%,<.5%,5%,<.5%,2%,0%,<1%,5%,<.5%,2%,2%,3%,<.5%,3%,1%,0%,3%,1%,2%
"Do you consider yourself Catholic, Protestant, Mormon, Jewish, Muslim, some other religion, or do you have no religious affiliation?",Muslim,1%,<1%,1%,<.5%,2%,2%,<.5%,<.5%,3%,0%,8%,1%,<1%,0%,<.5%,5%,3%,<1%,2%,1%,<1%,<1%,2%,<.5%,<1%,<1%,6%,1%,<1%,<1%
"Do you consider yourself Catholic, Protestant, Mormon, Jewish, Muslim, some other religion, or do you have no religious affiliation?","[VOL] Christian (includes Baptist, Lutheran, Episcopalian, Methodist, Adventist, Presbyterian)",12%,14%,11%,11%,10%,18%,10%,11%,29%,4%,12%,9%,15%,7%,14%,13%,17%,13%,6%,17%,11%,11%,10%,16%,8%,18%,<1%,10%,18%,9%
"Do you consider yourself Catholic, Protestant, Mormon, Jewish, Muslim, some other religion, or do you have no religious affiliation?",[VOL] Greek/Russian Orthodox,<.5%,<.5%,<.5%,<.5%,0%,<.5%,0%,<.5%,0%,0%,<1%,<.5%,0%,<.5%,0%,<1%,0%,<.5%,<1%,<.5%,0%,0%,<.5%,<.5%,<.5%,<.5%,0%,<.5%,<.5%,<.5%
"Do you consider yourself Catholic, Protestant, Mormon, Jewish, Muslim, some other religion, or do you have no religious affiliation?",Some other religion (specify),2%,1%,2%,1%,3%,2%,<1%,1%,2%,<1%,6%,2%,1%,1%,<1%,4%,2%,1%,2%,2%,2%,3%,1%,1%,3%,<1%,0%,3%,<.5%,2%
"Do you consider yourself Catholic, Protestant, Mormon, Jewish, Muslim, some other religion, or do you have no religious affiliation?",No religious affiliation,30%,31%,28%,44%,44%,26%,19%,30%,25%,32%,32%,32%,29%,32%,30%,32%,29%,30%,32%,27%,33%,34%,29%,29%,40%,19%,40%,36%,14%,40%
"Do you consider yourself Catholic, Protestant, Mormon, Jewish, Muslim, some other religion, or do you have no religious affiliation?",[VOL] Don't know/Refused,3%,3%,1%,<1%,3%,2%,2%,2%,1%,1%,8%,2%,3%,2%,2%,2%,4%,3%,1%,2%,4%,2%,1%,4%,2%,2%,13%,2%,2%,4%
"Do you consider yourself Catholic, Protestant, Mormon, Jewish, Muslim, some other religion, or do you have no religious affiliation?",Number of respondents,"1,374",712,645,213,333,452,337,922,147,154,118,686,677,463,454,204,211,294,291,478,311,322,580,472,651,664,59,399,418,464
"(If Protestant, Christian, Mormon, Greek/Russian Orthodox or some other religion)  Do you consider yourself an evangelical or born-again Christian?",Yes,26%,26%,26%,18%,18%,30%,30%,26%,28%,20%,20%,20%,30%,23%,29%,16%,28%,26%,14%,34%,21%,21%,21%,33%,15%,37%,13%,14%,42%,21%
"(If Protestant, Christian, Mormon, Greek/Russian Orthodox or some other religion)  Do you consider yourself an evangelical or born-again Christian?",No,18%,17%,19%,16%,21%,16%,19%,18%,30%,9%,15%,21%,16%,19%,16%,24%,15%,17%,15%,20%,19%,20%,17%,18%,20%,17%,11%,20%,17%,17%
"(If Protestant, Christian, Mormon, Greek/Russian Orthodox or some other religion)  Do you consider yourself an evangelical or born-again Christian?","[PREVIOUSLY] Catholic, Jewish, Muslim, no religious affiliation or refused",55%,56%,54%,65%,61%,51%,50%,54%,42%,69%,63%,58%,53%,58%,52%,59%,56%,55%,71%,44%,57%,58%,60%,48%,64%,44%,75%,66%,40%,60%
"(If Protestant, Christian, Mormon, Greek/Russian Orthodox or some other religion)  Do you consider yourself an evangelical or born-again Christian?",[VOL] Refused,1%,2%,1%,1%,<1%,2%,<1%,2%,0%,1%,3%,<1%,2%,<1%,2%,1%,1%,2%,0%,1%,2%,2%,2%,<1%,<1%,2%,0%,<.5%,2%,2%
"(If Protestant, Christian, Mormon, Greek/Russian Orthodox or some other religion)  Do you consider yourself an evangelical or born-again Christian?",Number of respondents,"1,374",712,645,213,333,452,337,922,147,154,118,686,677,463,454,204,211,294,291,478,311,322,580,472,651,664,59,399,418,464
Would you be open to commenting on the issues in this survey and be interested in being contacted by a reporter?,Yes,33%,40%,28%,34%,37%,36%,29%,31%,39%,33%,44%,35%,33%,34%,30%,38%,40%,33%,32%,37%,30%,31%,37%,31%,33%,34%,34%,32%,34%,37%
Would you be open to commenting on the issues in this survey and be interested in being contacted by a reporter?,No,67%,60%,72%,66%,63%,64%,71%,69%,61%,67%,56%,65%,67%,66%,70%,62%,60%,67%,68%,63%,70%,69%,63%,69%,67%,66%,66%,68%,66%,63%
Would you be open to commenting on the issues in this survey and be interested in being contacted by a reporter?,Number of respondents,"1,374",712,645,213,333,452,337,922,147,154,118,686,677,463,454,204,211,294,291,478,311,322,580,472,651,664,59,399,418,464
