itm,v1,n_y_c_likely_electorate_n_y_c_likely_electorate,gender_men,gender_women,age_18_29,age_30_44,age_45_64,age_65,race_ethnicity_white,race_ethnicity_black,race_ethnicity_hispanic,race_ethnicity_oth,race_ethnicity_white_2,race_ethnicity_non_white,education_b_a,education_no_b_a,borough_bronx,borough_bklyn,borough_manh,borough_queens,borough_staten_island,x2024_vote_head_to_head_harris,x2024_vote_head_to_head_trump,x2024_vote_head_to_head_oth,party_id_dem,party_id_rep,party_id_ind,party_reg_dem,party_reg_rep,party_reg_oth,x2020_vote_biden
"Do you think New York City is on the right track, or is it headed in the wrong direction?",Right track,36%,40%,33%,34%,30%,35%,38%,29%,48%,33%,38%,29%,40%,36%,36%,38%,34%,42%,38%,19%,48%,12%,17%,48%,14%,23%,42%,13%,27%,45%
"Do you think New York City is on the right track, or is it headed in the wrong direction?",Wrong direction,51%,49%,51%,51%,58%,51%,47%,60%,36%,53%,47%,60%,45%,50%,51%,49%,54%,47%,47%,64%,37%,84%,50%,38%,82%,63%,42%,83%,63%,42%
"Do you think New York City is on the right track, or is it headed in the wrong direction?",[VOL] Don't know/Refused,13%,11%,15%,15%,12%,13%,14%,11%,15%,14%,15%,11%,15%,13%,14%,13%,12%,12%,16%,17%,15%,5%,33%,14%,4%,13%,16%,5%,10%,13%
"Do you think New York City is on the right track, or is it headed in the wrong direction?",Number of respondents,853,389,449,145,254,257,151,308,197,176,128,308,501,454,386,133,270,174,220,56,543,241,69,449,107,217,554,91,208,493
"Thinking ahead to the presidential general election, are you almost certain that you will vote, very likely to vote, somewhat likely to vote, not very likely to vote or not at all likely to vote?",Almost certain,63%,63%,61%,57%,61%,64%,64%,70%,62%,52%,57%,70%,57%,71%,54%,62%,64%,67%,59%,56%,66%,56%,52%,65%,55%,60%,64%,59%,60%,67%
"Thinking ahead to the presidential general election, are you almost certain that you will vote, very likely to vote, somewhat likely to vote, not very likely to vote or not at all likely to vote?",Very likely,27%,25%,29%,32%,28%,27%,26%,20%,28%,37%,35%,20%,33%,22%,33%,28%,25%,26%,28%,34%,26%,32%,22%,26%,38%,27%,26%,35%,29%,26%
"Thinking ahead to the presidential general election, are you almost certain that you will vote, very likely to vote, somewhat likely to vote, not very likely to vote or not at all likely to vote?",Somewhat likely,5%,4%,5%,4%,6%,6%,2%,3%,6%,5%,4%,3%,5%,3%,6%,7%,4%,1%,7%,<1%,3%,7%,11%,4%,3%,5%,5%,<1%,6%,3%
"Thinking ahead to the presidential general election, are you almost certain that you will vote, very likely to vote, somewhat likely to vote, not very likely to vote or not at all likely to vote?",Not very likely,1%,2%,<1%,3%,2%,<1%,<.5%,<1%,1%,2%,2%,<1%,2%,<1%,2%,2%,2%,<1%,1%,2%,<1%,2%,2%,<1%,<.5%,2%,<1%,2%,2%,<1%
"Thinking ahead to the presidential general election, are you almost certain that you will vote, very likely to vote, somewhat likely to vote, not very likely to vote or not at all likely to vote?",Not at all likely,2%,3%,1%,2%,2%,3%,2%,2%,2%,2%,<1%,2%,2%,<1%,3%,2%,3%,<1%,1%,7%,1%,2%,9%,2%,<1%,3%,2%,1%,1%,1%
"Thinking ahead to the presidential general election, are you almost certain that you will vote, very likely to vote, somewhat likely to vote, not very likely to vote or not at all likely to vote?",[VOL] Already voted,2%,1%,2%,<1%,2%,0%,4%,3%,0%,1%,<1%,3%,<1%,2%,1%,0%,<1%,4%,2%,0%,2%,<.5%,2%,2%,<1%,2%,2%,<1%,1%,2%
"Thinking ahead to the presidential general election, are you almost certain that you will vote, very likely to vote, somewhat likely to vote, not very likely to vote or not at all likely to vote?",[VOL] Don't know/Refused,<1%,1%,<.5%,1%,<.5%,<1%,1%,<.5%,1%,1%,0%,<.5%,<1%,<1%,<1%,0%,<1%,1%,<1%,1%,<1%,<1%,2%,<1%,2%,0%,<1%,<1%,<.5%,<.5%
"(Combined presidential ballot, includes leaners to major-party candidates) If the 2024 presidential election were held today, who would you vote for if the candidates were:","Kamala [COMMA-luh] Harris, the Democrat",66%,59%,71%,70%,67%,63%,69%,61%,85%,60%,61%,61%,71%,76%,57%,71%,68%,77%,58%,41%,100%,0%,0%,91%,6%,48%,80%,10%,46%,90%
"(Combined presidential ballot, includes leaners to major-party candidates) If the 2024 presidential election were held today, who would you vote for if the candidates were:","Donald Trump, the Republican",27%,33%,22%,24%,29%,27%,25%,35%,9%,29%,30%,35%,21%,20%,33%,18%,27%,18%,32%,51%,0%,100%,0%,7%,93%,37%,13%,83%,44%,8%
"(Combined presidential ballot, includes leaners to major-party candidates) If the 2024 presidential election were held today, who would you vote for if the candidates were:",[VOL] Don't know/Refused,7%,7%,7%,5%,4%,10%,6%,4%,5%,11%,9%,4%,8%,4%,11%,11%,5%,5%,10%,8%,0%,0%,100%,3%,2%,14%,7%,7%,9%,3%
"(Combined presidential ballot, includes leaners to major-party candidates) If the 2024 presidential election were held today, who would you vote for if the candidates were:",MARGIN Harris +39 Calculated using candidates’ unrounded vote shares,MARGIN Harris +39 Calculated using candidates’ unrounded vote shares,MARGIN Harris +39 Calculated using candidates’ unrounded vote shares,MARGIN Harris +39 Calculated using candidates’ unrounded vote shares,MARGIN Harris +39 Calculated using candidates’ unrounded vote shares,MARGIN Harris +39 Calculated using candidates’ unrounded vote shares,MARGIN Harris +39 Calculated using candidates’ unrounded vote shares,MARGIN Harris +39 Calculated using candidates’ unrounded vote shares,MARGIN Harris +39 Calculated using candidates’ unrounded vote shares,MARGIN Harris +39 Calculated using candidates’ unrounded vote shares,MARGIN Harris +39 Calculated using candidates’ unrounded vote shares,MARGIN Harris +39 Calculated using candidates’ unrounded vote shares,MARGIN Harris +39 Calculated using candidates’ unrounded vote shares,MARGIN Harris +39 Calculated using candidates’ unrounded vote shares,MARGIN Harris +39 Calculated using candidates’ unrounded vote shares,MARGIN Harris +39 Calculated using candidates’ unrounded vote shares,MARGIN Harris +39 Calculated using candidates’ unrounded vote shares,MARGIN Harris +39 Calculated using candidates’ unrounded vote shares,MARGIN Harris +39 Calculated using candidates’ unrounded vote shares,MARGIN Harris +39 Calculated using candidates’ unrounded vote shares,MARGIN Harris +39 Calculated using candidates’ unrounded vote shares,MARGIN Harris +39 Calculated using candidates’ unrounded vote shares,MARGIN Harris +39 Calculated using candidates’ unrounded vote shares,MARGIN Harris +39 Calculated using candidates’ unrounded vote shares,MARGIN Harris +39 Calculated using candidates’ unrounded vote shares,MARGIN Harris +39 Calculated using candidates’ unrounded vote shares,MARGIN Harris +39 Calculated using candidates’ unrounded vote shares,MARGIN Harris +39 Calculated using candidates’ unrounded vote shares,MARGIN Harris +39 Calculated using candidates’ unrounded vote shares,MARGIN Harris +39 Calculated using candidates’ unrounded vote shares,MARGIN Harris +39 Calculated using candidates’ unrounded vote shares
"(Combined presidential ballot, includes leaners to third-party candidates) If the 2024 presidential election were held today, who would you vote for if the candidates were:","Kamala [COMMA-luh] Harris, the Democrat",65%,59%,69%,68%,66%,62%,69%,60%,83%,58%,60%,60%,69%,75%,55%,70%,66%,76%,57%,41%,98%,0%,0%,90%,5%,47%,79%,10%,46%,89%
"(Combined presidential ballot, includes leaners to third-party candidates) If the 2024 presidential election were held today, who would you vote for if the candidates were:","Donald Trump, the Republican",26%,33%,21%,24%,29%,26%,25%,35%,9%,28%,28%,35%,20%,20%,32%,18%,26%,18%,31%,51%,0%,98%,0%,7%,93%,36%,12%,83%,44%,8%
"(Combined presidential ballot, includes leaners to third-party candidates) If the 2024 presidential election were held today, who would you vote for if the candidates were:",[VOL] Another candidate (specify),<.5%,0%,<.5%,0%,<.5%,0%,0%,0%,0%,0%,<1%,0%,<.5%,<.5%,<.5%,0%,<.5%,<1%,0%,0%,0%,0%,3%,0%,0%,<.5%,<.5%,0%,0%,0%
"(Combined presidential ballot, includes leaners to third-party candidates) If the 2024 presidential election were held today, who would you vote for if the candidates were:",[VOL] Not going to vote/wouldn't vote if those were the choices,2%,2%,1%,1%,2%,2%,1%,2%,1%,2%,2%,2%,2%,1%,2%,1%,1%,2%,2%,3%,<.5%,<.5%,20%,<1%,1%,3%,2%,1%,2%,<1%
"(Combined presidential ballot, includes leaners to third-party candidates) If the 2024 presidential election were held today, who would you vote for if the candidates were:",[VOL] Don't know/Refused,7%,6%,8%,6%,4%,10%,5%,3%,6%,11%,9%,3%,9%,3%,11%,11%,6%,3%,10%,5%,1%,2%,78%,3%,2%,13%,7%,6%,7%,3%
"(Combined presidential ballot, includes leaners to third-party candidates) If the 2024 presidential election were held today, who would you vote for if the candidates were:",Number of respondents,853,389,449,145,254,257,151,308,197,176,128,308,501,454,386,133,270,174,220,56,543,241,69,449,107,217,554,91,208,493
"(If candidate selected, including third-party candidates) Are you definitely or probably going to vote for [CANDIDATE SELECTED]?",Definitely,87%,88%,86%,78%,81%,89%,93%,91%,86%,79%,81%,91%,83%,87%,85%,83%,85%,92%,85%,86%,88%,84%,-,89%,94%,78%,88%,90%,78%,90%
"(If candidate selected, including third-party candidates) Are you definitely or probably going to vote for [CANDIDATE SELECTED]?",Probably,9%,9%,10%,19%,13%,7%,3%,5%,9%,16%,15%,5%,13%,9%,10%,12%,8%,6%,12%,9%,8%,11%,-,8%,5%,15%,8%,6%,15%,6%
"(If candidate selected, including third-party candidates) Are you definitely or probably going to vote for [CANDIDATE SELECTED]?",[VOL] Don't know/Refused,4%,4%,4%,3%,6%,4%,4%,3%,5%,5%,4%,3%,5%,4%,5%,5%,6%,2%,3%,5%,4%,4%,-,3%,1%,7%,4%,3%,6%,3%
"(If candidate selected, including third-party candidates) Are you definitely or probably going to vote for [CANDIDATE SELECTED]?",Number of respondents,771,355,402,134,236,222,141,291,182,153,112,291,447,425,334,120,245,160,195,51,534,237,,430,103,181,505,81,185,474
"(Leaners, if not supporting Trump or Harris in previous multi-candidate questions) If you had to decide between the two today, would you lean more toward:","Kamala [COMMA-luh] Harris, the Democrat",13%,4%,19%,29%,24%,10%,9%,6%,29%,16%,6%,6%,17%,8%,14%,12%,23%,13%,9%,0%,100%,0%,0%,27%,31%,10%,17%,0%,6%,21%
"(Leaners, if not supporting Trump or Harris in previous multi-candidate questions) If you had to decide between the two today, would you lean more toward:","Donald Trump, the Republican",5%,3%,7%,0%,4%,10%,0%,1%,0%,8%,14%,1%,7%,1%,7%,0%,8%,0%,10%,0%,0%,100%,0%,0%,0%,6%,6%,0%,4%,0%
"(Leaners, if not supporting Trump or Harris in previous multi-candidate questions) If you had to decide between the two today, would you lean more toward:",[VOL] Don't know/Refused,81%,94%,74%,71%,71%,80%,91%,92%,71%,76%,80%,92%,76%,91%,79%,88%,69%,87%,81%,100%,0%,0%,100%,73%,69%,84%,76%,100%,89%,79%
"(Leaners, if not supporting Trump or Harris in previous multi-candidate questions) If you had to decide between the two today, would you lean more toward:",Number of respondents,83,34,48,11,18,36,10,17,15,24,16,17,55,29,53,13,26,14,25,5,10,4,69,19,4,37,49,10,24,20
"(Ask only if registered Democrat)  Thinking ahead to the 2025 election for mayor of New York City, who would you vote for in the Democratic primary if the candidates were:",Eric Adams,11%,11%,11%,11%,10%,10%,8%,10%,14%,10%,6%,10%,11%,6%,13%,10%,14%,7%,10%,8%,9%,23%,10%,11%,17%,11%,11%,-,-,8%
"(Ask only if registered Democrat)  Thinking ahead to the 2025 election for mayor of New York City, who would you vote for in the Democratic primary if the candidates were:",Brad Lander,5%,4%,5%,2%,8%,5%,3%,11%,0%,1%,5%,11%,1%,6%,3%,2%,8%,3%,3%,0%,5%,0%,4%,5%,0%,2%,5%,-,-,6%
"(Ask only if registered Democrat)  Thinking ahead to the 2025 election for mayor of New York City, who would you vote for in the Democratic primary if the candidates were:",Andrew Cuomo [kwoh-mo],21%,22%,21%,8%,13%,27%,29%,13%,26%,29%,19%,13%,26%,20%,23%,32%,17%,17%,24%,17%,21%,25%,19%,20%,23%,28%,21%,-,-,23%
"(Ask only if registered Democrat)  Thinking ahead to the 2025 election for mayor of New York City, who would you vote for in the Democratic primary if the candidates were:",Letitia [la-TEE-shah] James,22%,17%,24%,20%,21%,21%,24%,25%,21%,17%,19%,25%,20%,25%,19%,18%,18%,31%,21%,14%,26%,4%,1%,25%,2%,15%,22%,-,-,26%
"(Ask only if registered Democrat)  Thinking ahead to the 2025 election for mayor of New York City, who would you vote for in the Democratic primary if the candidates were:",Jumaane [ju-MAH-nee] Williams,6%,6%,7%,7%,9%,6%,4%,5%,8%,6%,6%,5%,7%,7%,6%,4%,10%,5%,4%,8%,6%,3%,11%,5%,9%,5%,6%,-,-,5%
"(Ask only if registered Democrat)  Thinking ahead to the 2025 election for mayor of New York City, who would you vote for in the Democratic primary if the candidates were:",Zellnor [zell-nor] Myrie [my-ree],<.5%,<1%,<.5%,<1%,1%,0%,0%,<.5%,<1%,0%,<1%,<.5%,<.5%,<.5%,<.5%,0%,<1%,<1%,0%,0%,<.5%,0%,0%,<.5%,0%,1%,<.5%,-,-,<1%
"(Ask only if registered Democrat)  Thinking ahead to the 2025 election for mayor of New York City, who would you vote for in the Democratic primary if the candidates were:",Jessica Ramos [rah-mos],2%,2%,2%,4%,3%,2%,0%,<1%,<1%,4%,4%,<1%,2%,2%,1%,3%,<1%,<1%,4%,3%,2%,0%,1%,2%,0%,2%,2%,-,-,2%
"(Ask only if registered Democrat)  Thinking ahead to the 2025 election for mayor of New York City, who would you vote for in the Democratic primary if the candidates were:",Scott Stringer,2%,4%,1%,2%,1%,2%,5%,5%,0%,2%,2%,5%,1%,4%,<1%,2%,<1%,5%,2%,0%,2%,2%,2%,3%,3%,0%,2%,-,-,2%
"(Ask only if registered Democrat)  Thinking ahead to the 2025 election for mayor of New York City, who would you vote for in the Democratic primary if the candidates were:",[VOL] Another candidate (specify),1%,1%,1%,1%,1%,<.5%,2%,2%,1%,2%,0%,2%,1%,<1%,2%,2%,<1%,1%,<1%,8%,1%,2%,0%,1%,0%,0%,1%,-,-,<1%
"(Ask only if registered Democrat)  Thinking ahead to the 2025 election for mayor of New York City, who would you vote for in the Democratic primary if the candidates were:",[VOL] Not going to vote/wouldn't vote if those were the choices,3%,3%,3%,4%,3%,4%,4%,5%,2%,2%,3%,5%,2%,3%,4%,5%,1%,6%,3%,4%,2%,13%,3%,2%,9%,7%,3%,-,-,2%
"(Ask only if registered Democrat)  Thinking ahead to the 2025 election for mayor of New York City, who would you vote for in the Democratic primary if the candidates were:",[VOL] Don't know/Refused,27%,30%,25%,40%,30%,22%,21%,23%,26%,28%,34%,23%,29%,26%,28%,23%,28%,24%,29%,38%,25%,29%,48%,24%,36%,29%,27%,-,-,24%
"(Ask only if registered Democrat)  Thinking ahead to the 2025 election for mayor of New York City, who would you vote for in the Democratic primary if the candidates were:",Number of respondents,554,235,311,86,164,170,104,185,146,117,79,185,342,315,231,90,182,124,135,23,440,76,38,404,18,86,554,,,402
"If the 2025 general election for mayor of New York City were held today, would you vote for the Democratic candidate or the Republican candidate?",The Democratic candidate,62%,56%,67%,68%,63%,57%,65%,54%,78%,64%,62%,54%,70%,67%,58%,70%,63%,69%,61%,26%,86%,15%,26%,88%,3%,40%,77%,8%,39%,82%
"If the 2025 general election for mayor of New York City were held today, would you vote for the Democratic candidate or the Republican candidate?",The Republican candidate,18%,24%,14%,16%,21%,20%,16%,28%,7%,16%,16%,28%,12%,17%,19%,13%,16%,16%,19%,43%,4%,56%,11%,4%,73%,24%,9%,64%,26%,6%
"If the 2025 general election for mayor of New York City were held today, would you vote for the Democratic candidate or the Republican candidate?",[VOL] Don’t know/Refused,19%,20%,19%,16%,15%,23%,20%,18%,15%,19%,22%,18%,18%,16%,23%,17%,21%,15%,19%,31%,11%,29%,63%,8%,24%,36%,14%,27%,34%,12%
"If the 2025 general election for mayor of New York City were held today, would you vote for the Democratic candidate or the Republican candidate?",Number of respondents,853,389,449,145,254,257,151,308,197,176,128,308,501,454,386,133,270,174,220,56,543,241,69,449,107,217,554,91,208,493
(Responses reclassified by age group) In what year were you born?,18-29,12%,12%,13%,100%,0%,0%,0%,11%,10%,12%,21%,11%,13%,13%,13%,7%,13%,12%,13%,21%,13%,11%,9%,13%,9%,13%,12%,7%,15%,10%
(Responses reclassified by age group) In what year were you born?,30-44,26%,26%,27%,0%,100%,0%,0%,32%,21%,25%,25%,32%,23%,33%,20%,19%,33%,28%,21%,26%,27%,28%,15%,24%,28%,31%,26%,24%,30%,28%
(Responses reclassified by age group) In what year were you born?,45-64,31%,33%,30%,0%,0%,100%,0%,25%,39%,34%,32%,25%,36%,32%,31%,38%,29%,27%,33%,33%,30%,32%,45%,32%,29%,32%,31%,28%,34%,32%
(Responses reclassified by age group) In what year were you born?,65+,24%,24%,23%,0%,0%,0%,100%,29%,20%,23%,16%,29%,20%,17%,29%,26%,20%,25%,27%,20%,25%,22%,19%,26%,32%,14%,25%,33%,15%,25%
(Responses reclassified by age group) In what year were you born?,Refused,6%,5%,7%,0%,0%,0%,0%,3%,9%,7%,7%,3%,8%,5%,7%,9%,5%,9%,6%,0%,6%,7%,12%,5%,2%,10%,6%,7%,6%,5%
(Responses reclassified by age group) In what year were you born?,Number of respondents,853,389,449,145,254,257,151,308,197,176,128,308,501,454,386,133,270,174,220,56,543,241,69,449,107,217,554,91,208,493
What is the highest educational level that you have completed?,Grade school,3%,3%,3%,0%,<.5%,2%,7%,0%,4%,8%,2%,0%,5%,0%,6%,7%,1%,4%,2%,3%,2%,3%,10%,2%,3%,3%,4%,0%,2%,2%
What is the highest educational level that you have completed?,High school,22%,20%,23%,24%,14%,25%,25%,17%,33%,28%,15%,17%,27%,0%,44%,40%,24%,7%,20%,27%,18%,28%,28%,21%,28%,20%,22%,26%,20%,19%
What is the highest educational level that you have completed?,Vocational or trade school,3%,4%,3%,2%,1%,5%,3%,1%,5%,4%,5%,1%,4%,0%,6%,2%,2%,3%,5%,2%,2%,6%,4%,2%,2%,3%,2%,5%,5%,2%
What is the highest educational level that you have completed?,"Some college, no degree",13%,15%,12%,12%,13%,11%,19%,9%,19%,14%,14%,9%,16%,0%,27%,12%,15%,9%,14%,20%,13%,13%,18%,12%,17%,15%,12%,15%,17%,13%
What is the highest educational level that you have completed?,Associate’s degree,8%,8%,9%,13%,9%,6%,8%,7%,6%,13%,6%,7%,9%,0%,17%,12%,8%,5%,10%,8%,7%,11%,13%,8%,12%,8%,8%,6%,12%,7%
What is the highest educational level that you have completed?,Bachelor's degree,26%,28%,24%,36%,35%,25%,10%,32%,22%,20%,27%,32%,22%,53%,0%,15%,25%,34%,27%,20%,29%,21%,9%,28%,24%,26%,26%,25%,25%,30%
What is the highest educational level that you have completed?,Graduate or professional degree,23%,21%,24%,13%,26%,25%,25%,33%,10%,13%,27%,33%,15%,47%,0%,12%,22%,33%,21%,20%,26%,16%,18%,25%,15%,22%,24%,19%,18%,27%
What is the highest educational level that you have completed?,[VOL] Refused,2%,2%,2%,0%,1%,<1%,3%,1%,2%,<1%,4%,1%,2%,0%,0%,<1%,2%,5%,1%,0%,2%,3%,0%,2%,<.5%,3%,2%,4%,2%,2%
What is the highest educational level that you have completed?,Number of respondents,853,389,449,145,254,257,151,308,197,176,128,308,501,454,386,133,270,174,220,56,543,241,69,449,107,217,554,91,208,493
Would you consider yourself:,White,38%,42%,35%,34%,46%,31%,47%,100%,0%,0%,0%,100%,0%,50%,26%,12%,40%,51%,32%,66%,35%,50%,21%,33%,63%,42%,34%,64%,38%,37%
Would you consider yourself:,Hispanic or Latino,19%,16%,21%,18%,18%,21%,17%,0%,0%,97%,0%,0%,33%,14%,25%,43%,9%,20%,18%,11%,17%,21%,30%,20%,15%,18%,20%,10%,20%,19%
Would you consider yourself:,Black or African American,23%,20%,26%,20%,19%,29%,19%,0%,95%,0%,0%,0%,40%,15%,31%,38%,31%,10%,19%,12%,29%,8%,17%,28%,6%,20%,27%,8%,16%,26%
Would you consider yourself:,Asian,6%,7%,5%,12%,8%,5%,3%,0%,0%,0%,43%,0%,10%,8%,4%,1%,4%,5%,12%,2%,6%,4%,12%,5%,4%,6%,6%,4%,8%,6%
Would you consider yourself:,American Indian or Alaska Native,<1%,<1%,<1%,0%,<.5%,<1%,2%,0%,0%,0%,5%,0%,1%,<1%,<1%,<1%,<.5%,0%,2%,0%,<.5%,2%,0%,<.5%,2%,<1%,<1%,<1%,1%,<.5%
Would you consider yourself:,Middle Eastern or North African,1%,2%,<1%,2%,<1%,1%,2%,0%,0%,0%,9%,0%,2%,2%,<1%,0%,1%,<1%,3%,0%,<1%,3%,0%,<1%,1%,2%,1%,1%,2%,1%
Would you consider yourself:,Native Hawaiian or Pacific Islander,<1%,1%,<.5%,1%,<.5%,1%,0%,0%,0%,0%,5%,0%,1%,<1%,<.5%,0%,1%,0%,1%,0%,<1%,1%,0%,<.5%,0%,1%,<.5%,1%,1%,<1%
Would you consider yourself:,[VOL] Some other race (specify),4%,4%,4%,3%,2%,6%,4%,<.5%,5%,3%,16%,<.5%,7%,3%,6%,2%,5%,2%,8%,2%,4%,4%,3%,5%,3%,3%,4%,3%,5%,4%
Would you consider yourself:,[VOL] More than one race,3%,2%,3%,5%,2%,2%,3%,0%,0%,0%,21%,0%,5%,3%,3%,<1%,2%,6%,3%,1%,3%,2%,3%,3%,0%,3%,3%,3%,3%,2%
Would you consider yourself:,[VOL] Refused,5%,5%,3%,4%,3%,4%,5%,0%,0%,0%,0%,0%,0%,5%,3%,2%,7%,5%,3%,5%,4%,4%,14%,3%,6%,5%,5%,4%,5%,3%
Would you consider yourself:,Number of respondents,853,389,449,145,254,257,151,308,197,176,128,308,501,454,386,133,270,174,220,56,543,241,69,449,107,217,554,91,208,493
"Do you consider yourself a Democrat, a Republican, an independent or a member of another party?",Democrat,58%,52%,64%,61%,54%,59%,62%,50%,72%,64%,56%,50%,65%,63%,54%,68%,60%,60%,58%,24%,79%,15%,26%,100%,0%,0%,76%,5%,22%,77%
"Do you consider yourself a Democrat, a Republican, an independent or a member of another party?",Republican,12%,13%,10%,7%,13%,11%,15%,19%,3%,8%,7%,19%,6%,10%,14%,8%,12%,8%,14%,19%,<1%,41%,3%,0%,100%,0%,3%,63%,13%,2%
"Do you consider yourself a Democrat, a Republican, an independent or a member of another party?",Independent,24%,26%,22%,23%,27%,24%,16%,26%,21%,21%,23%,26%,22%,23%,24%,22%,23%,23%,20%,47%,17%,35%,45%,0%,0%,100%,16%,22%,55%,19%
"Do you consider yourself a Democrat, a Republican, an independent or a member of another party?",Another party,3%,3%,3%,5%,3%,4%,<.5%,2%,1%,2%,9%,2%,3%,3%,3%,<.5%,2%,3%,4%,6%,2%,4%,7%,0%,0%,0%,2%,4%,4%,2%
"Do you consider yourself a Democrat, a Republican, an independent or a member of another party?",[VOL] Don't know/Refused,4%,5%,2%,4%,4%,2%,6%,2%,3%,4%,5%,2%,4%,2%,5%,3%,3%,5%,3%,4%,2%,5%,18%,0%,0%,0%,3%,6%,6%,<1%
"Do you consider yourself a Democrat, a Republican, an independent or a member of another party?",Number of respondents,728,333,380,121,223,227,124,275,163,149,106,275,418,403,315,110,230,155,185,48,481,202,45,404,86,187,476,79,173,453
"(If independent, another party or not sure) And as of today, do you lean more to:",The Democratic Party,39%,37%,40%,35%,47%,33%,45%,35%,68%,22%,36%,35%,43%,49%,32%,43%,43%,38%,40%,25%,79%,1%,20%,-,-,40%,46%,4%,40%,73%
"(If independent, another party or not sure) And as of today, do you lean more to:",The Republican Party,34%,35%,34%,35%,27%,42%,25%,42%,12%,46%,39%,42%,32%,27%,39%,31%,27%,27%,39%,58%,4%,79%,11%,-,-,36%,25%,84%,32%,11%
"(If independent, another party or not sure) And as of today, do you lean more to:",[VOL] Don't know/Refused,27%,27%,26%,30%,26%,25%,30%,23%,20%,32%,25%,23%,26%,24%,30%,26%,30%,35%,21%,17%,17%,20%,69%,-,-,23%,29%,12%,29%,16%
"(If independent, another party or not sure) And as of today, do you lean more to:",Number of respondents,238,121,109,45,83,66,28,89,44,46,42,89,132,118,115,32,77,48,55,26,113,93,32,,,187,98,23,117,107
Combined: Party identification and leaners,The Democratic Party,70%,65%,74%,72%,69%,69%,72%,61%,89%,70%,69%,61%,78%,76%,64%,78%,72%,73%,69%,38%,95%,16%,40%,100%,0%,40%,86%,7%,48%,93%
Combined: Party identification and leaners,The Republican Party,22%,25%,19%,18%,22%,24%,21%,32%,6%,21%,21%,32%,15%,17%,26%,15%,20%,17%,25%,52%,2%,75%,11%,0%,100%,36%,8%,89%,34%,4%
Combined: Party identification and leaners,[VOL] Don't know/Refused,8%,9%,7%,10%,9%,8%,7%,7%,5%,9%,9%,7%,7%,7%,9%,6%,9%,11%,6%,10%,3%,9%,48%,0%,0%,23%,6%,4%,18%,3%
Combined: Party identification and leaners,Number of respondents,728,333,380,121,223,227,124,275,163,149,106,275,418,403,315,110,230,155,185,48,481,202,45,404,86,187,476,79,173,453
"Who did you vote for in the 2020 presidential election between Donald Trump and Joe Biden, or did you not vote?",Donald Trump,16%,17%,15%,12%,14%,17%,20%,27%,3%,12%,11%,27%,8%,12%,20%,10%,16%,10%,17%,47%,1%,55%,8%,3%,75%,20%,5%,71%,26%,0%
"Who did you vote for in the 2020 presidential election between Donald Trump and Joe Biden, or did you not vote?",Joe Biden,65%,62%,69%,58%,69%,68%,64%,62%,79%,63%,64%,62%,70%,76%,56%,72%,65%,73%,64%,36%,88%,18%,32%,87%,9%,51%,79%,8%,48%,100%
"Who did you vote for in the 2020 presidential election between Donald Trump and Joe Biden, or did you not vote?",I did not vote,14%,16%,13%,27%,14%,13%,11%,9%,15%,21%,18%,9%,18%,8%,21%,17%,15%,10%,17%,11%,8%,21%,43%,10%,17%,19%,13%,15%,19%,0%
"Who did you vote for in the 2020 presidential election between Donald Trump and Joe Biden, or did you not vote?",[VOL] Someone else,1%,2%,<.5%,0%,2%,<1%,2%,2%,1%,0%,<1%,2%,<1%,2%,<.5%,<1%,2%,<1%,<1%,0%,<1%,2%,5%,0%,0%,3%,<1%,0%,3%,0%
"Who did you vote for in the 2020 presidential election between Donald Trump and Joe Biden, or did you not vote?",[VOL] Don't know/Refused,3%,3%,3%,4%,1%,<1%,3%,<1%,2%,4%,6%,<1%,4%,2%,3%,<.5%,2%,7%,2%,5%,1%,5%,13%,<.5%,0%,7%,2%,6%,4%,0%
"Who did you vote for in the 2020 presidential election between Donald Trump and Joe Biden, or did you not vote?",Number of respondents,728,333,380,121,223,227,124,275,163,149,106,275,418,403,315,110,230,155,185,48,481,202,45,404,86,187,476,79,173,453
"(Excluding ""I did not vote"") Who did you vote for in the 2020 presidential election between Donald Trump and Joe Biden, or did you not vote?",Donald Trump,19%,20%,18%,16%,17%,19%,23%,30%,4%,15%,14%,30%,10%,13%,25%,12%,19%,11%,20%,54%,2%,69%,14%,3%,90%,24%,5%,83%,32%,0%
"(Excluding ""I did not vote"") Who did you vote for in the 2020 presidential election between Donald Trump and Joe Biden, or did you not vote?",Joe Biden,76%,74%,79%,79%,80%,79%,72%,68%,93%,80%,78%,68%,85%,83%,70%,87%,76%,81%,76%,41%,97%,22%,56%,97%,10%,63%,91%,10%,60%,100%
"(Excluding ""I did not vote"") Who did you vote for in the 2020 presidential election between Donald Trump and Joe Biden, or did you not vote?",[VOL] Someone else,1%,3%,<.5%,0%,2%,<1%,2%,2%,1%,0%,<1%,2%,<1%,2%,<1%,<1%,3%,<1%,<1%,0%,<1%,2%,8%,0%,0%,4%,<1%,0%,4%,0%
"(Excluding ""I did not vote"") Who did you vote for in the 2020 presidential election between Donald Trump and Joe Biden, or did you not vote?",[VOL] Don't know/Refused,4%,3%,3%,5%,2%,1%,3%,<1%,2%,6%,7%,<1%,4%,2%,4%,<.5%,2%,8%,3%,5%,1%,6%,22%,<.5%,0%,9%,3%,7%,5%,0%
"(Excluding ""I did not vote"") Who did you vote for in the 2020 presidential election between Donald Trump and Joe Biden, or did you not vote?",Number of respondents,586,260,313,78,179,193,109,242,128,108,78,242,314,355,222,85,185,133,142,41,420,138,28,349,67,135,402,65,119,453
What one issue is most important in deciding your vote this November for president?,[VOL] The economy (including jobs and the stock market),17%,20%,15%,11%,16%,20%,16%,19%,12%,22%,15%,19%,16%,15%,20%,23%,14%,12%,20%,30%,12%,30%,19%,12%,22%,26%,15%,26%,23%,14%
What one issue is most important in deciding your vote this November for president?,[VOL] Abortion,14%,4%,22%,24%,15%,16%,9%,14%,16%,14%,13%,14%,15%,20%,9%,15%,15%,18%,10%,13%,20%,2%,7%,19%,3%,10%,17%,5%,10%,19%
What one issue is most important in deciding your vote this November for president?,[VOL] Immigration,13%,14%,12%,16%,11%,13%,13%,16%,3%,13%,19%,16%,10%,9%,16%,10%,9%,8%,19%,25%,5%,34%,12%,6%,41%,16%,8%,36%,19%,7%
What one issue is most important in deciding your vote this November for president?,[VOL] The state of democracy/corruption,12%,15%,10%,6%,15%,10%,17%,19%,9%,6%,10%,19%,8%,18%,7%,9%,11%,22%,11%,1%,18%,1%,2%,17%,1%,9%,15%,2%,8%,17%
What one issue is most important in deciding your vote this November for president?,[VOL] Character/competence of candidate,8%,8%,8%,4%,5%,11%,9%,8%,14%,3%,3%,8%,8%,9%,8%,4%,10%,9%,8%,5%,9%,5%,7%,9%,6%,8%,9%,2%,7%,9%
What one issue is most important in deciding your vote this November for president?,[VOL] Dislike of opposing candidate,4%,4%,4%,1%,4%,5%,4%,2%,9%,2%,3%,2%,5%,3%,5%,7%,5%,3%,3%,0%,6%,<1%,0%,6%,<1%,<1%,5%,<1%,2%,5%
What one issue is most important in deciding your vote this November for president?,[VOL] Inflation and the cost of living,4%,3%,4%,3%,5%,3%,4%,3%,6%,3%,4%,3%,5%,4%,4%,4%,5%,2%,4%,2%,3%,6%,<1%,4%,4%,3%,3%,4%,5%,4%
What one issue is most important in deciding your vote this November for president?,[VOL] Crime,3%,3%,4%,1%,4%,3%,5%,1%,<1%,10%,2%,1%,4%,3%,4%,6%,2%,2%,4%,4%,2%,6%,8%,3%,4%,4%,3%,3%,4%,3%
What one issue is most important in deciding your vote this November for president?,[VOL] Foreign policy,2%,2%,3%,2%,5%,2%,<.5%,2%,<1%,4%,5%,2%,3%,3%,2%,<1%,3%,2%,3%,4%,2%,5%,<.5%,1%,7%,3%,1%,5%,5%,2%
What one issue is most important in deciding your vote this November for president?,[VOL] Equality/inequality,2%,3%,2%,3%,2%,1%,3%,3%,3%,0%,<1%,3%,2%,4%,<1%,2%,4%,3%,1%,1%,3%,<1%,0%,3%,<1%,1%,3%,<1%,<.5%,3%
What one issue is most important in deciding your vote this November for president?,[VOL] Health care,2%,2%,2%,4%,2%,1%,2%,0%,2%,4%,4%,0%,3%,1%,2%,2%,1%,3%,1%,2%,2%,0%,5%,2%,0%,1%,3%,0%,0%,2%
What one issue is most important in deciding your vote this November for president?,[VOL] The Middle East/Israel/Palestinians,1%,2%,1%,2%,3%,<1%,<1%,2%,<1%,<.5%,4%,2%,1%,2%,<1%,1%,2%,<1%,1%,<.5%,1%,2%,0%,<.5%,2%,3%,<1%,2%,4%,<1%
What one issue is most important in deciding your vote this November for president?,[VOL] Taxes,1%,2%,<1%,1%,<1%,3%,0%,1%,2%,0%,1%,1%,1%,<1%,2%,<1%,1%,2%,<.5%,4%,<1%,2%,4%,<1%,1%,1%,1%,2%,<1%,<1%
What one issue is most important in deciding your vote this November for president?,[VOL] Climate change,1%,2%,<1%,5%,1%,<1%,0%,2%,<1%,0%,1%,2%,<1%,2%,<.5%,<1%,1%,1%,1%,0%,2%,0%,0%,2%,0%,<.5%,2%,0%,0%,1%
What one issue is most important in deciding your vote this November for president?,[VOL] Racism/racial issues,<1%,<1%,1%,1%,2%,<1%,<.5%,1%,<1%,<.5%,<1%,1%,<1%,<1%,1%,<1%,2%,0%,<1%,0%,2%,0%,0%,2%,0%,0%,1%,0%,0%,1%
What one issue is most important in deciding your vote this November for president?,[VOL] Polarization/division,<1%,<.5%,1%,1%,0%,<.5%,2%,0%,2%,0%,1%,0%,1%,<.5%,1%,0%,1%,0%,1%,0%,1%,0%,0%,<.5%,0%,2%,1%,0%,0%,1%
What one issue is most important in deciding your vote this November for president?,[VOL] Gun policies,<.5%,<.5%,<1%,2%,0%,0%,<1%,<.5%,<1%,<1%,0%,<.5%,<1%,<1%,<.5%,1%,0%,<1%,0%,2%,<1%,0%,0%,<.5%,0%,<1%,<1%,0%,0%,<1%
What one issue is most important in deciding your vote this November for president?,[VOL] Education,<.5%,<1%,<.5%,0%,<1%,0%,0%,<.5%,<1%,<1%,0%,<.5%,<1%,<1%,<.5%,0%,<.5%,<1%,<.5%,0%,<.5%,0%,2%,0%,0%,2%,<1%,0%,0%,<.5%
What one issue is most important in deciding your vote this November for president?,[VOL] Student loans,<.5%,0%,<1%,1%,<1%,0%,0%,0%,0%,<1%,1%,0%,<1%,<.5%,<.5%,0%,<.5%,<1%,<1%,0%,<.5%,<.5%,0%,<.5%,0%,<.5%,<.5%,0%,<.5%,<.5%
What one issue is most important in deciding your vote this November for president?,[VOL] Russia/the war in Ukraine,<.5%,<.5%,0%,0%,<1%,0%,0%,<.5%,<1%,0%,0%,<.5%,<.5%,<.5%,<.5%,0%,<1%,0%,0%,0%,<.5%,0%,0%,<.5%,0%,0%,0%,0%,<1%,<.5%
What one issue is most important in deciding your vote this November for president?,[VOL] Election integrity,<.5%,0%,<.5%,<1%,0%,0%,0%,0%,<.5%,0%,0%,0%,<.5%,0%,<.5%,0%,<.5%,0%,0%,0%,<.5%,0%,0%,<.5%,0%,0%,0%,0%,<.5%,0%
What one issue is most important in deciding your vote this November for president?,[VOL] China,0%,0%,0%,0%,0%,0%,0%,0%,0%,0%,0%,0%,0%,0%,0%,0%,0%,0%,0%,0%,0%,0%,0%,0%,0%,0%,0%,0%,0%,0%
What one issue is most important in deciding your vote this November for president?,"[VOL] Other, specify",6%,7%,6%,4%,4%,7%,9%,4%,9%,7%,9%,4%,8%,5%,8%,7%,7%,6%,7%,6%,6%,6%,17%,6%,8%,7%,6%,6%,8%,5%
What one issue is most important in deciding your vote this November for president?,[VOL] Don't know/Refused,4%,5%,3%,6%,4%,2%,7%,2%,5%,9%,2%,2%,6%,2%,6%,6%,4%,6%,3%,1%,5%,<1%,15%,3%,<.5%,2%,4%,5%,3%,3%
What one issue is most important in deciding your vote this November for president?,Number of respondents,728,333,380,121,223,227,124,275,163,149,106,275,418,403,315,110,230,155,185,48,481,202,45,404,86,187,476,79,173,453
Which candidate do you think would do a better job of handling the issue you think is most important?,"Kamala [COMMA-luh] Harris, the Democrat",62%,59%,66%,71%,58%,61%,67%,58%,83%,53%,61%,58%,67%,73%,53%,68%,64%,72%,60%,26%,92%,0%,18%,87%,4%,41%,76%,8%,43%,86%
Which candidate do you think would do a better job of handling the issue you think is most important?,"Donald Trump, the Republican",30%,35%,26%,26%,34%,29%,27%,38%,9%,37%,29%,38%,24%,22%,37%,26%,26%,23%,32%,65%,3%,97%,25%,8%,95%,47%,15%,90%,48%,10%
Which candidate do you think would do a better job of handling the issue you think is most important?,[VOL] Neither candidate,3%,4%,3%,2%,3%,4%,3%,3%,2%,3%,4%,3%,3%,2%,4%,1%,6%,2%,3%,2%,1%,1%,28%,2%,1%,6%,3%,1%,5%,2%
Which candidate do you think would do a better job of handling the issue you think is most important?,[VOL] Someone else; specify,<.5%,0%,<1%,0%,<1%,<.5%,<1%,<.5%,<1%,<.5%,0%,<.5%,<.5%,<.5%,<.5%,0%,<1%,0%,<1%,0%,<1%,0%,0%,<.5%,0%,<1%,<.5%,0%,<1%,<.5%
Which candidate do you think would do a better job of handling the issue you think is most important?,[VOL] Don't know/Refused,4%,3%,5%,2%,4%,7%,2%,<.5%,5%,6%,6%,<.5%,6%,2%,6%,5%,3%,3%,5%,7%,2%,2%,29%,3%,0%,6%,5%,<1%,3%,3%
Which candidate do you think would do a better job of handling the issue you think is most important?,MARGIN Harris +32 Calculated using candidates’ unrounded vote shares,MARGIN Harris +32 Calculated using candidates’ unrounded vote shares,MARGIN Harris +32 Calculated using candidates’ unrounded vote shares,MARGIN Harris +32 Calculated using candidates’ unrounded vote shares,MARGIN Harris +32 Calculated using candidates’ unrounded vote shares,MARGIN Harris +32 Calculated using candidates’ unrounded vote shares,MARGIN Harris +32 Calculated using candidates’ unrounded vote shares,MARGIN Harris +32 Calculated using candidates’ unrounded vote shares,MARGIN Harris +32 Calculated using candidates’ unrounded vote shares,MARGIN Harris +32 Calculated using candidates’ unrounded vote shares,MARGIN Harris +32 Calculated using candidates’ unrounded vote shares,MARGIN Harris +32 Calculated using candidates’ unrounded vote shares,MARGIN Harris +32 Calculated using candidates’ unrounded vote shares,MARGIN Harris +32 Calculated using candidates’ unrounded vote shares,MARGIN Harris +32 Calculated using candidates’ unrounded vote shares,MARGIN Harris +32 Calculated using candidates’ unrounded vote shares,MARGIN Harris +32 Calculated using candidates’ unrounded vote shares,MARGIN Harris +32 Calculated using candidates’ unrounded vote shares,MARGIN Harris +32 Calculated using candidates’ unrounded vote shares,MARGIN Harris +32 Calculated using candidates’ unrounded vote shares,MARGIN Harris +32 Calculated using candidates’ unrounded vote shares,MARGIN Harris +32 Calculated using candidates’ unrounded vote shares,MARGIN Harris +32 Calculated using candidates’ unrounded vote shares,MARGIN Harris +32 Calculated using candidates’ unrounded vote shares,MARGIN Harris +32 Calculated using candidates’ unrounded vote shares,MARGIN Harris +32 Calculated using candidates’ unrounded vote shares,MARGIN Harris +32 Calculated using candidates’ unrounded vote shares,MARGIN Harris +32 Calculated using candidates’ unrounded vote shares,MARGIN Harris +32 Calculated using candidates’ unrounded vote shares,MARGIN Harris +32 Calculated using candidates’ unrounded vote shares,MARGIN Harris +32 Calculated using candidates’ unrounded vote shares
Do you approve or disapprove of the way Eric Adams is handling his job as Mayor?,Strongly approve,7%,9%,7%,3%,4%,8%,9%,4%,17%,6%,5%,4%,10%,5%,9%,10%,10%,4%,8%,0%,9%,6%,3%,10%,7%,2%,9%,5%,2%,8%
Do you approve or disapprove of the way Eric Adams is handling his job as Mayor?,Somewhat approve,16%,18%,16%,6%,14%,22%,17%,10%,28%,18%,13%,10%,21%,14%,19%,22%,17%,8%,19%,16%,15%,17%,25%,17%,16%,15%,17%,16%,14%,15%
Do you approve or disapprove of the way Eric Adams is handling his job as Mayor?,Somewhat disapprove,17%,17%,18%,20%,19%,17%,15%,22%,10%,16%,20%,22%,14%,17%,18%,20%,12%,25%,16%,14%,18%,17%,18%,16%,13%,25%,16%,13%,25%,18%
Do you approve or disapprove of the way Eric Adams is handling his job as Mayor?,Strongly disapprove,49%,49%,49%,59%,58%,44%,46%,56%,33%,52%,52%,56%,44%,56%,43%,42%,54%,50%,44%,51%,52%,44%,37%,51%,45%,43%,49%,45%,48%,52%
Do you approve or disapprove of the way Eric Adams is handling his job as Mayor?,[VOL] Don't know/Refused,10%,7%,11%,12%,5%,9%,13%,9%,13%,8%,10%,9%,10%,8%,11%,6%,7%,12%,12%,18%,7%,17%,18%,6%,19%,14%,8%,21%,10%,7%
Do you approve or disapprove of the way Eric Adams is handling his job as Mayor?,NET Approve,24%,27%,22%,9%,18%,30%,26%,14%,44%,24%,18%,14%,31%,19%,28%,32%,27%,13%,28%,16%,24%,23%,28%,28%,23%,17%,27%,21%,16%,23%
Do you approve or disapprove of the way Eric Adams is handling his job as Mayor?,NET Disapprove,66%,66%,67%,78%,77%,61%,61%,78%,43%,68%,72%,78%,59%,73%,61%,62%,67%,75%,60%,65%,69%,61%,54%,67%,58%,69%,65%,58%,74%,70%
Do you approve or disapprove of the way Eric Adams is handling his job as Mayor?,Number of respondents,728,333,380,121,223,227,124,275,163,149,106,275,418,403,315,110,230,155,185,48,481,202,45,404,86,187,476,79,173,453
Do you approve or disapprove of the way Kathy Hochul [ho-kull] is handling her job as Governor?,Strongly approve,15%,17%,15%,3%,7%,19%,23%,8%,23%,20%,15%,8%,20%,12%,18%,25%,14%,18%,12%,6%,20%,6%,8%,22%,6%,4%,17%,8%,13%,18%
Do you approve or disapprove of the way Kathy Hochul [ho-kull] is handling her job as Governor?,Somewhat approve,33%,30%,36%,28%,34%,34%,33%,31%,39%,30%,33%,31%,35%,39%,28%,35%,30%,34%,38%,14%,39%,18%,29%,39%,12%,30%,36%,7%,35%,41%
Do you approve or disapprove of the way Kathy Hochul [ho-kull] is handling her job as Governor?,Somewhat disapprove,17%,18%,17%,21%,21%,18%,12%,21%,11%,18%,15%,21%,14%,18%,17%,13%,22%,16%,12%,27%,19%,13%,16%,16%,19%,22%,18%,16%,16%,18%
Do you approve or disapprove of the way Kathy Hochul [ho-kull] is handling her job as Governor?,Strongly disapprove,20%,26%,15%,21%,23%,18%,20%,30%,10%,14%,17%,30%,13%,19%,21%,14%,22%,15%,21%,31%,8%,47%,25%,9%,51%,24%,15%,50%,21%,10%
Do you approve or disapprove of the way Kathy Hochul [ho-kull] is handling her job as Governor?,[VOL] Don't know/Refused,15%,10%,18%,28%,14%,11%,12%,10%,16%,18%,21%,10%,18%,12%,17%,13%,11%,16%,17%,22%,14%,16%,23%,13%,13%,19%,14%,19%,15%,13%
Do you approve or disapprove of the way Kathy Hochul [ho-kull] is handling her job as Governor?,NET Approve,48%,46%,50%,30%,41%,53%,56%,39%,62%,51%,48%,39%,55%,51%,46%,60%,45%,52%,49%,20%,59%,24%,37%,62%,18%,35%,53%,15%,48%,59%
Do you approve or disapprove of the way Kathy Hochul [ho-kull] is handling her job as Governor?,NET Disapprove,37%,44%,32%,41%,45%,36%,32%,50%,22%,31%,31%,50%,27%,38%,38%,27%,44%,31%,33%,58%,27%,60%,40%,25%,69%,46%,33%,66%,36%,28%
Do you approve or disapprove of the way Kathy Hochul [ho-kull] is handling her job as Governor?,Number of respondents,728,333,380,121,223,227,124,275,163,149,106,275,418,403,315,110,230,155,185,48,481,202,45,404,86,187,476,79,173,453
Eric Adams,Very favorable,6%,8%,5%,6%,5%,6%,6%,3%,13%,7%,2%,3%,8%,5%,7%,7%,8%,3%,8%,0%,7%,5%,3%,9%,2%,3%,8%,2%,2%,6%
Eric Adams,Somewhat favorable,22%,25%,21%,11%,18%,29%,23%,16%,34%,24%,22%,16%,27%,16%,27%,32%,23%,13%,23%,23%,20%,27%,25%,22%,26%,22%,21%,26%,24%,22%
Eric Adams,Somewhat unfavorable,24%,24%,24%,24%,28%,22%,26%,27%,17%,26%,29%,27%,23%,27%,22%,22%,22%,29%,22%,29%,25%,22%,24%,23%,23%,30%,23%,22%,30%,26%
Eric Adams,Very unfavorable,42%,41%,43%,56%,48%,37%,36%,52%,27%,40%,39%,52%,35%,49%,36%,33%,44%,49%,37%,42%,44%,40%,26%,42%,39%,39%,43%,41%,38%,44%
Eric Adams,[VOL] Have not heard of,2%,<.5%,3%,2%,0%,2%,3%,<1%,3%,2%,3%,<1%,2%,<.5%,3%,1%,<1%,1%,3%,0%,1%,<1%,6%,2%,<1%,<.5%,1%,2%,3%,<1%
Eric Adams,[VOL] Don't know/Refused,4%,2%,4%,<1%,3%,4%,6%,2%,7%,2%,5%,2%,5%,2%,5%,4%,2%,4%,6%,6%,2%,5%,17%,2%,9%,6%,3%,9%,3%,2%
Eric Adams,NET Favorable,29%,33%,26%,17%,22%,35%,28%,19%,47%,30%,24%,19%,36%,22%,34%,40%,31%,17%,32%,23%,27%,32%,28%,31%,28%,25%,30%,27%,26%,28%
Eric Adams,NET Unfavorable,66%,65%,67%,79%,75%,59%,62%,79%,44%,66%,68%,79%,57%,76%,58%,56%,66%,78%,59%,71%,69%,62%,50%,65%,62%,69%,66%,62%,68%,69%
Eric Adams,Number of respondents,728,333,380,121,223,227,124,275,163,149,106,275,418,403,315,110,230,155,185,48,481,202,45,404,86,187,476,79,173,453
Andrew Cuomo [kwoh-mo],Very favorable,21%,20%,22%,5%,9%,25%,31%,8%,37%,29%,22%,8%,31%,17%,25%,28%,17%,21%,25%,5%,24%,14%,21%,25%,8%,16%,26%,14%,8%,25%
Andrew Cuomo [kwoh-mo],Somewhat favorable,31%,31%,31%,28%,31%,33%,28%,30%,31%,29%,32%,30%,30%,30%,32%,36%,36%,20%,30%,29%,30%,30%,34%,31%,29%,32%,27%,23%,47%,32%
Andrew Cuomo [kwoh-mo],Somewhat unfavorable,19%,20%,20%,33%,30%,13%,12%,23%,13%,22%,22%,23%,18%,24%,15%,14%,17%,26%,21%,14%,22%,15%,15%,21%,20%,18%,20%,20%,17%,21%
Andrew Cuomo [kwoh-mo],Very unfavorable,19%,21%,18%,25%,24%,15%,21%,32%,8%,11%,16%,32%,11%,23%,16%,12%,21%,25%,13%,33%,17%,28%,11%,16%,31%,22%,18%,30%,18%,15%
Andrew Cuomo [kwoh-mo],[VOL] Have not heard of,2%,2%,3%,4%,0%,5%,0%,3%,<1%,4%,<1%,3%,2%,<1%,3%,2%,2%,<1%,2%,9%,<1%,4%,9%,1%,<.5%,5%,2%,<1%,5%,<1%
Andrew Cuomo [kwoh-mo],[VOL] Don't know/Refused,7%,6%,7%,4%,6%,8%,8%,4%,10%,6%,7%,4%,8%,6%,8%,8%,6%,7%,9%,10%,7%,9%,11%,6%,12%,8%,7%,11%,6%,7%
Andrew Cuomo [kwoh-mo],NET Favorable,51%,51%,53%,33%,40%,59%,58%,38%,68%,58%,54%,38%,61%,46%,57%,64%,54%,42%,56%,34%,54%,44%,55%,56%,37%,48%,53%,37%,54%,57%
Andrew Cuomo [kwoh-mo],NET Unfavorable,39%,41%,37%,58%,54%,29%,33%,55%,21%,32%,38%,55%,29%,47%,32%,26%,38%,51%,34%,47%,39%,43%,25%,37%,51%,40%,38%,51%,35%,36%
Andrew Cuomo [kwoh-mo],Number of respondents,728,333,380,121,223,227,124,275,163,149,106,275,418,403,315,110,230,155,185,48,481,202,45,404,86,187,476,79,173,453
Brad Lander,Very favorable,5%,5%,6%,7%,4%,5%,3%,5%,4%,7%,6%,5%,5%,5%,5%,5%,7%,5%,5%,0%,6%,4%,4%,6%,<1%,5%,7%,0%,1%,6%
Brad Lander,Somewhat favorable,18%,15%,20%,18%,25%,15%,17%,21%,13%,17%,21%,21%,16%,20%,16%,11%,22%,24%,15%,4%,22%,10%,11%,23%,8%,9%,20%,6%,14%,21%
Brad Lander,Somewhat unfavorable,6%,5%,6%,5%,6%,8%,5%,4%,8%,9%,6%,4%,8%,5%,7%,8%,5%,6%,6%,6%,6%,7%,0%,6%,8%,6%,6%,5%,7%,6%
Brad Lander,Very unfavorable,6%,7%,5%,2%,3%,8%,9%,9%,4%,4%,2%,9%,3%,8%,5%,5%,4%,4%,7%,16%,3%,13%,5%,4%,11%,6%,6%,9%,3%,5%
Brad Lander,[VOL] Have not heard of,37%,37%,38%,45%,32%,42%,29%,31%,36%,42%,44%,31%,40%,35%,39%,45%,35%,30%,37%,53%,34%,40%,56%,34%,41%,44%,32%,45%,51%,34%
Brad Lander,[VOL] Don't know/Refused,28%,31%,25%,23%,30%,23%,38%,30%,35%,22%,21%,30%,27%,28%,29%,25%,28%,31%,29%,22%,29%,27%,25%,27%,31%,30%,28%,35%,24%,28%
Brad Lander,NET Favorable,23%,20%,26%,25%,29%,20%,19%,27%,17%,24%,27%,27%,22%,25%,21%,16%,28%,30%,20%,4%,27%,14%,15%,29%,8%,14%,28%,6%,16%,27%
Brad Lander,NET Unfavorable,12%,12%,11%,7%,9%,15%,14%,13%,12%,12%,8%,13%,11%,13%,11%,13%,9%,10%,13%,22%,10%,19%,5%,10%,20%,12%,12%,14%,10%,11%
Brad Lander,Number of respondents,728,333,380,121,223,227,124,275,163,149,106,275,418,403,315,110,230,155,185,48,481,202,45,404,86,187,476,79,173,453
Latitia [la-TEE-shah] James,Very favorable,29%,26%,32%,9%,25%,28%,44%,24%,44%,24%,23%,24%,32%,31%,27%,34%,34%,30%,25%,4%,41%,3%,14%,40%,4%,17%,37%,3%,15%,40%
Latitia [la-TEE-shah] James,Somewhat favorable,27%,26%,27%,40%,31%,27%,14%,28%,27%,24%,31%,28%,27%,31%,23%,22%,26%,32%,27%,25%,34%,12%,17%,32%,8%,26%,30%,11%,24%,32%
Latitia [la-TEE-shah] James,Somewhat unfavorable,7%,9%,6%,5%,7%,8%,7%,10%,3%,7%,6%,10%,5%,8%,7%,7%,6%,6%,7%,13%,4%,14%,10%,4%,13%,11%,6%,12%,9%,5%
Latitia [la-TEE-shah] James,Very unfavorable,14%,17%,10%,6%,13%,16%,17%,22%,5%,7%,9%,22%,6%,14%,13%,6%,15%,10%,15%,28%,2%,42%,14%,3%,46%,19%,6%,48%,21%,4%
Latitia [la-TEE-shah] James,[VOL] Have not heard of,12%,11%,13%,27%,10%,11%,7%,8%,10%,21%,16%,8%,15%,7%,16%,12%,9%,8%,14%,21%,9%,13%,37%,10%,13%,14%,10%,10%,21%,8%
Latitia [la-TEE-shah] James,[VOL] Don't know/Refused,12%,12%,12%,12%,14%,10%,10%,8%,11%,18%,15%,8%,15%,9%,14%,19%,10%,14%,12%,9%,11%,16%,10%,11%,16%,13%,12%,17%,11%,11%
Latitia [la-TEE-shah] James,NET Favorable,55%,52%,59%,49%,56%,55%,58%,52%,71%,48%,54%,52%,59%,62%,50%,56%,60%,62%,52%,30%,74%,16%,30%,72%,11%,43%,67%,14%,39%,72%
Latitia [la-TEE-shah] James,NET Unfavorable,21%,26%,16%,11%,20%,24%,25%,32%,8%,14%,15%,32%,12%,22%,20%,13%,21%,17%,22%,41%,6%,56%,23%,7%,59%,30%,12%,60%,30%,8%
Latitia [la-TEE-shah] James,Number of respondents,728,333,380,121,223,227,124,275,163,149,106,275,418,403,315,110,230,155,185,48,481,202,45,404,86,187,476,79,173,453
The economy,Democratic elected officials in New York City,59%,54%,62%,62%,56%,55%,64%,53%,78%,49%,59%,53%,64%,66%,52%,68%,62%,63%,55%,24%,84%,6%,21%,82%,3%,35%,73%,10%,35%,79%
The economy,Republican elected officials in New York City,32%,36%,29%,32%,36%,33%,28%,39%,14%,38%,30%,39%,26%,27%,37%,22%,29%,26%,35%,70%,9%,86%,42%,11%,93%,52%,18%,86%,53%,15%
The economy,[VOL] Don’t know/Refused,9%,10%,9%,6%,8%,11%,8%,7%,7%,13%,12%,7%,10%,7%,11%,10%,9%,10%,10%,6%,7%,9%,37%,7%,3%,13%,10%,4%,12%,6%
The economy,MARGIN Democratic officials +27 Calculated using candidates’ unrounded vote shares,MARGIN Democratic officials +27 Calculated using candidates’ unrounded vote shares,MARGIN Democratic officials +27 Calculated using candidates’ unrounded vote shares,MARGIN Democratic officials +27 Calculated using candidates’ unrounded vote shares,MARGIN Democratic officials +27 Calculated using candidates’ unrounded vote shares,MARGIN Democratic officials +27 Calculated using candidates’ unrounded vote shares,MARGIN Democratic officials +27 Calculated using candidates’ unrounded vote shares,MARGIN Democratic officials +27 Calculated using candidates’ unrounded vote shares,MARGIN Democratic officials +27 Calculated using candidates’ unrounded vote shares,MARGIN Democratic officials +27 Calculated using candidates’ unrounded vote shares,MARGIN Democratic officials +27 Calculated using candidates’ unrounded vote shares,MARGIN Democratic officials +27 Calculated using candidates’ unrounded vote shares,MARGIN Democratic officials +27 Calculated using candidates’ unrounded vote shares,MARGIN Democratic officials +27 Calculated using candidates’ unrounded vote shares,MARGIN Democratic officials +27 Calculated using candidates’ unrounded vote shares,MARGIN Democratic officials +27 Calculated using candidates’ unrounded vote shares,MARGIN Democratic officials +27 Calculated using candidates’ unrounded vote shares,MARGIN Democratic officials +27 Calculated using candidates’ unrounded vote shares,MARGIN Democratic officials +27 Calculated using candidates’ unrounded vote shares,MARGIN Democratic officials +27 Calculated using candidates’ unrounded vote shares,MARGIN Democratic officials +27 Calculated using candidates’ unrounded vote shares,MARGIN Democratic officials +27 Calculated using candidates’ unrounded vote shares,MARGIN Democratic officials +27 Calculated using candidates’ unrounded vote shares,MARGIN Democratic officials +27 Calculated using candidates’ unrounded vote shares,MARGIN Democratic officials +27 Calculated using candidates’ unrounded vote shares,MARGIN Democratic officials +27 Calculated using candidates’ unrounded vote shares,MARGIN Democratic officials +27 Calculated using candidates’ unrounded vote shares,MARGIN Democratic officials +27 Calculated using candidates’ unrounded vote shares,MARGIN Democratic officials +27 Calculated using candidates’ unrounded vote shares,MARGIN Democratic officials +27 Calculated using candidates’ unrounded vote shares,MARGIN Democratic officials +27 Calculated using candidates’ unrounded vote shares
Crime,Democratic elected officials in New York City,51%,48%,54%,58%,48%,48%,55%,46%,69%,48%,46%,46%,56%,55%,48%,63%,53%,61%,41%,22%,73%,5%,23%,72%,2%,29%,64%,8%,28%,69%
Crime,Republican elected officials in New York City,37%,43%,32%,35%,43%,37%,32%,45%,16%,39%,42%,45%,30%,34%,40%,24%,36%,29%,43%,68%,16%,86%,44%,18%,90%,55%,24%,86%,55%,21%
Crime,[VOL] Don’t know/Refused,12%,9%,14%,7%,9%,15%,13%,10%,15%,13%,12%,10%,14%,11%,12%,13%,10%,10%,16%,10%,11%,9%,33%,9%,8%,17%,12%,5%,17%,10%
Crime,MARGIN Democratic officials +14 Calculated using candidates’ unrounded vote shares,MARGIN Democratic officials +14 Calculated using candidates’ unrounded vote shares,MARGIN Democratic officials +14 Calculated using candidates’ unrounded vote shares,MARGIN Democratic officials +14 Calculated using candidates’ unrounded vote shares,MARGIN Democratic officials +14 Calculated using candidates’ unrounded vote shares,MARGIN Democratic officials +14 Calculated using candidates’ unrounded vote shares,MARGIN Democratic officials +14 Calculated using candidates’ unrounded vote shares,MARGIN Democratic officials +14 Calculated using candidates’ unrounded vote shares,MARGIN Democratic officials +14 Calculated using candidates’ unrounded vote shares,MARGIN Democratic officials +14 Calculated using candidates’ unrounded vote shares,MARGIN Democratic officials +14 Calculated using candidates’ unrounded vote shares,MARGIN Democratic officials +14 Calculated using candidates’ unrounded vote shares,MARGIN Democratic officials +14 Calculated using candidates’ unrounded vote shares,MARGIN Democratic officials +14 Calculated using candidates’ unrounded vote shares,MARGIN Democratic officials +14 Calculated using candidates’ unrounded vote shares,MARGIN Democratic officials +14 Calculated using candidates’ unrounded vote shares,MARGIN Democratic officials +14 Calculated using candidates’ unrounded vote shares,MARGIN Democratic officials +14 Calculated using candidates’ unrounded vote shares,MARGIN Democratic officials +14 Calculated using candidates’ unrounded vote shares,MARGIN Democratic officials +14 Calculated using candidates’ unrounded vote shares,MARGIN Democratic officials +14 Calculated using candidates’ unrounded vote shares,MARGIN Democratic officials +14 Calculated using candidates’ unrounded vote shares,MARGIN Democratic officials +14 Calculated using candidates’ unrounded vote shares,MARGIN Democratic officials +14 Calculated using candidates’ unrounded vote shares,MARGIN Democratic officials +14 Calculated using candidates’ unrounded vote shares,MARGIN Democratic officials +14 Calculated using candidates’ unrounded vote shares,MARGIN Democratic officials +14 Calculated using candidates’ unrounded vote shares,MARGIN Democratic officials +14 Calculated using candidates’ unrounded vote shares,MARGIN Democratic officials +14 Calculated using candidates’ unrounded vote shares,MARGIN Democratic officials +14 Calculated using candidates’ unrounded vote shares,MARGIN Democratic officials +14 Calculated using candidates’ unrounded vote shares
Immigration,Democratic elected officials in New York City,54%,49%,59%,59%,51%,53%,57%,49%,65%,51%,59%,49%,59%,64%,45%,63%,54%,65%,51%,17%,77%,4%,28%,76%,4%,31%,65%,10%,38%,72%
Immigration,Republican elected officials in New York City,34%,41%,29%,35%,39%,34%,33%,43%,20%,36%,30%,43%,28%,29%,40%,25%,34%,23%,38%,74%,14%,85%,35%,16%,89%,52%,23%,80%,49%,20%
Immigration,[VOL] Don’t know/Refused,12%,10%,13%,6%,10%,12%,10%,8%,15%,13%,11%,8%,13%,7%,15%,12%,13%,12%,11%,9%,9%,11%,38%,9%,7%,17%,12%,10%,13%,8%
Immigration,MARGIN Democratic officials +20 Calculated using candidates’ unrounded vote shares,MARGIN Democratic officials +20 Calculated using candidates’ unrounded vote shares,MARGIN Democratic officials +20 Calculated using candidates’ unrounded vote shares,MARGIN Democratic officials +20 Calculated using candidates’ unrounded vote shares,MARGIN Democratic officials +20 Calculated using candidates’ unrounded vote shares,MARGIN Democratic officials +20 Calculated using candidates’ unrounded vote shares,MARGIN Democratic officials +20 Calculated using candidates’ unrounded vote shares,MARGIN Democratic officials +20 Calculated using candidates’ unrounded vote shares,MARGIN Democratic officials +20 Calculated using candidates’ unrounded vote shares,MARGIN Democratic officials +20 Calculated using candidates’ unrounded vote shares,MARGIN Democratic officials +20 Calculated using candidates’ unrounded vote shares,MARGIN Democratic officials +20 Calculated using candidates’ unrounded vote shares,MARGIN Democratic officials +20 Calculated using candidates’ unrounded vote shares,MARGIN Democratic officials +20 Calculated using candidates’ unrounded vote shares,MARGIN Democratic officials +20 Calculated using candidates’ unrounded vote shares,MARGIN Democratic officials +20 Calculated using candidates’ unrounded vote shares,MARGIN Democratic officials +20 Calculated using candidates’ unrounded vote shares,MARGIN Democratic officials +20 Calculated using candidates’ unrounded vote shares,MARGIN Democratic officials +20 Calculated using candidates’ unrounded vote shares,MARGIN Democratic officials +20 Calculated using candidates’ unrounded vote shares,MARGIN Democratic officials +20 Calculated using candidates’ unrounded vote shares,MARGIN Democratic officials +20 Calculated using candidates’ unrounded vote shares,MARGIN Democratic officials +20 Calculated using candidates’ unrounded vote shares,MARGIN Democratic officials +20 Calculated using candidates’ unrounded vote shares,MARGIN Democratic officials +20 Calculated using candidates’ unrounded vote shares,MARGIN Democratic officials +20 Calculated using candidates’ unrounded vote shares,MARGIN Democratic officials +20 Calculated using candidates’ unrounded vote shares,MARGIN Democratic officials +20 Calculated using candidates’ unrounded vote shares,MARGIN Democratic officials +20 Calculated using candidates’ unrounded vote shares,MARGIN Democratic officials +20 Calculated using candidates’ unrounded vote shares,MARGIN Democratic officials +20 Calculated using candidates’ unrounded vote shares
Taxes,Democratic elected officials in New York City,61%,55%,65%,71%,56%,57%,65%,54%,78%,59%,62%,54%,68%,65%,57%,71%,61%,63%,61%,30%,84%,11%,32%,84%,10%,36%,75%,11%,37%,79%
Taxes,Republican elected officials in New York City,29%,35%,24%,23%,32%,33%,23%,36%,12%,31%,28%,36%,22%,26%,31%,17%,27%,26%,30%,63%,8%,76%,42%,10%,81%,47%,15%,81%,48%,14%
Taxes,[VOL] Don’t know/Refused,11%,10%,11%,5%,12%,10%,11%,11%,11%,10%,10%,11%,10%,9%,12%,12%,12%,10%,9%,7%,8%,14%,26%,6%,9%,17%,10%,8%,14%,7%
Taxes,MARGIN Democratic officials +32 Calculated using candidates’ unrounded vote shares,MARGIN Democratic officials +32 Calculated using candidates’ unrounded vote shares,MARGIN Democratic officials +32 Calculated using candidates’ unrounded vote shares,MARGIN Democratic officials +32 Calculated using candidates’ unrounded vote shares,MARGIN Democratic officials +32 Calculated using candidates’ unrounded vote shares,MARGIN Democratic officials +32 Calculated using candidates’ unrounded vote shares,MARGIN Democratic officials +32 Calculated using candidates’ unrounded vote shares,MARGIN Democratic officials +32 Calculated using candidates’ unrounded vote shares,MARGIN Democratic officials +32 Calculated using candidates’ unrounded vote shares,MARGIN Democratic officials +32 Calculated using candidates’ unrounded vote shares,MARGIN Democratic officials +32 Calculated using candidates’ unrounded vote shares,MARGIN Democratic officials +32 Calculated using candidates’ unrounded vote shares,MARGIN Democratic officials +32 Calculated using candidates’ unrounded vote shares,MARGIN Democratic officials +32 Calculated using candidates’ unrounded vote shares,MARGIN Democratic officials +32 Calculated using candidates’ unrounded vote shares,MARGIN Democratic officials +32 Calculated using candidates’ unrounded vote shares,MARGIN Democratic officials +32 Calculated using candidates’ unrounded vote shares,MARGIN Democratic officials +32 Calculated using candidates’ unrounded vote shares,MARGIN Democratic officials +32 Calculated using candidates’ unrounded vote shares,MARGIN Democratic officials +32 Calculated using candidates’ unrounded vote shares,MARGIN Democratic officials +32 Calculated using candidates’ unrounded vote shares,MARGIN Democratic officials +32 Calculated using candidates’ unrounded vote shares,MARGIN Democratic officials +32 Calculated using candidates’ unrounded vote shares,MARGIN Democratic officials +32 Calculated using candidates’ unrounded vote shares,MARGIN Democratic officials +32 Calculated using candidates’ unrounded vote shares,MARGIN Democratic officials +32 Calculated using candidates’ unrounded vote shares,MARGIN Democratic officials +32 Calculated using candidates’ unrounded vote shares,MARGIN Democratic officials +32 Calculated using candidates’ unrounded vote shares,MARGIN Democratic officials +32 Calculated using candidates’ unrounded vote shares,MARGIN Democratic officials +32 Calculated using candidates’ unrounded vote shares,MARGIN Democratic officials +32 Calculated using candidates’ unrounded vote shares
What do you think is the MOST important problem facing New York City today?,[VOL] Crime,24%,24%,24%,20%,25%,25%,21%,21%,19%,37%,26%,21%,27%,23%,25%,35%,22%,21%,24%,28%,17%,41%,26%,20%,33%,30%,20%,42%,30%,20%
What do you think is the MOST important problem facing New York City today?,[VOL] Immigrants/immigration,18%,17%,20%,10%,14%,23%,23%,19%,18%,19%,17%,19%,18%,14%,22%,16%,20%,9%,21%,38%,12%,33%,19%,14%,40%,21%,16%,37%,17%,13%
What do you think is the MOST important problem facing New York City today?,[VOL] Cost of living/poverty,16%,15%,16%,18%,18%,13%,15%,16%,16%,11%,17%,16%,15%,16%,16%,17%,18%,15%,13%,19%,18%,10%,19%,15%,8%,20%,16%,8%,20%,16%
What do you think is the MOST important problem facing New York City today?,[VOL] Housing/rent prices,15%,17%,13%,18%,17%,14%,13%,16%,16%,15%,11%,16%,14%,19%,11%,10%,17%,23%,11%,2%,20%,2%,14%,18%,2%,12%,18%,5%,8%,19%
What do you think is the MOST important problem facing New York City today?,[VOL] Homelessness,5%,5%,6%,9%,4%,5%,5%,5%,8%,3%,7%,5%,6%,5%,5%,6%,4%,6%,5%,5%,7%,3%,2%,7%,4%,4%,6%,0%,8%,7%
What do you think is the MOST important problem facing New York City today?,[VOL] Transportation/infrastructure,4%,3%,4%,6%,3%,2%,6%,7%,2%,2%,<1%,7%,1%,4%,3%,3%,3%,8%,3%,1%,5%,<1%,<1%,6%,1%,<1%,4%,0%,3%,5%
What do you think is the MOST important problem facing New York City today?,[VOL] Corruption/poor governance,2%,2%,2%,1%,2%,1%,5%,3%,2%,<1%,4%,3%,2%,4%,1%,0%,2%,4%,4%,0%,3%,<1%,<.5%,2%,<.5%,3%,2%,<.5%,3%,3%
What do you think is the MOST important problem facing New York City today?,[VOL] Don't know/refused,2%,3%,1%,3%,2%,3%,3%,2%,2%,3%,4%,2%,2%,2%,2%,0%,1%,4%,4%,1%,3%,1%,1%,3%,<1%,<.5%,3%,2%,1%,2%
What do you think is the MOST important problem facing New York City today?,[VOL] Health care/mental health care,2%,1%,3%,1%,3%,3%,2%,2%,4%,2%,1%,2%,3%,2%,3%,3%,2%,1%,4%,0%,3%,<.5%,2%,3%,0%,<.5%,3%,0%,<1%,3%
What do you think is the MOST important problem facing New York City today?,[VOL] Policing/justice system,2%,2%,2%,4%,2%,2%,2%,2%,2%,1%,5%,2%,2%,2%,2%,2%,2%,4%,2%,0%,3%,<.5%,0%,3%,<1%,1%,3%,<1%,<1%,3%
What do you think is the MOST important problem facing New York City today?,[VOL] Jobs/wages,2%,<1%,3%,0%,1%,3%,2%,<1%,5%,2%,1%,<1%,3%,1%,3%,2%,2%,0%,4%,0%,2%,<1%,8%,3%,2%,<1%,2%,2%,<1%,1%
What do you think is the MOST important problem facing New York City today?,[VOL] Taxes,2%,3%,<1%,3%,2%,2%,0%,1%,1%,2%,2%,1%,2%,<1%,2%,2%,<.5%,2%,2%,3%,2%,<.5%,3%,1%,1%,3%,2%,0%,2%,1%
What do you think is the MOST important problem facing New York City today?,[VOL] City services/spending/social programs,<1%,<1%,<1%,2%,<1%,1%,0%,1%,0%,1%,1%,1%,<1%,1%,<1%,0%,2%,<.5%,<1%,2%,1%,0%,<1%,1%,0%,<.5%,1%,0%,<.5%,<1%
What do you think is the MOST important problem facing New York City today?,[VOL] Education/schools,<1%,1%,<.5%,2%,2%,<.5%,0%,1%,1%,0%,0%,1%,<.5%,1%,<.5%,0%,<1%,<.5%,2%,0%,<1%,<.5%,0%,1%,0%,<.5%,<1%,0%,<1%,<1%
What do you think is the MOST important problem facing New York City today?,[VOL] Cleanliness,<1%,<1%,<1%,<.5%,2%,<.5%,<.5%,1%,<.5%,0%,0%,1%,<.5%,<1%,<1%,<1%,1%,0%,<1%,0%,<1%,<1%,0%,<.5%,0%,2%,<1%,0%,<1%,<1%
What do you think is the MOST important problem facing New York City today?,[VOL] Other (specify),3%,5%,3%,2%,3%,4%,2%,4%,4%,2%,4%,4%,3%,4%,3%,4%,4%,3%,3%,0%,3%,5%,3%,3%,7%,2%,3%,4%,3%,3%
What do you think is the MOST important problem facing New York City today?,Number of respondents,728,333,380,121,223,227,124,275,163,149,106,275,418,403,315,110,230,155,185,48,481,202,45,404,86,187,476,79,173,453
"Which statement comes closer to your view, even if neither is exactly right?",Immigrants today strengthen our country because of their hard work and talents,61%,62%,60%,76%,66%,54%,56%,62%,60%,57%,72%,62%,62%,74%,49%,61%,57%,75%,60%,35%,79%,22%,35%,75%,19%,53%,68%,21%,57%,76%
"Which statement comes closer to your view, even if neither is exactly right?","Immigrants today are a burden on our country because they take our jobs, housing and health care",28%,26%,30%,14%,27%,32%,36%,30%,27%,33%,15%,30%,26%,17%,39%,25%,31%,15%,32%,51%,13%,61%,46%,17%,67%,33%,22%,60%,31%,17%
"Which statement comes closer to your view, even if neither is exactly right?",[VOL] Don’t know/Refused,11%,12%,10%,11%,8%,15%,8%,7%,12%,10%,13%,7%,12%,9%,12%,14%,12%,11%,8%,14%,8%,17%,20%,8%,14%,14%,10%,19%,12%,8%
"Which statement comes closer to your view, even if neither is exactly right?",Number of respondents,728,333,380,121,223,227,124,275,163,149,106,275,418,403,315,110,230,155,185,48,481,202,45,404,86,187,476,79,173,453
"Which comes closest to your view about crime in New York City, even if none are exactly right?",Crime in New York City has gotten out of control,43%,39%,46%,38%,40%,45%,48%,42%,35%,61%,35%,42%,44%,32%,54%,52%,40%,35%,42%,69%,26%,81%,59%,31%,78%,52%,35%,85%,47%,31%
"Which comes closest to your view about crime in New York City, even if none are exactly right?","Crime is a major problem in New York City, but it’s not out of control",43%,46%,41%,52%,45%,42%,36%,40%,51%,34%,54%,40%,46%,51%,36%,36%,48%,44%,46%,25%,55%,16%,38%,52%,18%,39%,49%,11%,41%,52%
"Which comes closest to your view about crime in New York City, even if none are exactly right?",Crime is not a major problem in New York City,12%,14%,12%,9%,14%,12%,14%,18%,12%,4%,10%,18%,9%,17%,9%,11%,11%,19%,11%,6%,18%,1%,3%,15%,2%,10%,14%,3%,11%,16%
"Which comes closest to your view about crime in New York City, even if none are exactly right?",[VOL] Don't know/Refused,1%,1%,<1%,0%,1%,<1%,3%,<.5%,1%,1%,1%,<.5%,1%,<1%,1%,<1%,1%,2%,2%,0%,1%,2%,0%,<1%,2%,0%,1%,2%,1%,<1%
"Which comes closest to your view about crime in New York City, even if none are exactly right?",Number of respondents,728,333,380,121,223,227,124,275,163,149,106,275,418,403,315,110,230,155,185,48,481,202,45,404,86,187,476,79,173,453
"Looking back over the past 20 years or so, do you think that migrants resettling in New York has been more of a benefit, or more of a burden to the city?",Benefit,47%,53%,43%,52%,49%,43%,46%,53%,44%,34%,60%,53%,44%,55%,40%,43%,48%,57%,45%,25%,62%,17%,21%,58%,15%,37%,53%,13%,44%,59%
"Looking back over the past 20 years or so, do you think that migrants resettling in New York has been more of a benefit, or more of a burden to the city?",Burden,39%,35%,42%,35%,38%,40%,41%,34%,38%,57%,25%,34%,41%,33%,45%,42%,37%,30%,41%,58%,27%,63%,50%,32%,65%,43%,34%,66%,41%,31%
"Looking back over the past 20 years or so, do you think that migrants resettling in New York has been more of a benefit, or more of a burden to the city?",[VOL] Mixed,7%,8%,7%,7%,7%,9%,6%,8%,8%,6%,6%,8%,6%,6%,8%,7%,8%,5%,8%,12%,5%,11%,14%,4%,10%,15%,6%,11%,11%,5%
"Looking back over the past 20 years or so, do you think that migrants resettling in New York has been more of a benefit, or more of a burden to the city?",[VOL] Don't know/Refused,7%,5%,8%,6%,6%,8%,6%,4%,11%,3%,10%,4%,8%,6%,7%,8%,7%,8%,6%,5%,6%,8%,15%,6%,10%,5%,7%,11%,4%,5%
"Looking back over the past 20 years or so, do you think that migrants resettling in New York has been more of a benefit, or more of a burden to the city?",Number of respondents,728,333,380,121,223,227,124,275,163,149,106,275,418,403,315,110,230,155,185,48,481,202,45,404,86,187,476,79,173,453
"How much, if anything, have you read or heard about Eric Adams’s federal indictment [in-DI-tment]?",A lot,37%,40%,36%,34%,36%,37%,41%,44%,35%,27%,35%,44%,32%,44%,32%,35%,39%,43%,30%,44%,40%,32%,33%,40%,19%,40%,41%,33%,28%,41%
"How much, if anything, have you read or heard about Eric Adams’s federal indictment [in-DI-tment]?",Some,37%,36%,38%,34%,47%,34%,33%,41%,33%,34%,37%,41%,34%,39%,36%,24%,43%,35%,41%,26%,38%,37%,29%,36%,48%,36%,36%,39%,39%,37%
"How much, if anything, have you read or heard about Eric Adams’s federal indictment [in-DI-tment]?",Not much,17%,15%,19%,20%,12%,21%,15%,10%,21%,26%,23%,10%,23%,12%,22%,29%,9%,15%,22%,15%,15%,23%,18%,16%,24%,19%,15%,17%,26%,15%
"How much, if anything, have you read or heard about Eric Adams’s federal indictment [in-DI-tment]?",Nothing at all,6%,7%,6%,11%,5%,6%,6%,4%,8%,11%,4%,4%,8%,5%,8%,7%,7%,4%,5%,14%,5%,6%,19%,6%,3%,5%,6%,6%,7%,5%
"How much, if anything, have you read or heard about Eric Adams’s federal indictment [in-DI-tment]?",[VOL] Don't know/Refused,2%,1%,2%,0%,<.5%,3%,5%,1%,4%,2%,1%,1%,2%,<1%,3%,5%,1%,2%,2%,1%,2%,3%,<1%,2%,6%,<.5%,2%,5%,<1%,1%
"How much, if anything, have you read or heard about Eric Adams’s federal indictment [in-DI-tment]?",NET A lot/Some,74%,76%,74%,69%,83%,71%,74%,85%,67%,61%,72%,85%,66%,82%,67%,59%,82%,78%,71%,71%,78%,69%,62%,76%,67%,75%,77%,72%,67%,79%
"How much, if anything, have you read or heard about Eric Adams’s federal indictment [in-DI-tment]?",NET Not much/Nothing,23%,22%,24%,31%,17%,26%,21%,14%,29%,37%,27%,14%,31%,17%,30%,36%,16%,19%,27%,28%,20%,28%,38%,22%,27%,24%,21%,23%,33%,20%
"How much, if anything, have you read or heard about Eric Adams’s federal indictment [in-DI-tment]?",Number of respondents,728,333,380,121,223,227,124,275,163,149,106,275,418,403,315,110,230,155,185,48,481,202,45,404,86,187,476,79,173,453
"As you may know, Eric Adams has been charged with bribery, conspiracy and wire fraud. Which statement comes closest to your view?",He has done something illegal,54%,52%,55%,77%,65%,46%,45%,64%,36%,53%,58%,64%,47%,63%,46%,40%,52%,61%,50%,74%,58%,44%,46%,56%,40%,57%,56%,43%,49%,58%
"As you may know, Eric Adams has been charged with bribery, conspiracy and wire fraud. Which statement comes closest to your view?","He has done something unethical, but not illegal",24%,26%,23%,11%,19%,29%,32%,22%,26%,28%,23%,22%,26%,21%,28%,27%,24%,21%,29%,13%,22%,28%,25%,23%,35%,22%,22%,30%,30%,23%
"As you may know, Eric Adams has been charged with bribery, conspiracy and wire fraud. Which statement comes closest to your view?",He has done nothing wrong,6%,8%,5%,4%,4%,9%,4%,3%,10%,9%,3%,3%,8%,3%,9%,13%,5%,4%,6%,4%,4%,9%,9%,6%,5%,6%,7%,3%,3%,4%
"As you may know, Eric Adams has been charged with bribery, conspiracy and wire fraud. Which statement comes closest to your view?",[VOL] Don't know/Refused,16%,15%,17%,8%,12%,16%,19%,11%,27%,10%,16%,11%,18%,14%,17%,21%,18%,14%,16%,9%,15%,19%,21%,15%,20%,15%,15%,24%,18%,14%
"As you may know, Eric Adams has been charged with bribery, conspiracy and wire fraud. Which statement comes closest to your view?",Number of respondents,728,333,380,121,223,227,124,275,163,149,106,275,418,403,315,110,230,155,185,48,481,202,45,404,86,187,476,79,173,453
"Do you think that the mayor of New York City, Eric Adams, should resign or serve out the rest of his term?",Resign as mayor,53%,51%,55%,79%,65%,41%,46%,61%,38%,54%,56%,61%,48%,61%,46%,47%,54%,62%,46%,58%,59%,41%,38%,55%,45%,55%,53%,40%,60%,59%
"Do you think that the mayor of New York City, Eric Adams, should resign or serve out the rest of his term?",Serve out his term,41%,42%,40%,19%,29%,55%,43%,34%,56%,37%,37%,34%,45%,34%,47%,48%,42%,28%,47%,37%,36%,50%,48%,40%,45%,39%,40%,53%,34%,37%
"Do you think that the mayor of New York City, Eric Adams, should resign or serve out the rest of his term?",[VOL] Don't know/Refused,7%,7%,6%,2%,6%,5%,12%,5%,6%,9%,6%,5%,7%,5%,7%,5%,4%,10%,8%,6%,5%,9%,14%,5%,10%,6%,7%,7%,5%,4%
"Do you think that the mayor of New York City, Eric Adams, should resign or serve out the rest of his term?",Number of respondents,728,333,380,121,223,227,124,275,163,149,106,275,418,403,315,110,230,155,185,48,481,202,45,404,86,187,476,79,173,453
"If Eric Adams does not resign as mayor, should he be removed by New York Governor Kathy Hochul [ho-kull] or should he not be removed?",Should be removed,46%,45%,48%,73%,49%,40%,39%,47%,36%,57%,49%,47%,47%,50%,44%,47%,38%,56%,45%,53%,51%,35%,41%,49%,40%,45%,47%,33%,50%,51%
"If Eric Adams does not resign as mayor, should he be removed by New York Governor Kathy Hochul [ho-kull] or should he not be removed?",Should not be removed,43%,47%,41%,17%,40%,51%,47%,42%,52%,35%,40%,42%,43%,40%,47%,43%,51%,30%,46%,43%,39%,54%,43%,41%,47%,48%,42%,56%,42%,40%
"If Eric Adams does not resign as mayor, should he be removed by New York Governor Kathy Hochul [ho-kull] or should he not be removed?",[VOL] Don't know/Refused,10%,9%,11%,10%,11%,9%,14%,10%,12%,8%,10%,10%,10%,11%,9%,11%,11%,14%,8%,4%,10%,10%,16%,9%,13%,7%,11%,11%,8%,9%
"If Eric Adams does not resign as mayor, should he be removed by New York Governor Kathy Hochul [ho-kull] or should he not be removed?",Number of respondents,728,333,380,121,223,227,124,275,163,149,106,275,418,403,315,110,230,155,185,48,481,202,45,404,86,187,476,79,173,453
What single news source do you turn to most often?,"[VOL] National print or online news organizations, like The New York Times or The Wall Street Journal",20%,19%,21%,28%,24%,16%,20%,33%,6%,8%,28%,33%,12%,32%,8%,9%,20%,38%,14%,11%,26%,9%,5%,24%,8%,18%,22%,14%,16%,25%
What single news source do you turn to most often?,[VOL] Social media,16%,16%,16%,31%,20%,18%,4%,11%,18%,23%,19%,11%,20%,11%,21%,8%,16%,13%,19%,27%,12%,22%,28%,14%,21%,20%,15%,16%,21%,13%
What single news source do you turn to most often?,"[VOL] National television networks, like CBS, NBC or ABC",11%,7%,16%,5%,6%,17%,15%,6%,17%,18%,9%,6%,15%,9%,14%,23%,10%,7%,12%,9%,13%,9%,9%,13%,10%,11%,12%,6%,13%,13%
What single news source do you turn to most often?,[VOL] CNN,10%,12%,9%,6%,8%,11%,13%,9%,15%,11%,7%,9%,12%,10%,11%,13%,8%,7%,16%,4%,13%,5%,3%,14%,3%,5%,13%,2%,7%,14%
What single news source do you turn to most often?,"[VOL] Local broadcast news (includes non-talk, non-public local radio)",10%,9%,10%,6%,7%,9%,16%,5%,15%,13%,10%,5%,13%,7%,12%,11%,11%,8%,11%,4%,9%,8%,18%,10%,11%,7%,10%,11%,9%,9%
What single news source do you turn to most often?,[VOL] MSNBC,5%,4%,5%,<.5%,5%,4%,6%,3%,11%,1%,3%,3%,6%,5%,4%,10%,5%,3%,4%,0%,7%,<.5%,2%,7%,2%,2%,6%,2%,1%,7%
What single news source do you turn to most often?,[VOL] Fox News,4%,5%,3%,2%,4%,5%,5%,8%,<1%,<1%,<1%,8%,<1%,3%,5%,1%,4%,2%,3%,23%,<.5%,13%,3%,<1%,22%,3%,1%,22%,4%,<.5%
What single news source do you turn to most often?,"[VOL] International news sources (such as the BBC, Al Jazeera and The Guardian)",4%,4%,3%,2%,5%,2%,4%,2%,1%,9%,5%,2%,5%,2%,5%,8%,3%,4%,3%,0%,2%,5%,9%,2%,<1%,6%,4%,2%,3%,3%
What single news source do you turn to most often?,[VOL] Public Radio/NPR/PBS,3%,4%,2%,<1%,5%,4%,1%,4%,2%,3%,4%,4%,3%,5%,1%,<1%,4%,4%,3%,0%,4%,<.5%,0%,4%,<1%,2%,4%,<1%,<1%,4%
What single news source do you turn to most often?,"[VOL] Aggregation sites (such as Bing, Google, Yahoo News or Apple News)",2%,2%,2%,5%,4%,<.5%,<1%,2%,<1%,2%,2%,2%,1%,3%,1%,2%,2%,<1%,3%,<.5%,2%,2%,2%,2%,0%,3%,2%,0%,2%,2%
What single news source do you turn to most often?,[VOL] Newsmax,<1%,1%,<.5%,0%,0%,2%,1%,1%,<1%,0%,0%,1%,<.5%,<.5%,1%,<1%,<1%,<1%,0%,4%,0%,3%,0%,0%,4%,<1%,<.5%,3%,2%,0%
What single news source do you turn to most often?,[VOL] Liberal news sites (Such as Mother Jones and Occupy Democrats),<1%,<1%,<1%,0%,2%,<.5%,0%,<1%,1%,0%,0%,<1%,<1%,1%,0%,0%,1%,<1%,0%,0%,<1%,0%,0%,<1%,0%,<.5%,<1%,<1%,<.5%,<1%
What single news source do you turn to most often?,[VOL] Conservative news sites,<.5%,<.5%,0%,0%,0%,<1%,0%,<.5%,0%,<.5%,0%,<.5%,<.5%,<.5%,0%,0%,0%,<.5%,0%,1%,0%,<1%,0%,0%,<1%,<.5%,0%,<1%,<.5%,0%
What single news source do you turn to most often?,[VOL] Talk radio/conservative personality,<.5%,0%,<.5%,0%,<.5%,0%,0%,0%,<.5%,0%,0%,0%,<.5%,0%,<.5%,0%,<.5%,0%,0%,0%,0%,<.5%,0%,0%,<1%,0%,0%,<1%,0%,0%
What single news source do you turn to most often?,[VOL] Friends and family,<.5%,<.5%,0%,0%,<.5%,0%,0%,<.5%,0%,0%,0%,<.5%,0%,<.5%,0%,0%,<.5%,0%,0%,0%,0%,0%,<.5%,0%,0%,<.5%,<.5%,0%,0%,<.5%
What single news source do you turn to most often?,[VOL] Local print or online news organizations,0%,0%,0%,0%,0%,0%,0%,0%,0%,0%,0%,0%,0%,0%,0%,0%,0%,0%,0%,0%,0%,0%,0%,0%,0%,0%,0%,0%,0%,0%
What single news source do you turn to most often?,[VOL] Don't know/Refused,6%,7%,5%,4%,3%,6%,8%,5%,5%,3%,7%,5%,5%,5%,7%,5%,7%,6%,7%,5%,5%,7%,18%,4%,5%,10%,5%,8%,9%,4%
What single news source do you turn to most often?,[VOL] Other (includes no preference and the internet),6%,7%,5%,9%,6%,5%,7%,7%,6%,4%,6%,7%,5%,5%,6%,6%,7%,5%,5%,11%,5%,11%,2%,4%,6%,11%,5%,8%,11%,4%
What single news source do you turn to most often?,[VOL] Doesn’t consume news,1%,2%,1%,0%,2%,1%,0%,1%,1%,2%,0%,1%,1%,<1%,2%,3%,1%,1%,<1%,0%,<.5%,3%,2%,<.5%,5%,1%,1%,3%,<1%,<.5%
What single news source do you turn to most often?,Number of respondents,728,333,380,121,223,227,124,275,163,149,106,275,418,403,315,110,230,155,185,48,481,202,45,404,86,187,476,79,173,453
"And just a few more questions for demographic purposes...Do you consider yourself politically liberal, moderate or conservative?[FOLLOW UP: (If liberal or conservative) Is that very or somewhat?]",Very liberal,20%,16%,23%,37%,26%,13%,15%,25%,16%,18%,24%,25%,19%,28%,14%,13%,25%,34%,12%,8%,29%,4%,3%,29%,3%,9%,27%,<1%,7%,28%
"And just a few more questions for demographic purposes...Do you consider yourself politically liberal, moderate or conservative?[FOLLOW UP: (If liberal or conservative) Is that very or somewhat?]",Somewhat liberal,18%,20%,17%,21%,18%,22%,15%,18%,16%,26%,14%,18%,19%,21%,15%,19%,17%,21%,17%,17%,24%,7%,9%,24%,4%,15%,22%,2%,16%,23%
"And just a few more questions for demographic purposes...Do you consider yourself politically liberal, moderate or conservative?[FOLLOW UP: (If liberal or conservative) Is that very or somewhat?]",Moderate,36%,36%,36%,29%,32%,35%,41%,33%,38%,30%,44%,33%,37%,36%,35%,39%,29%,33%,44%,35%,34%,37%,46%,33%,31%,46%,34%,44%,38%,34%
"And just a few more questions for demographic purposes...Do you consider yourself politically liberal, moderate or conservative?[FOLLOW UP: (If liberal or conservative) Is that very or somewhat?]",Somewhat conservative,13%,13%,12%,5%,13%,16%,13%,15%,12%,11%,8%,15%,10%,8%,17%,10%,14%,6%,17%,18%,5%,30%,16%,6%,39%,17%,7%,31%,22%,7%
"And just a few more questions for demographic purposes...Do you consider yourself politically liberal, moderate or conservative?[FOLLOW UP: (If liberal or conservative) Is that very or somewhat?]",Very conservative,6%,8%,4%,5%,6%,7%,6%,5%,6%,12%,3%,5%,7%,2%,10%,11%,6%,1%,5%,14%,2%,15%,4%,4%,14%,6%,4%,14%,7%,3%
"And just a few more questions for demographic purposes...Do you consider yourself politically liberal, moderate or conservative?[FOLLOW UP: (If liberal or conservative) Is that very or somewhat?]",[VOL] Don't know/Refused,7%,6%,7%,3%,5%,8%,10%,5%,12%,3%,8%,5%,8%,3%,9%,9%,7%,5%,6%,8%,5%,7%,21%,4%,9%,8%,6%,8%,10%,4%
"And just a few more questions for demographic purposes...Do you consider yourself politically liberal, moderate or conservative?[FOLLOW UP: (If liberal or conservative) Is that very or somewhat?]",Number of respondents,728,333,380,121,223,227,124,275,163,149,106,275,418,403,315,110,230,155,185,48,481,202,45,404,86,187,476,79,173,453
Which of the following general income categories is your total household income before taxes?,"Under $25,000",13%,6%,19%,13%,10%,10%,19%,6%,19%,23%,11%,6%,19%,5%,21%,28%,10%,8%,14%,9%,11%,16%,17%,14%,16%,9%,13%,15%,14%,11%
Which of the following general income categories is your total household income before taxes?,"At least $25,000 but under $50,000",13%,8%,16%,12%,11%,13%,15%,9%,14%,19%,13%,9%,15%,8%,18%,19%,12%,12%,11%,8%,13%,10%,21%,12%,4%,17%,13%,11%,12%,13%
Which of the following general income categories is your total household income before taxes?,"At least $50,000 but under $100,000",27%,32%,25%,40%,25%,25%,29%,23%,32%,36%,23%,23%,32%,25%,30%,20%,32%,20%,32%,32%,30%,23%,24%,30%,25%,24%,31%,17%,22%,31%
Which of the following general income categories is your total household income before taxes?,"At least $100,000 but under $200,000",23%,25%,21%,20%,24%,33%,11%,26%,21%,14%,28%,26%,20%,28%,17%,18%,23%,21%,26%,19%,22%,25%,19%,21%,21%,24%,22%,26%,24%,21%
Which of the following general income categories is your total household income before taxes?,"$200,000 or more",14%,20%,10%,8%,26%,11%,11%,25%,4%,2%,18%,25%,6%,25%,3%,4%,13%,27%,10%,14%,15%,14%,7%,12%,20%,17%,12%,19%,20%,16%
Which of the following general income categories is your total household income before taxes?,[VOL] Refused,10%,9%,10%,7%,4%,8%,16%,11%,10%,6%,8%,11%,8%,9%,10%,11%,9%,11%,8%,18%,9%,12%,12%,9%,13%,9%,10%,12%,9%,8%
Which of the following general income categories is your total household income before taxes?,Number of respondents,728,333,380,121,223,227,124,275,163,149,106,275,418,403,315,110,230,155,185,48,481,202,45,404,86,187,476,79,173,453
"Do you consider yourself Catholic, Protestant, Mormon, Jewish, Muslim, some other religion, or do you have no religious affiliation?",Catholic,27%,30%,26%,16%,17%,34%,36%,24%,15%,57%,15%,24%,30%,23%,32%,35%,18%,21%,29%,61%,22%,36%,45%,24%,39%,29%,24%,44%,28%,23%
"Do you consider yourself Catholic, Protestant, Mormon, Jewish, Muslim, some other religion, or do you have no religious affiliation?",Protestant/Christian,22%,19%,25%,18%,16%,28%,22%,7%,55%,14%,16%,7%,32%,15%,28%,32%,28%,14%,19%,10%,23%,19%,19%,23%,23%,22%,22%,20%,23%,22%
"Do you consider yourself Catholic, Protestant, Mormon, Jewish, Muslim, some other religion, or do you have no religious affiliation?",Mormon/Latter-day Saints,<.5%,0%,<.5%,0%,0%,<1%,0%,0%,<1%,0%,0%,0%,<.5%,0%,<.5%,2%,0%,0%,0%,0%,<.5%,0%,0%,<.5%,0%,0%,<.5%,0%,0%,<.5%
"Do you consider yourself Catholic, Protestant, Mormon, Jewish, Muslim, some other religion, or do you have no religious affiliation?",Jewish,13%,13%,13%,14%,18%,7%,16%,30%,<.5%,0%,4%,30%,1%,17%,9%,3%,19%,20%,7%,4%,11%,21%,<1%,11%,21%,16%,13%,13%,11%,11%
"Do you consider yourself Catholic, Protestant, Mormon, Jewish, Muslim, some other religion, or do you have no religious affiliation?",Muslim,3%,3%,3%,1%,5%,2%,<1%,<.5%,3%,<1%,12%,<.5%,4%,3%,2%,4%,1%,1%,5%,0%,2%,5%,<.5%,2%,5%,3%,1%,1%,8%,3%
"Do you consider yourself Catholic, Protestant, Mormon, Jewish, Muslim, some other religion, or do you have no religious affiliation?",[VOL] Greek/Russian Orthodox,1%,<1%,1%,<1%,0%,1%,2%,3%,0%,0%,0%,3%,0%,2%,<.5%,0%,<1%,2%,1%,0%,1%,<1%,<1%,1%,0%,1%,<1%,1%,2%,2%
"Do you consider yourself Catholic, Protestant, Mormon, Jewish, Muslim, some other religion, or do you have no religious affiliation?",[VOL] Hindu,1%,1%,1%,<.5%,<1%,3%,0%,0%,0%,0%,9%,0%,2%,1%,1%,<.5%,<1%,<1%,3%,0%,<1%,<1%,4%,<1%,0%,<1%,1%,0%,1%,1%
"Do you consider yourself Catholic, Protestant, Mormon, Jewish, Muslim, some other religion, or do you have no religious affiliation?",[VOL] Buddhist,<1%,1%,<1%,2%,0%,<1%,2%,2%,0%,0%,3%,2%,<1%,<1%,1%,0%,<.5%,3%,<1%,0%,1%,0%,3%,2%,0%,0%,1%,0%,0%,1%
"Do you consider yourself Catholic, Protestant, Mormon, Jewish, Muslim, some other religion, or do you have no religious affiliation?",Some other religion (specify),1%,1%,<1%,3%,<1%,1%,<1%,1%,1%,1%,2%,1%,2%,2%,1%,<1%,2%,<.5%,2%,0%,1%,1%,3%,1%,2%,<1%,1%,2%,2%,1%
"Do you consider yourself Catholic, Protestant, Mormon, Jewish, Muslim, some other religion, or do you have no religious affiliation?",No religious affiliation,28%,29%,27%,43%,40%,20%,19%,30%,23%,26%,35%,30%,27%,34%,23%,21%,27%,33%,30%,20%,35%,13%,18%,33%,9%,24%,31%,13%,24%,33%
"Do you consider yourself Catholic, Protestant, Mormon, Jewish, Muslim, some other religion, or do you have no religious affiliation?",[VOL] Don't know/Refused,3%,2%,2%,<1%,3%,2%,2%,2%,1%,1%,4%,2%,2%,3%,2%,1%,3%,4%,2%,6%,2%,3%,5%,2%,2%,2%,3%,5%,1%,2%
"Do you consider yourself Catholic, Protestant, Mormon, Jewish, Muslim, some other religion, or do you have no religious affiliation?",Number of respondents,728,333,380,121,223,227,124,275,163,149,106,275,418,403,315,110,230,155,185,48,481,202,45,404,86,187,476,79,173,453
"(If Jewish)  Thinking about Jewish religious denominations, do you consider yourself to be Reform, Conservative, Orthodox, Reconstructionist, just Jewish, or something else?",Reform,27%,43%,13%,29%,36%,28%,17%,27%,0%,-,45%,27%,37%,39%,6%,26%,20%,44%,13%,0%,40%,10%,100%,27%,18%,31%,28%,30%,23%,37%
"(If Jewish)  Thinking about Jewish religious denominations, do you consider yourself to be Reform, Conservative, Orthodox, Reconstructionist, just Jewish, or something else?",Conservative,8%,5%,12%,3%,5%,22%,8%,8%,0%,-,22%,8%,19%,13%,0%,12%,5%,14%,0%,40%,12%,4%,0%,16%,0%,3%,9%,7%,8%,13%
"(If Jewish)  Thinking about Jewish religious denominations, do you consider yourself to be Reform, Conservative, Orthodox, Reconstructionist, just Jewish, or something else?",Orthodox,22%,21%,23%,33%,30%,29%,7%,21%,0%,-,32%,21%,27%,10%,43%,0%,43%,3%,17%,0%,2%,49%,0%,9%,53%,27%,21%,33%,20%,4%
"(If Jewish)  Thinking about Jewish religious denominations, do you consider yourself to be Reform, Conservative, Orthodox, Reconstructionist, just Jewish, or something else?",Reconstructionist,<1%,1%,0%,0%,2%,0%,0%,<1%,0%,-,0%,<1%,0%,0%,2%,0%,1%,0%,0%,0%,0%,1%,0%,0%,0%,2%,0%,0%,4%,0%
"(If Jewish)  Thinking about Jewish religious denominations, do you consider yourself to be Reform, Conservative, Orthodox, Reconstructionist, just Jewish, or something else?",Just Jewish,38%,21%,52%,20%,27%,21%,65%,40%,0%,-,0%,40%,0%,35%,43%,62%,30%,35%,61%,60%,43%,33%,0%,45%,29%,32%,39%,30%,41%,42%
"(If Jewish)  Thinking about Jewish religious denominations, do you consider yourself to be Reform, Conservative, Orthodox, Reconstructionist, just Jewish, or something else?","Something else, specify:",2%,5%,0%,5%,0%,0%,2%,2%,100%,-,0%,2%,17%,2%,2%,0%,2%,5%,0%,0%,4%,0%,0%,3%,0%,0%,2%,0%,4%,4%
"(If Jewish)  Thinking about Jewish religious denominations, do you consider yourself to be Reform, Conservative, Orthodox, Reconstructionist, just Jewish, or something else?",[VOL] Don't know/Refused,1%,3%,0%,9%,0%,0%,0%,1%,0%,-,0%,1%,0%,0%,3%,0%,0%,0%,9%,0%,0%,3%,0%,0%,0%,4%,2%,0%,0%,0%
"(If Jewish)  Thinking about Jewish religious denominations, do you consider yourself to be Reform, Conservative, Orthodox, Reconstructionist, just Jewish, or something else?",Number of respondents,87,43,42,15,35,15,19,79,1,,5,79,6,63,24,4,41,30,10,2,51,34,2,42,15,25,61,10,16,52
"(Without combination) (If Protestant, Christian, Mormon, Greek/Russian Orthodox or some other religion)  Do you consider yourself an evangelical or born-again Christian?",Yes,49%,47%,51%,27%,47%,56%,43%,19%,61%,78%,29%,19%,57%,40%,54%,60%,47%,41%,49%,59%,50%,52%,42%,50%,47%,55%,50%,41%,51%,49%
"(Without combination) (If Protestant, Christian, Mormon, Greek/Russian Orthodox or some other religion)  Do you consider yourself an evangelical or born-again Christian?",No,44%,46%,44%,63%,47%,39%,50%,75%,34%,16%,60%,75%,36%,53%,40%,37%,47%,56%,39%,41%,46%,37%,47%,46%,38%,42%,44%,52%,42%,47%
"(Without combination) (If Protestant, Christian, Mormon, Greek/Russian Orthodox or some other religion)  Do you consider yourself an evangelical or born-again Christian?",[VOL] Refused,6%,7%,5%,10%,6%,5%,7%,6%,6%,7%,11%,6%,7%,7%,6%,3%,6%,4%,12%,0%,4%,10%,12%,4%,15%,3%,6%,8%,7%,4%
"(Without combination) (If Protestant, Christian, Mormon, Greek/Russian Orthodox or some other religion)  Do you consider yourself an evangelical or born-again Christian?",Number of respondents,189,77,109,29,39,77,32,39,87,27,27,39,141,87,100,35,67,33,47,7,128,46,15,113,20,47,127,17,45,122
Would you be open to commenting on the issues in this survey and be interested in being contacted by a reporter?,Yes,33%,41%,27%,27%,39%,32%,32%,40%,30%,31%,25%,40%,29%,38%,28%,36%,32%,39%,30%,22%,36%,33%,8%,34%,28%,35%,35%,33%,26%,36%
Would you be open to commenting on the issues in this survey and be interested in being contacted by a reporter?,No,67%,59%,73%,73%,61%,68%,68%,60%,70%,69%,75%,60%,71%,62%,72%,64%,68%,61%,70%,78%,64%,67%,92%,66%,72%,65%,65%,67%,74%,64%
Would you be open to commenting on the issues in this survey and be interested in being contacted by a reporter?,Number of respondents,728,333,380,121,223,227,124,275,163,149,106,275,418,403,315,110,230,155,185,48,481,202,45,404,86,187,476,79,173,453
